AGE,CREDIT_SCORE,VEHICLE_VALUE,ENGINE_SIZE,MILEAGE_K,NCD_CAPPED,VEHICLE_AGE,LICENCEHELD_YEARS,UKRESIDENCY_YEARS,CLM_NUM_L5Y,DTI,NUMBER_OF_DRIVERS,OVERNIGHT_LOCATION,LICENCE_TYPE,MONTHOFINCEPTION,GROSSVEHICLEWEIGHT_K,AGE_SQUARED,AGE_X_NCD,LOG_VEHICLE_VALUE,EXPERIENCE_RATIO,NCD_RATE,AGE_raw,CREDIT_SCORE_raw,VEHICLE_VALUE_raw,ENGINE_SIZE_raw,MILEAGE_K_raw,NCD_CAPPED_raw,VEHICLE_AGE_raw,LICENCEHELD_YEARS_raw,UKRESIDENCY_YEARS_raw,CLM_NUM_L5Y_raw,DTI_raw,NUMBER_OF_DRIVERS_raw,OVERNIGHT_LOCATION_raw,LICENCE_TYPE_raw,MONTHOFINCEPTION_raw,GROSSVEHICLEWEIGHT_K_raw,AGE_SQUARED_raw,AGE_X_NCD_raw,LOG_VEHICLE_VALUE_raw,EXPERIENCE_RATIO_raw,NCD_RATE_raw
0.0015055966,-0.008732453,0.0007437418,0.0027233262,0.0067960504,-0.006655698,0.006682206,-0.008450767,0.001901383,0.008671284,-0.00073963916,-0.00081000774,0.0014037564,0.0021651469,0.005606544,-0.0009635503,0.0008491941,-0.002621104,-0.00057399913,0.0029051593,0.0038653074,0.00010968875,-7.1327326e-05,1.0374367e-07,0.0064768335,0.00077291403,-0.0019663034,0.0012568665,-0.0008889581,0.00012033572,0.012983476,-6.304823e-05,-0.0013120224,0.000851503,0.08510262,0.0039601815,-0.0013698447,6.5221184e-07,-1.3695613e-05,-0.000522261,0.002657261,0.009214221
-0.0015222825,-0.006839381,0.00093120296,0.0015905456,0.0025140424,-0.0036635306,0.0016777389,-0.0019713268,-0.004598734,0.0040632514,-2.9601302e-05,0.0008749183,0.0013971454,0.0035076512,0.003196218,-0.0009893759,-0.002053325,-0.00426176,-0.00048378538,0.0012446262,0.0016723116,-0.00011090439,-5.5864573e-05,1.2989241e-07,0.0037827636,0.00028592176,-0.0010823227,0.0003155685,-0.00020736898,-0.00029104706,0.006083889,-2.5232707e-06,0.0014171622,0.00084749283,0.13787068,0.0022576482,-0.00140656,-1.577028e-06,-2.2268257e-05,-0.0004401788,0.0011384218,0.0039864997
-0.0011791787,-0.00700651,0.0008774722,0.00041671374,0.0020497662,-0.004565348,0.0016514405,-0.0020947366,-0.0023279344,0.0043568546,-0.0008763112,0.0010135984,0.0007410464,0.003784932,0.0050105634,-0.0014392688,-0.0015260848,-0.004153029,-0.00078188156,0.0021445109,0.002049326,-8.59079e-05,-5.7229696e-05,1.2239758e-07,0.0009910621,0.00023311967,-0.001348748,0.000310622,-0.00022035078,-0.00014733152,0.0065234997,-7.4698415e-05,0.0016417915,0.00044951047,0.14876941,0.0035392107,-0.0020461564,-1.1720884e-06,-2.1700123e-05,-0.0007114057,0.001961519,0.0048852367
5.1822746e-05,-0.004958416,0.0003841054,0.0008823285,0.0054584593,-0.0052312706,0.0041399556,-0.0054470804,0.00042174174,0.005094721,-0.001964611,0.0024875787,-0.0013041836,0.0025420294,0.006392221,-0.002099541,0.000451755,-0.0037802928,-0.0014653588,0.0038330904,0.004356805,3.775495e-06,-4.050071e-05,5.3578415e-08,0.0020984246,0.00062078994,-0.0015454825,0.0007786907,-0.00057299255,2.669141e-05,0.0076283035,-0.00016746714,0.0040292935,-0.00079110323,0.09991625,0.0045151445,-0.0029848416,3.4696419e-07,-1.9752528e-05,-0.0013332769,0.0035060113,0.010385864
-0.0014797789,-0.0052869986,0.00136172,0.00027820186,0.0010487535,-0.004551769,0.0018723822,-0.00067634904,-0.002807462,0.0023897043,0.00096867804,0.0023124216,0.00040930754,0.0007499743,0.002670546,-0.0021342367,-0.0018036856,-0.004525755,-0.00079557113,0.0029547699,0.0014161539,-0.00010780783,-4.31846e-05,1.8994474e-07,0.00066164206,0.00011927461,-0.0013447363,0.00035217928,-7.114691e-05,-0.00017768011,0.003578094,8.257194e-05,0.00374558,0.00024828137,0.029478265,0.0018863399,-0.0030341672,-1.3852958e-06,-2.3647666e-05,-0.00072386133,0.0027026383,0.0033758644
-0.0013564399,-0.0037527706,-0.0005360032,-0.0007965303,0.004742872,-0.005768165,0.0028472533,-0.0055643916,7.5244345e-05,0.005430105,0.0010524992,-0.002269795,0.0007129017,0.0022734927,0.0028220112,-0.0017783579,-0.00041771005,-0.003903167,-0.0015307908,0.0018419694,0.003108813,-9.882209e-05,-3.0652907e-05,-7.476646e-08,-0.0018943724,0.00053940626,-0.0017040982,0.0005355443,-0.0005853328,4.762103e-06,0.008130473,8.971701e-05,-0.003676535,0.00043243822,0.08936123,0.0019933272,-0.0025282272,-3.2081644e-07,-2.0394562e-05,-0.0013928111,0.0016847935,0.007410869
-0.0025859734,-0.0054545403,0.0007053142,-0.00016503414,0.002714636,-0.003639935,0.0018112515,-0.002362518,-0.0023792451,0.004057836,-0.00091197866,2.3338624e-05,0.0032253647,0.00090156443,0.0018186275,-0.0015579481,-0.0026544514,-0.0027900995,-6.1000523e-05,-0.00082392665,0.000111968955,-0.00018839854,-4.455309e-05,9.838346e-08,-0.0003924975,0.00030873524,-0.0010753518,0.00034068112,-0.0002485194,-0.0001505789,0.00607578,-7.7738776e-05,3.7803093e-05,0.0019564703,0.035436623,0.0012845872,-0.0022148786,-2.0387147e-06,-1.4578637e-05,-5.5502165e-05,-0.0007536207,0.00026691452
0.0016243858,-0.0069540744,0.0027109808,0.0030712467,0.011034418,-0.009195298,0.0072925864,-0.0059781587,0.001526569,0.0074161943,-0.0005548288,0.003631404,0.00059299415,0.004750422,0.009409685,-0.0028556592,0.00078757503,-0.005738348,-0.00035274588,0.0018933266,0.0015034531,0.00011834303,-5.6801397e-05,3.7815155e-07,0.007304286,0.0012549431,-0.0027165816,0.0013716739,-0.00062885805,9.661429e-05,0.011104235,-4.7294652e-05,0.005882022,0.00035970364,0.18671867,0.0066465293,-0.0040597874,6.048861e-07,-2.9983623e-05,-0.0003209507,0.0017317684,0.0035839707
-0.0024723336,-0.0038485362,0.00020469181,-0.0005164654,0.0023537346,-0.0028206434,0.0024909116,-0.0014246377,-0.0040363763,0.0022445195,-0.00027701427,0.00087218045,0.0004444163,-0.0012280885,0.0014595757,-0.0018675276,-0.0033739,-0.0027235223,-0.0013195473,0.0026748823,0.002364108,-0.00018011943,-3.1435127e-05,2.8552222e-08,-0.0012282996,0.00026768996,-0.00083330716,0.00046851943,-0.00014986134,-0.00025545628,0.0033607094,-2.3613218e-05,0.0014127276,0.00026957798,-0.04827088,0.0010309711,-0.0026549965,-2.5912773e-06,-1.4230763e-05,-0.0012006082,0.0024466335,0.0056356224
-0.0023809886,-0.0050135916,0.00019072447,8.947682e-06,0.0010373673,-0.0029503223,0.0006335971,-0.0015202685,-0.0044174152,0.003633023,-0.00058343937,0.00073003897,0.0016778983,0.0016194871,0.0014683097,-0.001403151,-0.00270724,-0.0034580482,-0.0010554725,0.00134954,0.0011564149,-0.00017346458,-4.095139e-05,2.6603933e-08,2.1280097e-05,0.00011797966,-0.0008716184,0.00011917426,-0.000159921,-0.00027957166,0.0054397094,-4.973347e-05,0.0011824918,0.0010177944,0.06365508,0.0010371403,-0.0019948091,-2.0792584e-06,-1.8068757e-05,-0.0009603362,0.0012343832,0.0027566918
-0.0032766294,-0.0048093824,0.000119020435,-0.0009896553,0.0013075451,-0.0026900042,0.00025207893,-0.0018566585,-0.0032838844,0.0011475382,-0.000101949045,0.0003339462,0.0014891946,0.00051599834,0.001109358,-0.0018549911,-0.003296881,-0.0025804583,-0.0003670585,0.0003619493,0.0007832786,-0.0002387156,-3.9283394e-05,1.6602021e-08,-0.0023536778,0.00014870695,-0.0007947122,4.7413916e-05,-0.00019530673,-0.00020783217,0.001718204,-8.690328e-06,0.0005409145,0.0009033288,0.020281676,0.0007835949,-0.0026371737,-2.532124e-06,-1.3483234e-05,-0.00033397324,0.00033106402,0.0018671999
0.00070082303,-0.010155583,0.0033420417,0.004156739,0.007269127,-0.005744739,0.0034143692,-0.0059488453,0.0024711029,0.0032584853,0.0058690957,0.0038954378,-0.00088899443,0.0047868947,0.0067243427,-0.0053666397,0.0008149741,-0.005355566,0.0012959699,0.0035652686,0.0061159986,5.105777e-05,-8.2951556e-05,4.661775e-07,0.009885891,0.00082671695,-0.0016971773,0.000642214,-0.0006257745,0.00015639245,0.004878916,0.00050029275,0.006309695,-0.0005392541,0.18815225,0.0047497386,-0.007629558,6.259296e-07,-2.7983537e-05,0.001179156,0.003261043,0.014579477
-0.00082793785,-0.0072513763,0.0023425831,0.0018990468,0.004684298,-0.005507246,0.0018667006,-0.004343041,-0.0021668721,0.0062767654,-2.6622278e-05,0.0014844008,0.0007468475,0.0027046176,0.003950889,-0.0022223678,-0.00029110024,-0.0051967734,-0.0007153426,0.003192678,0.0033161186,-6.0318594e-05,-5.922978e-05,3.267642e-07,0.004516466,0.0005327446,-0.0016270145,0.00035111062,-0.00045685578,-0.00013713812,0.009398174,-2.269333e-06,0.0024043808,0.00045302935,0.10630689,0.00279071,-0.00315946,-2.2357551e-07,-2.7153827e-05,-0.00065086427,0.0029202458,0.00790505
-0.0019424238,-0.0037001322,-0.00027154468,0.00059109076,0.0059578083,-0.0046433196,0.0029226667,-0.0065152766,-0.00076670176,0.0036786534,-0.0011959387,0.0021338277,0.0023181355,0.0023398045,0.004556493,-0.0017335584,-0.0017671278,-0.0030104874,3.838126e-05,0.00028800836,-2.3038097e-05,-0.00014151336,-3.0222955e-05,-3.787745e-08,0.0014057796,0.0006775808,-0.0013717833,0.0005497289,-0.0006853589,-4.852342e-05,0.0055080317,-0.00010194407,0.0034563,0.0014061551,0.09196766,0.003218478,-0.0024645373,-1.3572181e-06,-1.5730193e-05,3.4921715e-05,0.0002634325,-5.4918815e-05
0.00084639946,-0.010237697,0.0027888804,0.0036434783,0.0064294804,-0.00708837,0.0021896493,-0.0074621895,0.0030199597,0.004395057,0.0053328606,0.0023268524,-0.0001039519,0.009152267,0.004132237,-0.0047347397,0.00052736304,-0.004697306,0.00089351065,0.002667033,0.0035632413,6.1663595e-05,-8.362227e-05,3.8901766e-07,0.008665213,0.0007312241,-0.0020941284,0.00041185453,-0.0007849671,0.00019112877,0.0065806997,0.0004545831,0.0037689547,-6.305606e-05,0.35973626,0.0029188048,-0.0067312084,4.050339e-07,-2.4544042e-05,0.00081297295,0.0024394542,0.008494147
-0.001032433,-0.0024546601,0.00023329418,0.0027567574,0.0038253504,-0.0057469215,0.0031204051,-0.0038846522,-0.0034425424,0.00552532,0.0035690996,-0.00026408955,0.003828554,0.002014007,0.00072803895,-0.001005964,-0.0008469983,-0.004092481,-0.0009500133,0.0006576766,-0.0012362831,-7.5216885e-05,-2.0049845e-05,3.2541934e-08,0.0065563424,0.00043505666,-0.0016978221,0.0005869219,-0.00040863664,-0.0002178734,0.008273037,0.00030423678,-0.0004277631,0.002322358,0.07916196,0.0005142502,-0.0014301427,-6.5052535e-07,-2.1383752e-05,-0.00086438266,0.0006015568,-0.002947084
-0.0008235355,-0.008257987,0.0026580344,0.0032429353,0.00697365,-0.005596179,0.0028875642,-0.004743645,-0.0021987048,0.0029820737,0.0009906655,-0.00013111375,0.001655214,0.0051003066,0.0032685264,-0.0025261599,-0.0031725129,-0.0027365643,0.0013711954,-0.0019398982,0.00016227172,-5.9997867e-05,-6.745185e-05,3.7076612e-07,0.0077126096,0.0007931124,-0.001653288,0.0005431264,-0.00049899635,-0.00013915276,0.004465046,8.44462e-05,-0.00021237349,0.0010040343,0.20047113,0.002308723,-0.0035913503,-2.4366047e-06,-1.4298908e-05,0.001247601,-0.001774366,0.00038682757
-0.0017771582,-0.0047345427,0.0004889614,0.0020581346,0.004390159,-0.0041019465,0.0018367148,-0.0050135287,-0.0038094693,0.0031248129,0.0006535585,0.0014552389,0.003059221,0.0032022216,0.0032583163,-0.0014520844,-0.0018626084,-0.0032877948,0.0013831815,-0.0008865638,-0.00085823494,-0.0001294731,-3.8672097e-05,6.8204656e-08,0.0048948214,0.0004992923,-0.0012118446,0.00034547053,-0.0005273861,-0.00024109567,0.0046787686,5.571056e-05,0.0023571455,0.0018556893,0.12586556,0.0023015114,-0.002064376,-1.4305506e-06,-1.717916e-05,0.0012585068,-0.000810913,-0.0020458829
-0.0019431171,-0.0051912647,0.0003778998,0.00080434605,0.00059248647,-0.0037310938,0.0011228109,-0.0011589152,-0.003551823,0.0023259954,0.001534065,0.00074881094,0.0016210584,0.0022051288,0.0018558381,-0.001620588,-0.0022501608,-0.0033437973,-0.00043021722,0.00082204456,-7.7939854e-05,-0.00014156388,-4.2402637e-05,5.27128e-08,0.0019129605,6.7383415e-05,-0.001102283,0.00021119125,-0.0001219093,-0.00022478962,0.003482703,0.0001307666,0.001212898,0.000983316,0.08667413,0.001310871,-0.0023039314,-1.7282049e-06,-1.747178e-05,-0.00039143904,0.0007518992,-0.00018579506
-0.0011468071,-0.0044664177,-0.0004876288,0.001099922,0.006399579,-0.0046671284,0.004522615,-0.006977463,-0.00028912537,0.0041858377,-0.0014148378,0.00266816,0.0012153018,0.002865502,0.006670131,-0.0016516626,-0.0013540202,-0.0025119316,-0.0004246228,0.0010673157,0.0004988563,-8.35495e-05,-3.648203e-05,-6.801877e-08,0.002615923,0.00072782335,-0.0013788171,0.00085066573,-0.0007339775,-1.8298317e-05,0.006267437,-0.000120603436,0.004321793,0.0007371885,0.11263056,0.004711446,-0.0023481091,-1.0399365e-06,-1.3125174e-05,-0.0003863489,0.00097624125,0.0011891866
0.00426194,-0.011637375,0.002420996,0.005964539,0.0074647274,-0.0065748952,0.006791886,-0.007418396,0.0003344447,0.011356132,0.0007610129,0.0036411865,0.0017943194,0.010765042,0.007259324,-0.0020136556,0.0027719385,-0.0039946903,-0.0021833545,-0.00097402325,-0.0001813602,0.00031049942,-9.5054944e-05,3.3770192e-07,0.014185347,0.0008489626,-0.0019424318,0.0012774963,-0.0007803603,2.1166508e-05,0.017003488,6.4870175e-05,0.0058978675,0.0010884141,0.42312753,0.0051276227,-0.0028627415,2.128949e-06,-2.0872783e-05,-0.001986555,-0.00089090946,-0.00043233114
-0.0003980156,-0.006343958,0.0012738432,0.00195668,0.0038033987,-0.002753907,0.005328083,-0.003194176,-0.0009245572,0.006051545,-0.0020352497,0.00045289422,0.0016719454,0.00037146622,0.0033414126,-0.0026914317,-0.0006095604,-0.00084261573,-0.0012229565,-0.0021770163,0.0020163339,-2.8997034e-05,-5.181792e-05,1.776869e-07,0.004653534,0.0004325601,-0.0008135912,0.0010021674,-0.00033600366,-5.8513855e-05,0.009060952,-0.00017348852,0.0007335823,0.0010141834,0.01460074,0.0023602063,-0.003826311,-4.6816444e-07,-4.4027784e-06,-0.0011127237,-0.0019912508,0.004806589
0.0056754397,-0.015248131,0.0026607283,0.0052569797,0.009724585,-0.009385122,0.0069750613,-0.01452906,0.010423435,0.015332097,0.0025633276,0.0036429176,-0.0027142705,0.015203288,0.0126287285,-0.0056733903,0.005980041,-0.004520614,-0.0018349658,0.0051903925,0.00806053,0.00041347856,-0.00012454786,3.7114188e-07,0.0125025725,0.0011059759,-0.0027726614,0.0013119502,-0.0015283495,0.0006596837,0.022956682,0.00021850287,0.0059006712,-0.0016464462,0.5975759,0.008920301,-0.008065654,4.5928878e-06,-2.3620805e-05,-0.0016695688,0.004747494,0.0192149
-0.0004070534,-0.0035966418,-0.0013619072,0.0023654064,0.0022593415,-0.0031977524,0.005069556,-0.0029062408,-0.0015171489,0.008251324,0.001353518,-0.00023488997,0.0044119647,-0.0005365205,0.0021906872,-0.00066562864,-0.00035877293,-0.0020200242,-0.0015701184,-0.0010634839,-0.00010651842,-2.9655474e-05,-2.9377637e-05,-1.8997085e-07,0.0056256,0.00025695466,-0.0009447171,0.00095354073,-0.00030571502,-9.6018106e-05,0.012354672,0.000115376424,-0.0003804666,0.0026762486,-0.021088315,0.0015473916,-0.0009463002,-2.755506e-07,-1.05548925e-05,-0.0014285938,-0.0009727364,-0.00025392137
-0.002299251,-0.0043985266,0.00036156576,-0.001022538,0.00040288852,-0.0032708286,0.0014823915,-0.0006874243,-0.0037987358,0.0027546298,-0.0007390311,0.00074055523,0.0006180076,0.00061354,0.0013606586,-0.0012152529,-0.002634474,-0.0033374073,-0.0014950058,0.0025604148,0.001663696,-0.00016750966,-3.5927493e-05,5.0434387e-08,-0.0024318823,4.5820463e-05,-0.0009663061,0.00027882532,-7.231195e-05,-0.00024041635,0.004124495,-6.2996405e-05,0.0011995257,0.00037487652,0.02411562,0.000961101,-0.0017276811,-2.0233715e-06,-1.7438393e-05,-0.0013602516,0.0023419338,0.0039659617
-0.003115776,-0.0033494085,-0.000644739,3.9890525e-05,0.0028871244,-0.0029000966,0.0013663463,-0.0033074962,-0.0038584801,0.0041537546,0.00037811432,-0.0002527577,0.002945852,-9.6194504e-05,0.00070067693,-0.0008844803,-0.00259335,-0.0035028171,-0.0003954093,0.00010166556,0.0006022914,-0.00022699678,-2.7358217e-05,-8.993389e-08,9.4870855e-05,0.00032835233,-0.00085678016,0.0002569982,-0.0003479241,-0.0002441975,0.0062193987,3.2231175e-05,-0.00040940812,0.0017869209,-0.0037809925,0.00049492304,-0.0012574337,-1.9917866e-06,-1.830268e-05,-0.00035976857,9.29904e-05,0.0014357578
-0.0005347326,-0.0055683833,0.002034348,0.006384524,0.0055520246,-0.0050916104,0.0038496666,-0.005122443,-0.0049954723,0.004367196,0.0065399488,0.0018891089,0.0027160128,0.0051480816,0.0012572106,-0.0014093742,-0.0021161216,-0.0036682733,0.00013384968,0.0004238141,-0.0021778557,-3.8957416e-05,-4.5482968e-05,2.8376883e-07,0.015184189,0.0006314311,-0.0015042225,0.0007240898,-0.0005388431,-0.00031615605,0.006538984,0.0005574775,0.003059913,0.001647503,0.20234896,0.0008880305,-0.0020036562,-1.6252579e-06,-1.9167212e-05,0.00012178497,0.0003876499,-0.005191629
-0.002609744,-0.0032287086,-0.00042927449,0.00012687099,0.0023033354,-0.0032997227,0.0017866371,-0.0033937856,-0.002758783,0.0040445155,-0.0005911456,-0.0002835726,0.0025138776,-0.00011980743,0.0011705853,-0.0006705792,-0.002194638,-0.0027549875,-0.00071250706,0.0011070628,0.0013409724,-0.00019013032,-2.6372332e-05,-5.9879e-08,0.0003017348,0.00026195808,-0.0009748423,0.00033605137,-0.00035700112,-0.00017459929,0.0060558356,-5.0390365e-05,-0.00045932102,0.0015248901,-0.0047091153,0.00082684273,-0.0009533382,-1.6855613e-06,-1.4395172e-05,-0.00064828433,0.0010125968,0.0031966448
0.0023482516,-0.008640591,0.005405991,0.0075375764,0.013130849,-0.011656161,0.0059190514,-0.010138644,0.0025109327,0.006511647,0.009697022,0.002106149,0.0012219652,0.008309551,0.0056781224,-0.0056361803,0.0017407022,-0.006148106,0.0010700474,0.0007562266,-0.0009038928,0.00017107955,-7.0576985e-05,7.5407536e-07,0.017926471,0.0014933699,-0.0034435983,0.0011133236,-0.0010665103,0.00015891322,0.0097498605,0.0008265924,0.003411467,0.00074123044,0.3266127,0.004010741,-0.008012754,1.3369223e-06,-3.2124663e-05,0.00097359734,0.0006916975,-0.002154723
-0.0026110131,-0.005090276,0.00096722366,0.0024291624,0.0026379866,-0.0032714175,0.00036033633,-0.003256477,-0.0033694953,0.0034547707,0.0023509364,0.00044293975,0.0026061067,0.0024185278,8.491054e-05,-0.0018155946,-0.0028921415,-0.0030603332,-0.0005348773,-1.2792443e-05,-0.00034638066,-0.00019022278,-4.157775e-05,1.349169e-07,0.0057772296,0.0003000179,-0.00096648006,6.777622e-05,-0.00034255726,-0.00021325036,0.0051728133,0.00020039825,0.00071745843,0.0015808352,0.095061935,5.9976548e-05,-0.0025811652,-2.2212694e-06,-1.5990643e-05,-0.00048666546,-1.1700859e-05,-0.00082571123
0.0014844714,-0.008974839,0.00089232647,0.0006222498,0.0028024702,-0.007266154,0.0048703714,-0.005718856,0.0028962917,0.010125924,-0.000102316844,0.00084069866,0.001033248,0.0040390263,0.0059910873,-0.0019548456,0.002269013,-0.0039370237,-0.0010803549,0.0030720416,0.004388195,0.000108149696,-7.330715e-05,1.2446958e-07,0.0014798845,0.0003187246,-0.0021466515,0.0009160757,-0.0006015813,0.000183302,0.015161502,-8.72168e-06,0.0013617345,0.0006267567,0.15875676,0.0042318036,-0.0027791334,1.7426842e-06,-2.0571468e-05,-0.0009829758,0.0028099031,0.010460693
-0.0015145646,-0.0077772113,0.00046321197,0.0029485472,0.0057453373,-0.0040457575,0.00082721305,-0.006788836,-0.0024562695,0.004498313,0.0002492784,-0.00013695715,0.00213771,0.0055932426,0.00437053,-0.002316791,-0.0011402012,-0.0034791192,5.4013217e-06,0.0016359326,0.0022530304,-0.00011034211,-6.3524836e-05,6.46129e-08,0.0070124725,0.00065341656,-0.0011952446,0.00015559178,-0.0007141353,-0.00015545366,0.006735305,2.1248961e-05,-0.00022183845,0.001296711,0.21984632,0.0030871234,-0.0032936982,-8.7571584e-07,-1.8178856e-05,4.914467e-06,0.0014963378,0.0053708325
-0.0013319867,-0.006355553,0.0011687728,0.0039474177,0.0062083453,-0.004392766,0.002294277,-0.006169811,-0.00095052226,0.005199481,0.0022098592,0.0024577538,0.002627143,0.0040370524,0.0034733606,-0.0018534854,-0.0018284852,-0.0033581133,-0.00021147472,0.0012330663,0.0011029063,-9.704058e-05,-5.1912626e-05,1.6303075e-07,0.009388067,0.0007060744,-0.0012977618,0.00043153414,-0.00064901845,-6.0157145e-05,0.00778516,0.00018837256,0.003980984,0.0015935956,0.15867917,0.0024534077,-0.002635033,-1.4043428e-06,-1.7546585e-05,-0.00019241318,0.0011278483,0.0026291367
0.017725732,-0.056860514,0.016719531,0.052098136,0.024447192,-0.0027321833,-0.003948265,-0.038841713,-0.003402136,0.037697464,0.028215986,0.021583492,-0.0033180297,0.05242021,0.020342259,-0.0007222886,0.005362113,-0.007247635,0.0026289108,0.029715471,0.0283395,0.0012913907,-0.0004644409,2.332188e-06,0.12390398,0.0027803762,-0.00080717326,-0.00074263534,-0.0040858607,-0.00021531615,0.05644425,0.0024051839,0.03496019,-0.0020126798,2.0604131,0.014368751,-0.0010268516,4.118297e-06,-3.786985e-05,0.0023919507,0.02717984,0.06755643
-0.0028636951,-0.0040233866,-0.0016651363,-0.0012478839,0.004343371,-0.0037850467,0.00047295925,-0.0054815384,-0.001725661,0.0046747434,-0.0014593853,-0.00016143982,0.0028556257,0.0019178191,0.0031980071,-0.001767132,-0.001912434,-0.0040181386,-0.0005366291,0.0009766482,0.0014732156,-0.00020863168,-3.286332e-05,-2.3226792e-07,-0.002967818,0.00049397105,-0.0011182224,8.895964e-05,-0.00057661725,-0.000109214525,0.006999473,-0.00012440074,-0.00026149463,0.0017321907,0.07538123,0.002258912,-0.0025122676,-1.4688185e-06,-2.0995303e-05,-0.00048825936,0.0008933104,0.0035118898
-0.0026359502,-0.0049446546,-4.0343337e-05,-0.00027876475,0.0015458133,-0.0031802647,0.00076025556,-0.002413146,-0.0037440674,0.0013961825,0.0006084002,-0.00016238587,0.002077949,0.001522155,0.00069334736,-0.0014368532,-0.0030098816,-0.0026378816,0.0001306766,-0.0004814113,-0.00025234124,-0.00019203954,-4.0388306e-05,-5.6274447e-09,-0.0006629808,0.00017580517,-0.00093955063,0.00014299765,-0.0002538451,-0.00023695648,0.0020904979,5.1861178e-05,-0.000263027,0.0012604607,0.05982937,0.0004897458,-0.0020427222,-2.311698e-06,-1.37832785e-05,0.00011889791,-0.00044033228,-0.0006015376
-0.0031302585,-0.0038795036,0.00023530333,0.0001984057,0.0015230088,-0.0026851806,0.000556115,-0.0020048805,-0.0041799564,0.0024394458,0.000119197706,3.892e-05,0.0024465006,0.0006857812,4.8974005e-05,-0.0013961822,-0.0034838105,-0.0027985477,-0.000824849,-0.00082696835,-0.00048599535,-0.0002280519,-3.1688072e-05,3.2822186e-08,0.00047186442,0.00017321162,-0.0007932872,0.000104600535,-0.00021089858,-0.00026454325,0.0036525717,1.01606365e-05,6.304126e-05,0.0014840199,0.026955111,3.459278e-05,-0.0019849017,-2.6756925e-06,-1.462278e-05,-0.0007505002,-0.00075640285,-0.0011585284
-0.002579092,-0.004273802,-0.0012371772,-0.00067440036,0.003991513,-0.0045660334,0.0006240741,-0.0051832525,-0.0017693839,0.0045668995,-0.0008004287,-0.0007875264,0.002714539,0.0025325264,0.0026807655,-0.0016137135,-0.001969532,-0.0036360135,-0.0007680712,0.0005552032,0.0011735784,-0.00018789721,-3.490873e-05,-1.725724e-07,-0.0016039133,0.00045395433,-0.0013489504,0.00011738306,-0.0005452398,-0.00011198169,0.006837999,-6.8230045e-05,-0.001275608,0.001646609,0.09954272,0.0018935583,-0.002294158,-1.5126719e-06,-1.899865e-05,-0.00069884013,0.0005078275,0.0027976069
-0.0007664666,-0.005787066,0.0009761511,0.0023462337,0.0059899855,-0.0069165775,0.0027863705,-0.0050379895,-0.0015112872,0.0066344244,0.0030839848,-9.79543e-05,0.0027058707,0.003740299,0.00317928,-0.002849897,-0.0008304224,-0.0050835987,-0.00069031224,0.0019614967,0.00023228888,-5.5840166e-05,-4.7269186e-05,1.3616217e-07,0.005580002,0.00068124034,-0.0020433755,0.00052409276,-0.0005299592,-9.564713e-05,0.009933695,0.00026288469,-0.00015866297,0.0016413509,0.14701508,0.002245684,-0.0040515955,-6.3779447e-07,-2.6562473e-05,-0.00062809006,0.0017941215,0.0005537363
-0.0015930108,-0.00711694,0.00030058873,0.00034899436,0.0022099395,-0.0029285066,0.0009284621,-0.0046241335,-0.0031815628,0.004945128,-0.002486935,-8.4744766e-05,0.0016149203,0.0021750103,0.0028309012,-0.00030647079,-0.0023946192,-0.0024601086,-0.0005903834,0.0014658748,0.0024859025,-0.000116057236,-5.8131693e-05,4.192877e-08,0.0008300065,0.00025133617,-0.00086517335,0.00017463588,-0.0004864246,-0.0002013564,0.007404319,-0.000211991,-0.00013726663,0.0009795927,0.0854903,0.0019996066,-0.00043569846,-1.8391542e-06,-1.2854392e-05,-0.00053716847,0.0013407912,0.005925959
-0.0015142922,-0.007018769,0.0020330083,0.0040930384,0.0037800404,-0.0027041475,0.0027274,-0.0039093695,-0.0052407268,0.00609922,0.00079794053,0.00056511775,0.0029261163,0.0016050438,0.000525102,-0.00026404334,-0.003212709,-0.0030330452,-0.000120276876,0.0013081683,0.00097137864,-0.00011032226,-5.7329828e-05,2.8358195e-07,0.009734393,0.00042990356,-0.0007988906,0.00051300094,-0.00041123672,-0.00033167782,0.009132336,6.801795e-05,0.0009153581,0.0017749495,0.063087374,0.00037090573,-0.00037538089,-2.4674769e-06,-1.584806e-05,-0.00010943557,0.0011965418,0.0023155976
0.004514575,-0.009590558,-0.0015337975,0.0021960374,0.0079682395,-0.0066081192,0.0072923056,-0.012154995,0.0045541604,0.013170138,-0.007416597,0.0034438663,-0.00045612594,0.009004695,0.015641998,-0.0016469824,0.005144761,-0.0037951889,-0.0012883039,0.004516973,0.0060303644,0.0003289049,-7.833639e-05,-2.1394762e-07,0.005222793,0.000906227,-0.0019522471,0.0013716212,-0.0012786156,0.00028822606,0.019719591,-0.0006322047,0.005578255,-0.0002766809,0.35393587,0.011048723,-0.0023414553,3.9513625e-06,-1.9830362e-05,-0.001172181,0.0041315383,0.014375339
-0.0020731487,-0.0046714465,1.7342154e-05,0.00030362626,0.0026648566,-0.0037007653,0.0008585391,-0.002857581,-0.003228357,0.005554968,-0.00076503004,0.0009753739,0.0021942905,0.0017646188,0.0024527062,-0.0018272051,-0.0020496696,-0.0037167715,-0.0011071085,0.001944234,0.0011166761,-0.00015103721,-3.8156722e-05,2.4190367e-09,0.0007221084,0.00030307384,-0.001093323,0.00016148396,-0.00030059635,-0.00020431793,0.00831743,-6.5212604e-05,0.0015798768,0.0013310321,0.06935958,0.0017324687,-0.0025976715,-1.5742205e-06,-1.942062e-05,-0.0010073179,0.0017783318,0.0026619616
-0.0011142693,-0.0032793249,-0.0005379114,0.00015663964,0.007881952,-0.0056120446,0.0029862025,-0.007514377,0.00032502925,0.0047385804,-0.0012562339,0.0002813173,0.00039602607,0.001939626,0.003706031,-0.002701838,-0.00026950147,-0.003646644,-0.0010133946,0.0021018512,0.0029478977,-8.117899e-05,-2.6785769e-05,-7.503263e-08,0.000372533,0.0008964135,-0.0016579753,0.0005616795,-0.00079045683,2.057062e-05,0.007095056,-0.000107083746,0.000455668,0.000240225,0.07623836,0.0026177545,-0.0038411056,-2.0698688e-07,-1.9054196e-05,-0.00092205097,0.0019224994,0.007027275
0.001275572,-0.0070285895,0.0012239472,0.0026160474,0.0045537455,-0.007128356,0.005113518,-0.0049361903,0.00041839085,0.01016869,-0.00057095895,0.00016356012,0.0026955933,0.002544337,0.0048882314,-0.0016871202,0.0014147686,-0.0040495773,-0.0010985734,0.002002953,0.001502125,9.293054e-05,-5.741004e-05,1.7072696e-07,0.0062216944,0.00051789696,-0.0021059415,0.00096180954,-0.0005192507,2.6479336e-05,0.015225536,-4.8669615e-05,0.000264929,0.0016351168,0.100006945,0.0034528016,-0.002398518,1.0865936e-06,-2.1159574e-05,-0.0009995522,0.0018320404,0.0035808044
0.009354652,-0.01350663,0.0021583429,0.00751702,0.017560497,-0.013172036,0.013390705,-0.023385156,0.0115454625,0.015100097,-0.0061726603,0.006380173,-0.00218788,0.014911724,0.020309309,0.00010855601,0.010046187,-0.0041397926,0.0015142659,0.00852632,0.0104666455,0.00068152393,-0.00011032316,3.0106472e-07,0.017877582,0.0019971533,-0.0038914355,0.0025186785,-0.0024599452,0.0007306952,0.02260931,-0.0005261692,0.010334383,-0.0013271436,0.5861158,0.014345477,0.00015433015,7.715835e-06,-2.1630962e-05,0.0013777757,0.007798766,0.02495066
0.00083300937,-0.0074017104,0.0014696063,0.0023012757,0.00535436,-0.004587027,0.007419813,-0.0050855274,-0.00039384887,0.009049047,-0.0011600823,-0.002477611,0.00076717616,-0.002881976,0.0022538602,-0.0012307846,0.0003510525,-0.0024781094,-0.0015841919,0.0039805183,0.005927413,6.0688075e-05,-6.0457718e-05,2.0499367e-07,0.005473079,0.0006089508,-0.0013551526,0.0013956041,-0.00053495984,-2.492611e-05,0.013549099,-9.88876e-05,-0.004013148,0.0004653605,-0.11327809,0.0015920139,-0.001749762,2.69621e-07,-1.2948448e-05,-0.0014413988,0.0036408592,0.014129921
-0.0013597675,-0.005572634,0.00093155075,0.0015916815,0.0039705224,-0.0045332774,0.00228635,-0.0030697617,-0.003235937,0.0067300843,-0.00037121272,0.0012522124,0.0034916396,0.0018987736,0.0038557872,-0.0014572924,-0.0009574322,-0.00416032,-0.00075644953,0.00033725033,0.00036165107,-9.906452e-05,-4.5517685e-05,1.2994093e-07,0.0037854651,0.00045156706,-0.0013392733,0.00043004312,-0.0003229162,-0.00020479766,0.010076926,-3.164287e-05,0.0020282902,0.0021179896,0.07463263,0.0027235348,-0.00207178,-7.353426e-07,-2.173822e-05,-0.000688266,0.00030847263,0.0008621132
-0.0022283862,-0.0031461495,-0.0014521652,0.00011018911,0.003435683,-0.0038820328,0.002046543,-0.00502529,-0.0010018346,0.004450164,-0.001295333,0.0003637403,0.0025743782,0.0014176676,0.0032634414,-0.00095526886,-0.0017033567,-0.002739733,-0.00068909733,0.00035177247,0.0012518591,-0.00016234689,-2.5697982e-05,-2.0256083e-07,0.0002620606,0.00039073982,-0.0011468751,0.00038493745,-0.0005286233,-6.340463e-05,0.006663211,-0.00011041663,0.0005891739,0.0015615891,0.05572242,0.0023051314,-0.0013580712,-1.3082396e-06,-1.4315467e-05,-0.0006269847,0.0003217556,0.0029842143
-0.000969619,-0.003796748,-0.0004948616,0.0020501956,0.0014652667,-0.00408888,0.0025881352,-0.002545855,-0.0024596313,0.0065792315,0.0030060099,3.134826e-05,0.0040669325,0.0021461963,0.00094541145,-0.0011402265,-0.0012566259,-0.0034873814,-0.0016763667,-0.0015843414,-0.0013337301,-7.0640635e-05,-3.1012118e-05,-6.902767e-08,0.0048759403,0.0001666446,-0.0012079843,0.00048680638,-0.0002678051,-0.00015566642,0.009851055,0.00025623795,5.0776824e-05,0.002466956,0.08435775,0.00066779123,-0.0016210189,-9.651342e-07,-1.8222026e-05,-0.0015252653,-0.001449149,-0.0031793804
7.7726785e-05,-0.006503986,0.000892933,0.0029544567,0.0043351967,-0.0047647245,0.002468639,-0.0031945044,-0.0041925376,0.008684861,-0.000896981,0.0006163422,0.003167875,0.0032603894,0.0039527393,-0.0012312874,8.3963154e-05,-0.004565013,-0.0015094783,0.0010587049,0.0011323094,5.662708e-06,-5.312504e-05,1.2455418e-07,0.007026527,0.0004930414,-0.0014076502,0.00046433017,-0.0003360382,-0.0002653395,0.013003804,-7.646035e-05,0.0009983296,0.0019215976,0.1281519,0.0027920168,-0.0017504768,6.448674e-08,-2.3852795e-05,-0.0013734195,0.00096836523,0.0026992287
-0.002165704,-0.0054621357,0.0009982286,-0.0002032026,0.0049588503,-0.0047947275,0.001509717,-0.0040837536,-0.001132312,0.0023211837,0.0012482769,0.0009881959,0.0012390012,0.0013970331,0.001807163,-0.0027339133,-0.0021000402,-0.0035468924,9.090116e-05,0.0007206572,0.0015527018,-0.00015778023,-4.4615128e-05,1.3924173e-07,-0.00048327277,0.0005639695,-0.0014165139,0.00028396503,-0.00042958063,-7.166235e-05,0.0034754982,0.000106405474,0.0016006454,0.0007515643,0.054911368,0.0012764893,-0.0038867057,-1.6129069e-06,-1.853298e-05,8.2707666e-05,0.0006591632,0.003701371
0.0001158556,-0.005360625,0.001033027,0.0048750215,0.0061068516,-0.004341647,0.0053300876,-0.00578594,-0.003459105,0.0072523654,0.0012785166,0.00069750793,0.0016743266,0.0031491397,0.0038247649,6.8750232e-06,-0.0010134322,-0.0029835792,-0.0014604892,0.0030860463,0.0024467297,8.440545e-06,-4.3785985e-05,1.4409572e-07,0.011594169,0.00069453154,-0.0012826597,0.0010025444,-0.00060863805,-0.00021892163,0.010858935,0.000108983164,0.0011297992,0.0010156279,0.12377914,0.0027016222,9.773972e-06,-7.7835256e-07,-1.5589594e-05,-0.0013288462,0.0028227128,0.005832578
0.0033567362,-0.010595728,0.0031302965,0.0015246981,0.0048753517,-0.0069060316,0.0070234654,-0.0068947,0.0020943978,0.0065502357,-0.0026296473,0.0050374283,-1.1102995e-05,0.0059898747,0.008577128,-0.0029850346,0.0034671205,-0.0019873446,-7.8055484e-05,0.002452029,0.003390682,0.0002445517,-8.6546686e-05,4.366414e-07,0.0036261599,0.0005544732,-0.00204026,0.0013210545,-0.0007252714,0.00013255133,0.00980764,-0.00022415609,0.008159451,-6.734953e-06,0.23543623,0.006058453,-0.0042437157,2.662874e-06,-1.0384138e-05,-7.101986e-05,0.0022427964,0.008082796
-0.0019562156,-0.003331081,-0.000235544,0.00014919043,0.0044626696,-0.0040149232,0.003234658,-0.0029795913,-0.0016996517,0.0036160143,-0.0009783807,0.0011190843,0.00066856935,-0.001321028,0.0031611337,-0.0019058514,-0.002092389,-0.0029225422,-0.0012069558,0.0015122732,0.0018485999,-0.00014251815,-2.7208516e-05,-3.2855755e-08,0.00035481667,0.0005075389,-0.0011861351,0.00060841185,-0.00031343094,-0.000107568434,0.0054142424,-8.339901e-05,0.0018126538,0.0004055467,-0.05192393,0.0022328664,-0.00270948,-1.6070304e-06,-1.5270667e-05,-0.0010981653,0.0013832303,0.0044067404
-0.0009986954,-0.0067389617,0.0008939661,0.0016058976,0.0057594106,-0.0052314918,0.0018188127,-0.006279704,-0.0026439345,0.007232611,-0.000121248595,0.0006474752,0.0020639854,0.002459652,0.004076727,-0.0015913338,-0.0006018905,-0.0050469525,-0.00010620101,0.003336809,0.0037333767,-7.2758965e-05,-5.504434e-05,1.2469829e-07,0.003819275,0.0006550171,-0.001545548,0.0003421033,-0.0006605784,-0.0001673307,0.010829357,-1.0335459e-05,0.0010487578,0.0012519906,0.09667835,0.0028795956,-0.0022623418,-4.6227368e-07,-2.6370992e-05,-9.662845e-05,0.003052078,0.00889972
-0.001193868,-0.0043897065,-0.00078530767,0.0008288971,0.004377814,-0.0068688495,0.0015375227,-0.0063948743,-0.0012283642,0.007292319,0.00041654587,-0.0015699356,0.0026887003,0.0028015513,0.0038454002,-0.0012012189,-0.00037705177,-0.0042175287,-0.0013921037,0.001704273,0.0010151978,-8.697807e-05,-3.585545e-05,-1.0954165e-07,0.0019713498,0.0004978883,-0.002029275,0.000289195,-0.0006726934,-7.774135e-05,0.010918758,3.5507153e-05,-0.0025429272,0.0016309356,0.110116936,0.0027161979,-0.0017077295,-2.895894e-07,-2.2037144e-05,-0.0012666247,0.0015588468,0.002420055
-0.0011863166,-0.0041465675,-0.0013289134,0.0011616579,0.0068392954,-0.0043997066,0.0039612805,-0.0076743867,0.00031890767,0.005462368,-0.0026121417,0.0022402613,0.0014585424,0.003082592,0.0076617408,-0.0012513136,-0.000788318,-0.0031973238,-0.00068223116,0.0017772374,0.0024133122,-8.642792e-05,-3.386947e-05,-1.8536858e-07,0.0027627482,0.0007778323,-0.0012998123,0.0007450834,-0.0008072887,2.0183194e-05,0.00817878,-0.00022266388,0.0036286975,0.00088473555,0.12116344,0.0054118694,-0.0017789473,-6.0545676e-07,-1.6706437e-05,-0.0006207374,0.001625585,0.0057529164
-0.0025531158,-0.0038239083,-0.0008383321,-0.00089071284,0.0019178174,-0.0035777513,0.00029123054,-0.0014807135,-0.0033119821,0.00471681,0.00027442363,0.00032761693,0.0033623884,0.0011008431,0.0012412659,-0.0019212099,-0.0025469756,-0.0038159085,-0.0010165491,0.0004694367,-0.00049093703,-0.00018600473,-3.1233965e-05,-1.1693797e-07,-0.002118365,0.00021811316,-0.0010569808,5.4778004e-05,-0.00015576009,-0.00020961044,0.007062459,2.3392387e-05,0.00053066254,0.0020395871,0.04326941,0.00087676797,-0.0027313146,-1.9561694e-06,-1.9938625e-05,-0.0009249211,0.0004293795,-0.0011703084
0.00053923787,-0.0090994295,0.0027723284,0.0055317027,0.0040763253,-0.0045027863,0.0036799693,-0.006577987,-0.0040064678,0.008873427,0.00016420259,0.0016770943,0.002681243,0.0042049084,0.0038887388,-0.00027921284,0.00014315895,-0.0038129638,0.0007815226,0.0031236205,0.0025953634,3.9285642e-05,-7.432482e-05,3.8670885e-07,0.013155941,0.0004636,-0.0013302653,0.00069217116,-0.00069195556,-0.0002535634,0.0132861445,1.3996938e-05,0.002716499,0.001626412,0.16527687,0.00274681,-0.0003969468,1.0995125e-07,-1.9923238e-05,0.0007110791,0.002857081,0.0061868946
-0.0010101313,-0.006164466,0.00018130301,0.0010879181,0.007050909,-0.0058904914,0.003214371,-0.007144494,-0.0007432122,0.0049806116,-0.00035352842,1.9162399e-05,0.0027333982,0.004590243,0.006051338,-0.0015087915,-0.0006478068,-0.0035003833,0.0008139885,0.0012976029,0.0016890693,-7.359212e-05,-5.0351817e-05,2.5289745e-08,0.0025873743,0.00080189906,-0.0017402372,0.00060459605,-0.00075154786,-4.7036796e-05,0.007457448,-3.0135428e-05,3.1038588e-05,0.0016580488,0.18042272,0.0042743618,-0.0021449942,-4.975391e-07,-1.8289964e-05,0.0007406186,0.001186878,0.0040264474
-0.0001382539,-0.006013198,0.0012663612,0.00020949318,0.0038063393,-0.005588161,0.0042599854,-0.0033594186,-0.00031969603,0.002575029,-0.00043525719,0.0017608246,-0.00012977957,0.0021895394,0.004506215,-0.002211974,-0.00012584846,-0.0032758778,-0.00030572835,0.0013754542,0.002438548,-1.0072352e-05,-4.9116246e-05,1.7664324e-07,0.00049823354,0.00043289454,-0.0016509192,0.0008012673,-0.00035338596,-2.0233088e-05,0.0038555798,-3.710214e-05,0.0028521225,-7.8722835e-05,0.08606138,0.0031829644,-0.0031446835,-9.6656166e-08,-1.7116892e-05,-0.00027817115,0.0012580862,0.0058130743
-0.0015409573,-0.005692428,0.0013925747,0.0018161389,0.0032141418,-0.0044255718,0.0017077441,-0.0029623718,-0.0032019045,0.0056724083,0.00035210393,0.0016257807,0.0024433264,0.0018264133,0.003541206,-0.0020292676,-0.0011118988,-0.0043400847,-0.0006399008,0.0007521379,0.0007929511,-0.00011226492,-4.6496174e-05,1.9424863e-07,0.004319288,0.00036554397,-0.0013074537,0.00032121225,-0.00031161957,-0.00020264379,0.008493273,3.0014002e-05,0.002633383,0.0014820945,0.07178846,0.0025013303,-0.0028849365,-8.539785e-07,-2.2677514e-05,-0.00058222254,0.0006879577,0.0018902575
-0.0029238155,-0.0038337058,-2.2271248e-05,-0.0015799546,0.0006433686,-0.00278973,0.00046294913,-0.0023330352,-0.0029461507,0.002478861,-0.0014057626,0.00028790522,0.00071184046,0.0006808976,0.0006724248,-0.0016009879,-0.0025519906,-0.0025188953,-0.0010322668,0.0009999718,0.0011679577,-0.00021301169,-3.1313994e-05,-3.1065903e-09,-0.0037575753,7.317023e-05,-0.0008241744,8.707682e-05,-0.00024541802,-0.00018645752,0.003711588,-0.000119829856,0.00046633888,0.00043179447,0.026763158,0.00047496715,-0.0022760667,-1.960021e-06,-1.316156e-05,-0.0009392221,0.0009146438,0.002784208
-0.0022308778,-0.004337795,7.2409224e-05,0.00042483953,0.003365247,-0.0033839294,0.002573011,-0.003521089,-0.0035797856,0.0030470667,-0.00051909697,0.0007604203,0.0021108266,0.00045003215,0.002292964,-0.0012585784,-0.0029589154,-0.002396653,-0.00071346236,-3.4294993e-05,-9.9705154e-05,-0.00016252839,-3.5431432e-05,1.0100278e-08,0.0010103876,0.00038272917,-0.0009997196,0.00048396163,-0.0003703925,-0.00022655932,0.00456236,-4.42488e-05,0.0012317024,0.0012804038,0.01768883,0.0016196347,-0.0017892754,-2.2725542e-06,-1.2522827e-05,-0.00064915355,-3.136859e-05,-0.00023767973
-0.0026400709,-0.003867704,-0.00033794946,0.00030895937,0.0031828221,-0.004464572,0.0010354479,-0.0027648027,-0.0030794397,0.0050898427,0.001278152,4.301555e-05,0.003555865,0.0015430774,0.0020289272,-0.0016790256,-0.0023270159,-0.003941967,-0.0009431217,-0.0004907243,-0.000837366,-0.00019233975,-3.159169e-05,-4.7140176e-08,0.00073479203,0.000361982,-0.0013189756,0.000194759,-0.00029083676,-0.00019489317,0.0076209996,0.00010895208,6.9675094e-05,0.002156948,0.06065174,0.0014331324,-0.00238701,-1.7872323e-06,-2.0597297e-05,-0.00085811224,-0.0004488506,-0.0019961349
-0.001771145,-0.0043032947,-0.0008079308,0.00081937143,0.0015832325,-0.003409387,0.0024422863,-0.0035550543,-0.0013884385,0.0047298893,7.340514e-05,0.0006050942,0.0021807274,0.0009890674,0.00278101,-0.0011669521,-0.0018150585,-0.002276891,-0.0011269221,-0.00035158335,0.00041395338,-0.00012903502,-3.514963e-05,-1.1269732e-07,0.0019486952,0.00018006086,-0.0010072406,0.00045937343,-0.0003739654,-8.787221e-05,0.0070820427,6.2571926e-06,0.0009801106,0.001322805,0.038875986,0.001964366,-0.0016590136,-1.3940306e-06,-1.1897055e-05,-0.0010253455,-0.0003215826,0.0009867928
0.0018519321,-0.006486869,0.002875067,0.0014035121,0.0026413454,-0.00683869,0.005765208,-0.004173511,3.0015595e-05,0.005965013,0.0019068107,0.0024175995,-0.0018653821,0.0062250136,0.0057911063,-0.0023410965,0.0020014334,-0.0036895107,-0.0018093389,0.0038162605,0.0038753084,0.00013492069,-5.2985226e-05,4.0103976e-07,0.0033379453,0.0003003999,-0.002020365,0.001084387,-0.00043902246,1.8996425e-06,0.008931388,0.00016254013,0.0039159437,-0.0011315199,0.24467853,0.004090547,-0.0033282524,1.5371733e-06,-1.9278179e-05,-0.0016462519,0.0034906175,0.009238061
-0.002345828,-0.0049755825,0.00089384726,0.0024715124,0.0029622405,-0.004011447,0.0012723625,-0.0035160528,-0.0044347136,0.004626506,0.0034542533,0.000109298766,0.0026388913,0.0022169817,0.00019067345,-0.0010126656,-0.0029638563,-0.0038406774,-0.00056295405,-9.374978e-05,-0.00047295695,-0.00017090299,-4.0640927e-05,1.246817e-07,0.0058779498,0.00033689526,-0.0011851082,0.00023932065,-0.00036986274,-0.00028066646,0.0069272476,0.00029444706,0.00017703834,0.001600722,0.08714002,0.00013468217,-0.0014396701,-2.2763488e-06,-2.0068046e-05,-0.00051221147,-8.575008e-05,-0.0011274471
-0.00054132123,-0.0094992295,0.0008889726,0.002759867,0.0017307423,-0.003381626,0.00020589505,-0.0045126034,-0.0022687777,0.00563992,-0.000116543015,0.0002908949,0.00089757424,0.0056516356,0.003910885,-0.001146027,-0.0012193307,-0.0025025983,-0.0014469819,0.0028645392,0.003115179,-3.9437426e-05,-7.759041e-05,1.2400174e-07,0.006563738,0.00019683712,-0.0009990392,3.872712e-05,-0.00047469247,-0.00014358757,0.008444628,-9.934346e-06,0.00047118147,0.0005444585,0.2221415,0.0027624532,-0.0016292651,-9.364901e-07,-1.3076406e-05,-0.0013165564,0.002620107,0.007426045
0.0011979933,-0.008661412,0.0012302804,0.0036183386,0.004175257,-0.0062927906,0.0037155398,-0.0059792614,0.0016781013,0.008517258,7.047842e-05,0.002532008,0.0005235723,0.006169429,0.0073731607,-0.0019865367,0.0014185596,-0.0042368486,-0.0008502971,0.0035397094,0.0032518087,8.727862e-05,-7.074705e-05,1.7161037e-07,0.008605424,0.0004748515,-0.0018590891,0.00069886167,-0.00062897406,0.00010620454,0.012752853,6.007713e-06,0.0041012587,0.00031759313,0.24249373,0.005208031,-0.0028241875,1.0895051e-06,-2.2138092e-05,-0.0007736545,0.0032376647,0.007751746
-0.001068692,-0.0055201123,-0.0007881809,0.0012772729,0.0038958043,-0.0050756233,0.0027648215,-0.0062815435,-0.00025122985,0.006715874,-0.0011163456,0.00024402849,0.0025536704,0.003104254,0.0051688286,-0.0005280811,-0.00081223925,-0.0027677487,-0.0010477281,-7.824297e-05,0.0008103916,-7.7858494e-05,-4.5088687e-05,-1.09942434e-07,0.0030377132,0.00044306938,-0.0014994994,0.0005200396,-0.00066077185,-1.5899965e-05,0.010055649,-9.5159405e-05,0.00039526887,0.001549028,0.12201487,0.0036510013,-0.0007507538,-6.238291e-07,-1.4461852e-05,-0.00095328985,-7.156647e-05,0.0019318326
-0.0018359921,-0.0059233797,0.0011733718,0.0017600439,0.002583498,-0.0039913272,0.001950887,-0.002763664,-0.0032670698,0.0028797186,0.0013967868,-0.00021678,0.0025204045,0.0026988348,0.00064717355,-0.0014378802,-0.0029910991,-0.0034874347,-2.6029185e-05,-0.0024271016,-0.00146358,-0.00013375939,-4.8382604e-05,1.6367227e-07,0.004185878,0.00029382092,-0.0011791642,0.00036694537,-0.00029071697,-0.000206768,0.00431179,0.00011906473,-0.0003511327,0.0015288492,0.10607959,0.00045713095,-0.0020441823,-2.2972724e-06,-1.8222305e-05,-2.3683013e-05,-0.0022199962,-0.00348892
-0.0010637199,-0.005087312,0.0015938913,-0.00038893172,0.0026491384,-0.002690278,0.004356117,-0.002649245,-0.0029372768,0.0058646537,-0.002133689,0.00052612205,0.001053869,-0.00079194887,0.0016130548,-0.0014160136,-0.00039748638,-0.0026897583,-0.0010724515,0.002403582,0.0038085484,-7.749626e-05,-4.155354e-05,2.2233003e-07,-0.0009249887,0.0003012862,-0.0007947931,0.00081934885,-0.00027868096,-0.0001858959,0.008781121,-0.00018187966,0.0008521942,0.00063926517,-0.031128105,0.001139381,-0.0020130954,-3.0528392e-07,-1.4054342e-05,-0.00097578473,0.0021984833,0.009078917
-0.0030119815,-0.0048867823,0.00010641927,-4.061722e-05,0.0015217045,-0.0024167364,0.0004016248,-0.0025909934,-0.0038621924,0.0011485461,-4.767572e-05,0.0002752072,0.0019212841,0.0020835672,0.0005320109,-0.0016669079,-0.0036315678,-0.0023567288,-0.00057770015,-0.0019528685,-0.0007714076,-0.00021943494,-3.99156e-05,1.48443e-08,-9.659914e-05,0.00017306328,-0.0007139803,7.554223e-05,-0.00027255333,-0.00024443242,0.0017197131,-4.063968e-06,0.00044577103,0.0011654295,0.08189607,0.00037578584,-0.0023697827,-2.7891756e-06,-1.2314218e-05,-0.00052562845,-0.0017862295,-0.0018389015
0.0018341425,-0.008038087,-0.000111515714,0.0020395652,0.008925141,-0.006323292,0.0064013256,-0.010462693,0.0027305246,0.009603448,-0.002129652,-0.0020108195,-0.0005974455,0.0002633831,0.00569861,-0.0016870113,0.0023145552,-0.0026162262,-0.0019312191,0.00490153,0.00793942,0.00013362464,-6.565569e-05,-1.5555196e-08,0.004850658,0.0010150552,-0.0018681001,0.0012040352,-0.0011005978,0.00017281086,0.014379201,-0.00018153555,-0.0032570555,-0.00036240378,0.010352457,0.0040252125,-0.002398363,1.7776622e-06,-1.36701265e-05,-0.0017571463,0.0044832807,0.018926196
-0.0020852217,-0.0065785283,0.00055623247,-3.838954e-05,0.0036606789,-0.0045347326,0.000108531065,-0.0041487664,-0.003295686,0.002491873,-0.000660151,-0.0007436723,0.000517244,0.0032582886,0.00166515,-0.0010708147,-0.0034915959,-0.0031884597,-0.0003041942,0.0015992962,0.0016841555,-0.00015191677,-5.3733907e-05,7.758822e-08,-9.130109e-05,0.00041632858,-0.0013397032,2.0413776e-05,-0.0004364195,-0.00020857909,0.0037310706,-5.6272514e-05,-0.0012045746,0.00031375443,0.12806931,0.0011761785,-0.0015223385,-2.681672e-06,-1.6660122e-05,-0.00027677527,0.0014628277,0.0040147337
-0.0017997293,-0.003541304,-0.0025047408,0.00044673533,0.0038009705,-0.0050194217,0.0016137391,-0.005820522,-0.001313441,0.0064556007,0.0009771406,-0.0022733023,0.0038565001,0.001149932,0.0018520023,-0.00045469007,-0.0017924352,-0.0037161347,-0.0010900451,0.0006384727,0.0007975313,-0.0001311175,-2.8925633e-05,-3.4938338e-07,0.0010624619,0.00043228394,-0.0014828957,0.0003035307,-0.00061227585,-8.3125735e-05,0.009665943,8.329331e-05,-0.0036822162,0.00233931,0.045198884,0.0013081615,-0.00064641645,-1.3766551e-06,-1.9417294e-05,-0.0009917925,0.0005839916,0.0019011758
-0.002051273,-0.0023425575,-0.0011010905,0.00039104323,0.005306661,-0.004405002,0.0027153548,-0.005088955,-0.0014260785,0.0046766605,-0.0014447741,-0.00014268892,0.0016876621,-0.00029900367,0.0032437402,-0.0008208808,-0.0015706309,-0.0032508092,-0.0009507396,0.0014279932,0.0020232373,-0.00014944345,-1.9134184e-05,-1.5358982e-07,0.0009300105,0.00060352596,-0.0013013767,0.0005107353,-0.00053532043,-9.02544e-05,0.0070023434,-0.00012315526,-0.00023112255,0.001023717,-0.011752549,0.0022912154,-0.0011670166,-1.2063014e-06,-1.6985907e-05,-0.0008650435,0.001306142,0.004823046
-0.0021564947,-0.0042988923,0.0010756558,0.0008889283,0.0039395224,-0.0042542634,0.0028784135,-0.002299534,-0.0045007,0.0038256461,0.00052758795,0.00021104349,0.003449658,0.00094410067,0.0009260275,-0.0014083328,-0.0029836555,-0.003788563,-0.00023422367,-0.0010542395,-0.0013698506,-0.00015710929,-3.5113673e-05,1.5004197e-07,0.0021141209,0.00044804142,-0.0012568438,0.0005414053,-0.00024189394,-0.00028484265,0.0057281232,4.4972592e-05,0.0003418409,0.002092524,0.03710854,0.0006540994,-0.002002176,-2.2915553e-06,-1.979574e-05,-0.00021311162,-0.0009642808,-0.0032654854
-0.0012830524,-0.005722489,8.7477965e-05,7.047242e-05,0.003143326,-0.0042758267,0.0014210022,-0.005307448,-0.0014954155,0.006659177,-0.0023089838,-0.0001940495,0.00055636256,0.0011530219,0.0031916532,-0.0010856914,-0.0002332551,-0.0035701813,-0.0016218055,0.0034436747,0.0041859443,-9.3475515e-05,-4.6741716e-05,1.2202199e-08,0.00016760318,0.0003574901,-0.0012632143,0.00026727852,-0.00055830425,-9.464263e-05,0.009970757,-0.00019682213,-0.00031431465,0.0003374833,0.045320336,0.0022544237,-0.0015434882,-1.7914836e-07,-1.8654668e-05,-0.0014756221,0.0031498247,0.009978563
-0.0028107164,-0.004442831,0.00080086326,6.757863e-05,0.0031970998,-0.004449246,0.0010755836,-0.0028125423,-0.002722131,0.0027309014,0.0023332597,-0.0017886388,0.0020200666,0.0027298005,-9.552686e-05,-0.0015521615,-0.0029668931,-0.0032994342,-0.00019663794,-0.0016762876,-0.0006222008,-0.00020477196,-3.6289373e-05,1.1171148e-07,0.00016072094,0.0003636058,-0.0013144478,0.00020230819,-0.00029585863,-0.00017227964,0.0040889666,0.00019889144,-0.002897175,0.0012253498,0.10729672,-6.747538e-05,-0.002206652,-2.2786812e-06,-1.7239978e-05,-0.00017891373,-0.0015332494,-0.0014832184
-0.00090270047,-0.006089174,0.0011731149,0.0006052309,0.0027969235,-0.003428112,0.002931571,-0.003118682,-0.0026141857,0.005381468,-0.0019731899,0.00025440933,0.0005384482,0.00019722758,0.0019454063,-0.0019402795,-0.0009270124,-0.0024556317,-0.0018019208,0.0019995356,0.0028979965,-6.576535e-05,-4.9736827e-05,1.6363643e-07,0.0014394089,0.00031809378,-0.0010127726,0.0005514038,-0.00032806225,-0.00016544794,0.008057649,-0.00016819841,0.0004120834,0.0003266167,0.0077521685,0.0013741375,-0.0027584252,-7.119791e-07,-1.2830999e-05,-0.0016395025,0.0018289145,0.0069083194
-0.0014194736,-0.0059024645,-0.00038217276,0.00028737975,0.005061118,-0.0047453055,0.0029468695,-0.0074022543,-0.0015671202,0.0046962495,-0.00017001184,-0.001516646,0.00093315716,0.0028242841,0.0041161883,-0.0002926481,-0.00096299755,-0.002915492,-0.0009623282,0.0015133125,0.002583094,-0.00010341434,-4.821177e-05,-5.330883e-08,0.00068346964,0.00057560037,-0.0014019131,0.0005542813,-0.00077866233,-9.918072e-05,0.007031674,-1.449213e-05,-0.0024566106,0.0005660427,0.11101047,0.002907469,-0.00041604723,-7.3961695e-07,-1.523383e-05,-0.0008755876,0.001384181,0.0061576464
-0.0018256028,-0.006764425,0.0010487012,0.0013103093,0.002878282,-0.0042458307,0.0015164572,-0.0031817432,-0.0019659307,0.0025039618,0.0015808386,0.001360541,0.0015411861,0.0032713532,0.0028155982,-0.0017855614,-0.0027006792,-0.0031377648,3.4781115e-05,0.0012218577,0.000814935,-0.0001330025,-5.5252323e-05,1.462821e-07,0.003116283,0.00032734667,-0.0012543525,0.0002852328,-0.00033469583,-0.00012442084,0.0037491713,0.00013475366,0.002203757,0.0009348663,0.12858284,0.0019887974,-0.0025384682,-2.0742193e-06,-1.6395234e-05,3.1646076e-05,0.0011175962,0.0019426633
-0.0007870463,-0.0048423703,-0.0008977211,0.0016596103,0.0049135694,-0.0054162033,0.0025750124,-0.0075545474,-0.0018047352,0.006152846,0.00064819795,-0.0008716996,0.0006397442,0.004219031,0.004259329,0.0008768322,-0.00090754335,-0.0034523758,-0.0015138278,0.0024301652,0.0026753964,-5.733948e-05,-3.955284e-05,-1.2522207e-07,0.0039470186,0.0005588197,-0.0016001175,0.0004843381,-0.0007946825,-0.000114219016,0.00921263,5.5253615e-05,-0.0014119487,0.00038806172,0.16583197,0.0030085763,0.0012465606,-6.9702617e-07,-1.8039118e-05,-0.0013773771,0.0022227983,0.0063776793
0.0030874042,-0.017020296,0.0038047933,0.0093530705,0.010128964,-0.0053321314,0.0027881246,-0.015859444,0.0009974968,0.007763771,0.005965011,0.004108996,-0.0019148185,0.017446157,0.00955294,-0.003708235,0.00020380784,-0.0013483737,0.00024878053,0.0032070125,0.004160008,0.00022492978,-0.00013902305,5.307262e-07,0.022244226,0.0011519659,-0.0015752801,0.0005244227,-0.001668296,6.313009e-05,0.01162466,0.0005084688,0.0066556092,-0.0011615076,0.68573344,0.0067477175,-0.0052718637,1.565318e-07,-7.0454303e-06,0.00022635638,0.002933357,0.009916735
-0.0016668902,-0.0071531353,0.00028366092,0.0022140366,0.003250345,-0.0034024508,0.0010963934,-0.0039150952,-0.004259516,0.00679567,-0.0005429393,-5.449768e-05,0.002983035,0.0040589944,0.0034130854,-0.00088681304,-0.0016468512,-0.003741076,-0.0011014929,0.0007203949,0.0013745861,-0.00012143964,-5.842734e-05,3.956753e-08,0.0052656,0.00036966134,-0.0010051915,0.00020622235,-0.00041183902,-0.00026957845,0.010175128,-4.6281166e-05,-8.8273446e-05,0.0018094757,0.15954162,0.0024108323,-0.0012607501,-1.2648413e-06,-1.9547615e-05,-0.0010022084,0.00065892335,0.0032767742
0.0020878888,-0.0141511485,0.0035514878,0.0029482283,0.00477969,-0.008189708,0.0015714299,-0.0062494203,0.002733671,0.007570185,0.007236947,-0.00012615445,-0.002014003,0.012134988,0.005648048,-0.0043643187,0.0010002928,-0.0066018607,-0.00027097715,0.0022856526,0.0051110433,0.00015211107,-0.00011558763,4.953929e-07,0.007011714,0.0005435936,-0.0024194985,0.00029557268,-0.0006573927,0.00017300999,0.011334805,0.00061689096,-0.0002043406,-0.0012216717,0.47697422,0.003989498,-0.0062045944,7.682611e-07,-3.449559e-05,-0.00024655228,0.002090617,0.012183838
-0.00035016774,-0.008185554,0.0013792074,0.0021134918,0.00355625,-0.0051983283,0.0017053357,-0.0054689916,-0.001637898,0.0079589095,-0.0008984173,0.0009856548,0.0013168004,0.004672281,0.004797944,-0.0014096254,0.00015389198,-0.0035725706,-0.0014700168,0.003299241,0.0029314524,-2.5511124e-05,-6.6860215e-05,1.9238402e-07,0.0050264765,0.0004044519,-0.0015357503,0.00032075925,-0.0005752974,-0.00010366014,0.01191684,-7.6582786e-05,0.0015965294,0.0007987564,0.18364727,0.003389027,-0.0020040134,1.18194606e-07,-1.8667151e-05,-0.001337515,0.0030177154,0.0069880723
-0.0020642183,-0.0025075227,-0.00069028005,0.001605714,0.003264659,-0.00463135,0.0020457716,-0.0043907417,-0.0027046353,0.006261208,0.0021329175,-0.0007339073,0.0038015908,0.00076024764,0.0007506773,-0.00044187182,-0.001826516,-0.003312998,-0.0015478705,0.00034083732,-0.0001429528,-0.00015038658,-2.0481632e-05,-9.628636e-08,0.0038188382,0.0003712893,-0.0013682471,0.00038479237,-0.0004618735,-0.00017117236,0.00937488,0.0001818139,-0.0011887575,0.0023060024,0.029882066,0.0005302408,-0.0006281932,-1.4028304e-06,-1.7310851e-05,-0.0014083512,0.00031175354,-0.00034077463
-0.0017049783,-0.0037046045,0.0007503632,0.002029305,0.0025678934,-0.004509954,0.0022887262,-0.0024680048,-0.0035682307,0.0060264906,0.0020092295,0.0003089948,0.004484187,0.0004915782,0.0006983216,-0.0010730287,-0.0015937905,-0.0043413164,-0.00052062026,-0.00033742358,-0.001417416,-0.00012421451,-3.0259484e-05,1.04667286e-07,0.0048262565,0.00029204623,-0.0013323828,0.00043049006,-0.00025961583,-0.00022582803,0.009023438,0.00017127051,0.00050049904,0.0027200577,0.019321825,0.00049325934,-0.0015254861,-1.2240888e-06,-2.268395e-05,-0.0004736935,-0.0003086311,-0.0033788732
-0.0020347056,-0.0038621912,-0.00098062,0.00045776795,0.008146516,-0.0051318053,0.0021310854,-0.006898871,-0.0005710998,0.0042811325,-0.0018761707,0.00067097065,0.0017710769,0.0034755054,0.0055097705,-0.0021106708,-0.001204609,-0.003957224,-0.00045428606,0.0015354306,0.0018761547,-0.00014823646,-3.1546664e-05,-1.3678554e-07,0.0010887006,0.00092650234,-0.0015160973,0.00040083917,-0.0007257102,-3.614406e-05,0.006410121,-0.00015992833,0.0010868149,0.0010743155,0.13660717,0.0038918254,-0.0030006643,-9.251834e-07,-2.0677016e-05,-0.00041333842,0.0014044117,0.004472426
-0.00020215847,-0.010011271,0.0012057058,0.004972998,0.004784803,-0.0043286644,0.0014749379,-0.007686472,-0.0020763697,0.007560594,0.0009349128,0.001243681,0.0014051336,0.007526987,0.004809183,-0.0009822999,-0.00088052475,-0.0021835202,-0.0011815734,0.0022456772,0.0023339665,-1.4728055e-05,-8.17728e-05,1.681825e-07,0.011827185,0.0005441751,-0.0012788242,0.00027742336,-0.00080855994,-0.00013141036,0.011320445,7.969373e-05,0.0020144712,0.0008523384,0.29585353,0.0033969658,-0.0013965003,-6.7627485e-07,-1.1409181e-05,-0.0010750708,0.0020540527,0.00556377
-0.0006253584,-0.010453125,0.001552366,0.005076676,0.0055142464,-0.003950745,-0.0009406832,-0.0069104885,-0.0014033925,0.007297517,0.0006351912,-1.8239429e-05,0.0014279524,0.008965619,0.0046379506,-0.0023149364,-0.0015849548,-0.0031624648,-0.0008319946,0.00079390337,0.0025673576,-4.555987e-05,-8.538191e-05,2.1653771e-07,0.01207376,0.00062713464,-0.0011671748,-0.00017693457,-0.00072693225,-8.881863e-05,0.01092654,5.4144894e-05,-2.9543593e-05,0.00086618,0.35239995,0.0032760156,-0.0032910614,-1.2173026e-06,-1.6524295e-05,-0.0007570017,0.0007261593,0.0061201337
-0.0014715398,-0.0056950236,0.0006329259,0.0021859854,0.0042679976,-0.0050980384,0.0022224917,-0.004056678,-0.0015737686,0.006597612,0.0032756913,-3.4260564e-05,0.0040687188,0.0028487695,0.0016227111,-0.0022346913,-0.0013871706,-0.0042218193,-0.00088406703,-9.405741e-05,-0.00049751974,-0.00010720758,-4.6517376e-05,8.828609e-08,0.0051988866,0.00048539886,-0.0015061216,0.0004180319,-0.0004267325,-9.960148e-05,0.009878576,0.0002792261,-5.549407e-05,0.0024680393,0.11197288,0.0011462017,-0.00317698,-1.0653972e-06,-2.2059561e-05,-0.0008043806,-8.6031454e-05,-0.0011860005
0.005869071,-0.010920107,0.0032833698,0.0055184048,0.01009106,-0.008405812,0.011219934,-0.010759099,0.0040790266,0.010542981,0.0013605044,0.0050035887,-0.00073819817,0.009235984,0.008615817,-0.00266482,0.0049066935,-0.0039187474,-0.0017627606,0.0046294886,0.004689415,0.0004275854,-8.919625e-05,4.5799342e-07,0.013124314,0.0011476551,-0.0024833423,0.0021103749,-0.0011317777,0.00025815555,0.01578596,0.00011597196,0.008104639,-0.00044778278,0.36302683,0.006085781,-0.0037884784,3.7685181e-06,-2.047597e-05,-0.0016038719,0.0042344527,0.01117875
-0.00029987935,-0.008497575,0.0031394977,0.004017592,0.0046484945,-0.0036582537,0.0045779753,-0.0041573336,-0.0010727444,0.0071295435,0.00036190377,0.00029362075,0.0021355047,0.001807439,0.0018567566,-0.0025174504,-0.0012884897,-0.002528681,-0.00023488794,-9.575125e-05,0.0027504265,-2.1847414e-05,-6.940882e-05,4.3792488e-07,0.009554961,0.00052867277,-0.0010807636,0.0008610785,-0.0004373207,-6.7892404e-05,0.0106750345,3.0849358e-05,0.0004755967,0.0012953733,0.07104266,0.0013115198,-0.0035789683,-9.896067e-07,-1.3212691e-05,-0.00021371602,-8.758076e-05,0.0065565384
0.0011111121,-0.0057875677,5.0151048e-05,0.0021793463,0.008969703,-0.0071448567,0.006818204,-0.009342821,0.0028134766,0.00813546,-0.0011089661,-0.00058507157,-0.00058226986,0.0027261581,0.0075267586,-0.0010614877,0.0013325012,-0.0037453545,-0.0012207042,0.00365378,0.0052618403,8.094897e-05,-4.7273283e-05,6.995511e-09,0.005183097,0.0010201233,-0.0021108163,0.0012824467,-0.0009827956,0.00017806077,0.01218119,-9.4530355e-05,-0.0009476786,-0.00035319838,0.10715356,0.0053165248,-0.0015090788,1.0234091e-06,-1.956997e-05,-0.0011106745,0.0033420017,0.012543311
-0.0021809845,-0.0041312245,0.0012211688,0.0014504574,0.0052032503,-0.005385845,0.0016078812,-0.003678258,-0.0033361663,0.0040331148,0.0027832356,-0.0004110529,0.0020642136,0.0016681965,0.0002973074,-0.0020761713,-0.002167115,-0.004653208,-0.00042541226,0.00057411264,-6.5339176e-05,-0.00015889347,-3.374415e-05,1.703394e-07,0.0034495946,0.00059176504,-0.0015911488,0.00030242887,-0.0003869255,-0.00021114101,0.0060387654,0.00023724824,-0.0006658092,0.001252129,0.06556963,0.00021000303,-0.0029516178,-1.6644227e-06,-2.4313624e-05,-0.0003870672,0.0005251234,-0.00015575723
-0.0038625319,-0.0025363327,-0.00029965313,-0.0011309054,0.0038860068,-0.0034334804,-0.00014324201,-0.0029450539,-0.0033322226,0.0023659694,-0.00010834147,-0.0005018381,0.0020769252,-0.00027632003,-0.00029377162,-0.0017775263,-0.003485929,-0.003652185,-0.0006197651,0.00018136308,0.00024885012,-0.00028140095,-2.0716954e-05,-4.1798266e-08,-0.0026896102,0.0004419551,-0.0010143586,-2.6942613e-05,-0.00030979785,-0.00021089143,0.0035425557,-9.235231e-06,-0.0008128599,0.0012598396,-0.010860953,-0.00020750554,-0.002527045,-2.6773196e-06,-1.9083147e-05,-0.0005639018,0.00016588731,0.0005932154
-0.001973306,-0.0050960295,-0.0004500898,0.0014580677,0.0014009173,-0.0031220948,0.0011086626,-0.0042454507,-0.0030796344,0.0051857196,-0.00027788425,0.00037253049,0.0024042896,0.0025390892,0.002403149,-0.00040851848,-0.0020620134,-0.0023316504,-0.0010763607,0.00048781137,0.0005217948,-0.00014376326,-4.1624746e-05,-6.2782505e-08,0.003467694,0.00015932617,-0.0009223654,0.00020853007,-0.00044658998,-0.0001949055,0.0077645555,-2.3687377e-05,0.0006034119,0.0014584152,0.09980068,0.0016974639,-0.00058077596,-1.5837009e-06,-1.218318e-05,-0.0009793416,0.00044618626,0.0012438679
-0.00062852516,-0.005424252,-0.0005376632,0.0012075119,0.0025660023,-0.0049586273,0.0026389486,-0.0061153877,-0.00079465494,0.0072289254,-0.0019324819,0.0003635657,0.0015784011,0.0016766946,0.0049434328,-0.0005614745,-0.00015232526,-0.0026421933,-0.0012598198,0.0021336544,0.002106449,-4.579058e-05,-4.4305692e-05,-7.4998006e-08,0.0028718018,0.00029183115,-0.0014649351,0.00049636397,-0.0006432935,-5.0292532e-05,0.010823838,-0.0001647284,0.0005888911,0.00095744047,0.065903656,0.003491793,-0.00079822796,-1.1699131e-07,-1.38058085e-05,-0.0011462644,0.0019515889,0.005021408
-0.0014409701,-0.007646532,0.0015060771,0.003681196,0.0040710922,-0.00400032,0.0010562936,-0.0052224165,-0.0037344373,0.0051290216,0.0011967772,0.0018817927,0.0019445202,0.0041776206,0.0038944366,-0.0012416099,-0.0016448564,-0.004521641,0.0007465326,0.0013772437,0.0023454514,-0.000104980456,-6.245744e-05,2.1008094e-07,0.0087549165,0.00046300484,-0.0011818209,0.0001986799,-0.00054935954,-0.000236347,0.0076796617,0.00010201554,0.0030480623,0.0011795242,0.16420431,0.0027508347,-0.001765152,-1.2633093e-06,-2.362617e-05,0.00067924295,0.001259723,0.005591148
-0.0011113682,-0.010104539,0.0027030562,0.0051363907,0.0050534233,-0.003892583,0.00057105423,-0.004934201,-0.0027170335,0.002729168,0.0027235125,0.0017412533,0.0017513001,0.008171847,0.0028141616,-0.0027394847,-0.0031354656,-0.0026955248,0.0007596096,-0.002686982,-0.00014668939,-8.0967635e-05,-8.253462e-05,3.7704615e-07,0.012215778,0.0005747253,-0.001149992,0.00010741048,-0.00051904144,-0.00017195703,0.0040863715,0.00023215733,0.0028204217,0.001062319,0.3212002,0.0019877825,-0.0038946264,-2.408151e-06,-1.4084472e-05,0.00069114123,-0.002457701,-0.00034968197
-0.0020952187,-0.002574062,-0.00052320265,0.00062110554,0.003211975,-0.003849876,0.0022315993,-0.0040268283,-0.0025423078,0.0036617052,0.00062861736,0.00032794016,0.0014858914,0.0010165279,0.0019199436,-0.0007484578,-0.0020863782,-0.0030081782,-0.001071788,0.0015196042,0.0016743727,-0.0001526451,-2.102513e-05,-7.2980924e-08,0.0014771632,0.00036529754,-0.001137375,0.000419745,-0.00042359252,-0.0001608989,0.0054826555,5.358453e-05,0.00053118606,0.00090132514,0.03995534,0.0013561519,-0.0010640554,-1.6024139e-06,-1.5718128e-05,-0.00097518106,0.0013899358,0.0039914134
-0.0014611764,-0.0076786373,0.0028827724,0.005049562,0.006203674,-0.005440498,0.0013555265,-0.0046446063,-0.0018577323,0.0018289109,0.0076712067,0.0009532649,0.002175119,0.0040855715,-0.00016965112,-0.003410535,-0.0032595517,-0.004638968,0.0014154284,-0.0006608567,-0.0008797038,-0.000106452564,-6.271968e-05,4.0211455e-07,0.012009275,0.0007055431,-0.0016072949,0.0002549631,-0.00048857817,-0.00011757312,0.0027384204,0.0006539081,0.0015440653,0.001319403,0.16058625,-0.00011983304,-0.0048486344,-2.5034537e-06,-2.423922e-05,0.001287847,-0.00060446555,-0.0020970607
-0.0018972908,-0.0053060167,-0.000769643,0.0006473531,0.0037145205,-0.0045257844,0.0012147411,-0.006444335,-0.0023115762,0.004971556,-0.0006412782,0.00021117009,0.0019463326,0.0029128809,0.0030487692,-0.00053004385,-0.0014786867,-0.0036019997,-0.00023601705,0.0020012148,0.0024456407,-0.00013822525,-4.3339936e-05,-1.07356605e-07,0.0015395873,0.000422452,-0.0013370597,0.00022848255,-0.0006778963,-0.00014629622,0.007443889,-5.4663764e-05,0.00034204597,0.0011806237,0.114492826,0.0021534977,-0.0007535442,-1.1356849e-06,-1.8820923e-05,-0.00021474336,0.0018304504,0.005829982
-0.00016624224,-0.009028332,0.0012556727,0.0051289084,0.0055096457,-0.0032989352,0.0011077393,-0.009858528,-0.0031807884,0.0036680447,0.000661592,0.0036077052,2.2116583e-06,0.00815857,0.0056451033,-0.0012899456,-0.0011176462,-0.0015930468,0.0010188528,0.0030551911,0.0025353474,-1.2111414e-05,-7.3744086e-05,1.7515231e-07,0.012197983,0.00062661135,-0.0009746097,0.0002083564,-0.0010370442,-0.00020130738,0.0054921475,5.6395347e-05,0.0058436356,1.3415672e-06,0.32067832,0.003987418,-0.001833869,-8.5839275e-07,-8.323879e-06,0.00092701724,0.0027944904,0.006043827
-0.0021214804,-0.004338187,0.00050500495,0.0016178532,0.005233852,-0.0055326927,0.0017906723,-0.005293469,-0.002637289,0.004933797,0.002512478,-0.00053939567,0.0018847419,0.002050295,0.001110973,-0.0012003023,-0.0022192488,-0.004220948,-0.00076050335,0.0012076697,0.00083661376,-0.00015455837,-3.5434634e-05,7.044255e-08,0.0038477087,0.0005952454,-0.0016345321,0.00033681034,-0.00055683375,-0.00016691012,0.0073873526,0.00021416837,-0.0008736944,0.0011432634,0.08058828,0.0007847356,-0.0017064264,-1.7044634e-06,-2.205501e-05,-0.0006919544,0.0011046188,0.0019943416
-0.0018073882,-0.0057603824,0.0017453367,0.00060272973,0.0034947577,-0.0037791182,0.0021574397,-0.0029857336,-0.0037545115,0.0058364924,-0.001723725,0.0009873614,0.002411913,0.002369544,0.0024254895,-0.00076610537,-0.0021573468,-0.0037693447,-0.00025931458,0.0009089098,0.0010461666,-0.00013167548,-4.705123e-05,2.4345496e-07,0.0014334604,0.00039745838,-0.0011164709,0.0004057962,-0.00031407707,-0.00023761747,0.008738955,-0.00014693357,0.0015992938,0.0014630394,0.093136586,0.0017132441,-0.0010891443,-1.6569204e-06,-1.9695322e-05,-0.00023594093,0.00083135214,0.0024938793
-0.0021021995,-0.004465526,0.00032762898,0.0017999443,0.0018398012,-0.0036366906,0.0011976231,-0.0018805105,-0.003953474,0.0032505128,0.0026790767,9.585137e-05,0.0030341705,0.0024610315,0.00022790022,-0.0014472208,-0.0025867496,-0.0037231592,-0.00040375712,-0.0017280524,-0.0013913277,-0.00015315367,-3.6474747e-05,4.5700585e-08,0.0042807725,0.00020924037,-0.0010743933,0.00022526279,-0.00019781578,-0.00025020953,0.0048669786,0.00022836955,0.00015525673,0.001840494,0.09673257,0.00016097729,-0.0020574615,-1.9867173e-06,-1.9453997e-05,-0.00036736397,-0.001580597,-0.0033166832
-0.0014881087,-0.0053094453,0.0003825404,-0.0004199544,0.0025789149,-0.0038409773,0.0026842654,-0.0029822448,-0.0013807262,0.0042465176,0.00011991919,-0.0012303926,0.00042512524,0.0006159242,0.002860404,-0.002429798,-0.00089634885,-0.0033445281,-0.0010733608,0.0018196994,0.004100961,-0.000108414686,-4.336794e-05,5.3360115e-08,-0.0009987693,0.0002932997,-0.001134746,0.00050488766,-0.00031371007,-8.738412e-05,0.0063582924,1.02221375e-05,-0.0019929472,0.00025787624,0.024209332,0.002020446,-0.003454356,-6.884284e-07,-1.74756e-05,-0.0009766121,0.0016644237,0.009775978
-0.0020145709,-0.0059534507,0.0011853699,-0.00025042152,0.0039462545,-0.0051404126,0.0018761795,-0.003997178,-0.0013645894,0.003786582,0.0020084176,-0.0015749496,0.0008895092,0.0038263968,0.0024002509,-0.0019659891,-0.0021173083,-0.00376887,-0.00023160153,0.0007103513,0.0020373065,-0.00014676957,-4.8628226e-05,1.6534587e-07,-0.00059557264,0.00044880706,-0.0015186402,0.00035289352,-0.00042047352,-8.6362845e-05,0.005669633,0.0001712013,-0.0025510488,0.00053956633,0.15039921,0.0016954169,-0.0027949756,-1.6261695e-06,-1.9692841e-05,-0.00021072583,0.0006497367,0.004856584
-0.0003184236,-0.0050163195,-0.0007658687,0.0031250028,0.0047153644,-0.005873776,0.0034929835,-0.007607875,0.0013475972,0.0082335565,0.00073262956,-0.000112100155,0.0025516055,0.0046060774,0.0051033646,-7.35037e-05,0.00017365627,-0.0029838032,-0.0015622748,0.0025169593,0.0021613867,-2.3198438e-05,-4.0973668e-05,-1.0683013e-07,0.0074321334,0.00053627783,-0.001735299,0.0006570007,-0.0008002921,8.528743e-05,0.012328069,6.245072e-05,-0.00018157593,0.0015477753,0.1810451,0.0036047609,-0.00010449756,1.333743e-07,-1.5590764e-05,-0.0014214572,0.0023021863,0.00515237
-0.0016701351,-0.0029762858,-0.00023362364,0.0019221276,0.0036130236,-0.0051797405,0.0021990957,-0.0034010792,-0.0037850642,0.004907828,0.0032384496,0.00030612148,0.0042971927,0.0017084912,0.0017197307,-0.0017592167,-0.0018453964,-0.003984697,-0.0001926033,-0.0009417144,-0.0026152926,-0.00012167604,-2.4310522e-05,-3.2587888e-08,0.0045713587,0.00041090875,-0.0015302589,0.00041363132,-0.00035776835,-0.00023955111,0.0073484695,0.00027605155,0.0004958449,0.0026066292,0.06715345,0.0012147315,-0.0025010149,-1.4173312e-06,-2.0820567e-05,-0.00017524276,-0.00086135755,-0.0062344023
-0.001104096,-0.0056576207,0.0016609475,0.0023422856,0.0037298333,-0.0052564247,0.002472465,-0.003631278,-0.0042680902,0.006391274,0.002978007,0.000819757,0.0023132737,0.0028371457,0.002085422,-0.0013951489,-0.0008368129,-0.0050866287,-0.0004438192,0.0010173896,0.00090778683,-8.043782e-05,-4.6211866e-05,2.3168361e-07,0.0055706124,0.0004241935,-0.0015529139,0.0004650498,-0.00038198355,-0.00027012112,0.009569626,0.00025385094,0.001327814,0.001403206,0.111516,0.0014730375,-0.0019834328,-6.4270256e-07,-2.6578306e-05,-0.000403815,0.00093057536,0.0021640058
-0.0022842279,-0.0050224247,6.0552513e-05,-0.0011350795,0.00030109938,-0.0033730164,0.001276321,-0.0005357049,-0.0031795953,0.0015585843,-0.0006044024,0.0005370399,0.00087427406,0.0010778116,0.0026081447,-0.0019195869,-0.002292921,-0.003716119,-0.0002809528,0.0015300196,0.0016343347,-0.00016641516,-4.1023537e-05,8.446399e-09,-0.0026995374,3.4243996e-05,-0.0009964956,0.0002400652,-5.635219e-05,-0.00020123187,0.0023336615,-5.1520397e-05,0.00086987857,0.0005303249,0.04236414,0.0018422626,-0.0027290073,-1.7610464e-06,-1.9417212e-05,-0.00025562878,0.0013994625,0.0038959696
-0.00033499347,-0.0058799773,-0.0009033364,0.0016205483,0.005266754,-0.0050082756,0.0037867525,-0.007638289,0.0008305451,0.007657915,-0.0020946483,0.0014750785,0.0022162148,0.0033185938,0.0078605665,-0.0010504373,0.0005388013,-0.002980118,-0.00091658725,0.0011783298,0.0022269464,-2.440562e-05,-4.802809e-05,-1.2600533e-07,0.0038541185,0.00059898733,-0.0014796028,0.0007122562,-0.00080349145,5.2563966e-05,0.011466163,-0.00017855177,0.002389281,0.0013443312,0.13043965,0.00555231,-0.0014933688,4.138189e-07,-1.5571508e-05,-0.0008339695,0.0010777825,0.0053086528
-0.0016268333,-0.0046092607,-0.0013028906,-0.00010975226,0.005402362,-0.0048594326,0.0023242878,-0.0064483453,-0.0010598172,0.005316714,-0.0022440255,0.00042143877,0.0018344134,0.0024460936,0.006457566,-0.0011334664,-0.0009891817,-0.003980893,-0.00089416944,0.0021170485,0.002415869,-0.00011852133,-3.7648784e-05,-1.8173868e-07,-0.00026102166,0.00061441,-0.0014356299,0.0004371789,-0.0006783182,-6.707426e-05,0.007960693,-0.00019128495,0.0006826319,0.0011127347,0.09614542,0.004561301,-0.0016114082,-7.5972736e-07,-2.0800691e-05,-0.0008135724,0.0019364,0.005759011
-0.0032187987,-0.0040342263,-0.0004541363,-0.0003774805,0.0020626008,-0.002656329,0.0005126107,-0.0025597683,-0.0038726344,0.001833669,-0.000838157,0.00080709887,0.0016130095,0.0011994053,0.0028374908,-0.0010237372,-0.003081871,-0.003565357,-0.00028055414,0.0018354241,0.0020049673,-0.0002345024,-3.295186e-05,-6.334694e-08,-0.0008977545,0.00023457935,-0.0007847635,9.6417745e-05,-0.00026926867,-0.00024509328,0.0027455448,-7.1446084e-05,0.0013073108,0.0009784335,0.047143467,0.0020042611,-0.0014554103,-2.3669884e-06,-1.862946e-05,-0.00025526606,0.0016788067,0.004779493
0.000860712,-0.00889695,0.0023466928,0.0036530043,0.005249693,-0.005622023,0.003105475,-0.0042871386,-0.00072500296,0.0078004175,0.0014246096,0.0027629584,0.0028163888,0.0057095434,0.004135215,-0.0026906626,0.0005845453,-0.0048490386,-0.00068718125,-0.00045771647,0.0006738015,6.270633e-05,-7.267095e-05,3.2733743e-07,0.008687869,0.000597047,-0.0016609231,0.00058411364,-0.00045097523,-4.5884364e-05,0.011679531,0.0001214364,0.004475344,0.0017083901,0.22441761,0.0029209086,-0.003825218,4.4895197e-07,-2.5336865e-05,-0.0006252413,-0.00041865936,0.0016062256
-0.0014841704,-0.005931168,0.00012659587,-0.0003216719,0.0016620556,-0.00473966,0.0015217518,-0.0034039568,-0.0010555447,0.0051269354,7.157374e-05,-0.00037102902,0.0012616806,0.0017799449,0.0022588433,-0.0020339275,-0.0011979503,-0.0032657457,-0.0012415689,0.0017358578,0.0020352001,-0.00010812777,-4.8446218e-05,1.765871e-08,-0.00076502596,0.00018902539,-0.0014002452,0.00028622866,-0.00035807106,-6.680386e-05,0.007676538,6.1010805e-06,-0.0006009799,0.00076532137,0.06996198,0.0015955336,-0.0028915612,-9.200692e-07,-1.706395e-05,-0.0011296585,0.0015877364,0.004851563
-0.0021185542,-0.0056261886,0.00021332706,0.0028769032,0.003000925,-0.0029067474,0.001356687,-0.004494127,-0.0046922625,0.005381612,0.0014225604,0.0005147447,0.003606944,0.003336228,0.001718522,-0.00056153873,-0.0025372393,-0.0030326257,-0.00028597092,-0.00085380103,-0.00033386415,-0.00015434518,-4.5955127e-05,2.9756743e-08,0.006842083,0.00034129486,-0.000858745,0.00025518137,-0.00047274888,-0.00029696635,0.008057864,0.00012126173,0.0008337656,0.0021879321,0.13113278,0.0012138778,-0.00079831935,-1.9486918e-06,-1.5845868e-05,-0.00026019456,-0.0007809459,-0.00079587405
-0.0008042718,-0.010225321,0.0030033838,0.0045553185,0.0068518333,-0.0063918093,0.0015519668,-0.007879758,-0.0013735471,0.0049115894,0.0028236539,0.00062947784,0.00097067305,0.0054658824,0.0030747014,-0.0011656773,-0.0033893993,-0.0038382662,0.001494917,0.0027453653,0.0025882255,-5.8594425e-05,-8.352118e-05,4.189385e-07,0.010833825,0.0007792582,-0.0018883424,0.00029191186,-0.0008288922,-8.6929766e-05,0.0073541016,0.00024069357,0.0010196064,0.0005887994,0.21484034,0.002171815,-0.0016572013,-2.6031812e-06,-2.0055446e-05,0.0013601708,0.0025111022,0.0061698793
-0.002394155,-0.0037312603,0.00089554285,-0.00037564273,0.0056822794,-0.005230628,0.0016184938,-0.0050496645,-0.0019063387,0.0018452684,0.001456698,-0.00061020086,-0.0006304539,0.0023044536,0.0016331573,-0.0018232572,-0.0023035125,-0.0034884647,-0.0004610533,0.0014240949,0.001825512,-0.0001744238,-3.0477211e-05,1.2491823e-07,-0.0008933838,0.00064624497,-0.0015452927,0.00030442502,-0.00053118734,-0.000120649354,0.0027629123,0.00012417168,-0.0009883821,-0.0003824263,0.09057817,0.0011535804,-0.0025920589,-1.769181e-06,-1.8227687e-05,-0.0004194957,0.0013025764,0.004351703
-0.0011641055,-0.0069735777,0.001755665,0.0019624736,0.0056891856,-0.004769533,0.003601761,-0.006730978,-0.000724562,0.005662907,0.0025785102,0.001697053,0.0023376436,0.004805533,0.00427248,-0.0014623257,-0.0006138899,-0.0036631443,-0.00035868603,0.0018877311,0.002714595,-8.4809755e-05,-5.69607e-05,2.4489566e-07,0.004667313,0.0006470304,-0.0014090707,0.00067746086,-0.00070804905,-4.5856454e-05,0.008479046,0.00021979706,0.0027488274,0.0014179886,0.18888485,0.0030178656,-0.0020789355,-4.7148964e-07,-1.914041e-05,-0.00032635542,0.0017266503,0.006471122
0.00016230927,-0.007938053,0.00092608394,0.0021079988,0.007249248,-0.005124722,0.00390532,-0.009197129,0.001753293,0.0071592266,0.0017887874,0.0016516345,0.0018344764,0.003476592,0.0049846256,-0.0041038003,0.0011395465,-0.0030910412,-0.0005872152,0.0019257115,0.0031783604,1.1824882e-05,-6.483861e-05,1.2917837e-07,0.0050134123,0.00082445616,-0.0015140048,0.00073455775,-0.0009674699,0.000110963316,0.010719479,0.00015247961,0.0026752602,0.0011127729,0.13664989,0.0035208897,-0.0058342246,8.7521295e-07,-1.6151098e-05,-0.0005342858,0.0017613898,0.0075766584
-0.0013634298,-0.0031550706,-0.00044716947,0.00094343035,0.00555488,-0.0070507945,0.0013245968,-0.005368959,-0.001103184,0.0065983674,0.0012142812,-0.0015246014,0.002681627,0.0013645394,0.0022815894,-0.0020457841,-0.0009383906,-0.0047013806,-0.00095048244,0.0013925321,0.00084220094,-9.933134e-05,-2.577085e-05,-6.237515e-08,0.002243742,0.00063175586,-0.0020830275,0.00024914547,-0.00056477473,-6.9818874e-05,0.009879707,0.00010350761,-0.0024694963,0.001626645,0.053634178,0.0016116004,-0.0029084175,-7.2071794e-07,-2.4565334e-05,-0.0008648095,0.0012737069,0.0020076605
-0.0012661945,-0.007125497,0.0013659078,0.00477188,0.0050911987,-0.0035309875,0.0017845919,-0.0060864496,-0.004004116,0.0043120496,0.0030289139,0.00042962516,0.003553593,0.0054301703,0.00088207796,-0.0015686861,-0.0028356807,-0.0025169011,0.0005891811,-0.0020222212,-0.0014848873,-9.224735e-05,-5.8201585e-05,1.905289e-07,0.011348869,0.00057902146,-0.0010431652,0.00033566667,-0.00064024946,-0.0002534146,0.0064564133,0.00025819032,0.0006958919,0.0021555698,0.21343665,0.0006230556,-0.0022301443,-2.1779053e-06,-1.315114e-05,0.0005360745,-0.0018496644,-0.003539713
-0.0023399424,-0.0036105337,-0.00022099534,0.00021072259,0.003516039,-0.0031308378,0.0018782979,-0.0033264682,-0.0026574333,0.0046405317,-0.0011011538,0.0009429914,0.0011680549,-0.0003867573,0.002423103,-0.0017953592,-0.002025127,-0.0033339346,-0.0014049499,0.0017630084,0.0022105072,-0.00017047419,-2.9491106e-05,-3.082638e-08,0.0005011574,0.0003998787,-0.00092494837,0.00035329198,-0.00034991984,-0.00016818501,0.006948248,-9.386442e-05,0.0015274247,0.000708529,-0.015201767,0.0017115584,-0.0025523973,-1.5553708e-06,-1.7420247e-05,-0.001278313,0.0016125703,0.0052694646
-0.001931227,-0.005605202,0.0010848874,0.001728469,0.0041743023,-0.003979273,0.0017635226,-0.0043058135,-0.0011214989,0.0052468088,0.0033864083,-3.5974663e-06,0.0033486502,-3.3902004e-05,-5.4756412e-05,-0.0031838128,-0.0013868244,-0.003785084,-0.0003637458,0.00025710365,0.000934546,-0.00014069764,-4.578371e-05,1.5132967e-07,0.0041107843,0.00047474293,-0.001175603,0.00033170372,-0.00045293968,-7.0978e-05,0.007856024,0.0002886638,-5.8270507e-06,0.002031254,-0.001332542,-3.8677183e-05,-0.0045263115,-1.0651313e-06,-1.9777563e-05,-0.00033095913,0.0002351649,0.002227795
-0.003091003,-0.004751688,5.6501776e-06,-0.0009318858,0.0014369953,-0.0029820844,-0.00031195604,-0.0031102893,-0.0028353939,0.0031662395,-1.3121069e-05,-0.00032826344,0.00092543324,0.002380263,2.5806308e-05,-0.0015743028,-0.0031900597,-0.002816195,-0.0011282194,-3.4878845e-05,0.00084544206,-0.00022519198,-3.881214e-05,7.8813667e-10,-0.0022162858,0.00016342931,-0.00088100194,-5.8676298e-05,-0.0003271794,-0.00017944787,0.0047407965,-1.1184646e-06,-0.0005317097,0.0005613575,0.09355791,1.8228282e-05,-0.0022381295,-2.4500812e-06,-1.4714989e-05,-0.001026526,-3.1902622e-05,0.0020153867
6.520655e-06,-0.0054947664,0.00051570893,0.0017108086,0.008536056,-0.0064504994,0.004371413,-0.008740004,0.0016913568,0.0050658584,-0.00069553195,0.0027582743,0.0014947271,0.0051240157,0.0056184884,-0.0022362524,0.00044137426,-0.0040009776,0.00026956853,0.0015509329,0.0017307085,4.7505588e-07,-4.488166e-05,7.193564e-08,0.0040687826,0.0009708046,-0.0019056813,0.0008222259,-0.0009193837,0.00010704347,0.007585088,-5.9288453e-05,0.004467757,0.0009066848,0.20140304,0.0039686183,-0.0031791993,3.389914e-07,-2.0905634e-05,0.00024527064,0.0014185912,0.004125708
0.001080371,-0.00393061,0.0012077108,0.0014206538,0.0053925486,-0.0052506644,0.005409494,-0.00441376,6.789435e-05,0.008295303,-0.0016880541,0.0043608947,-0.00052717584,0.0008760645,0.0058918716,-0.0033945157,0.0018301101,-0.003731096,-0.0023900617,0.0037105023,0.0040414818,7.870936e-05,-3.2105516e-05,1.6846218e-07,0.0033787133,0.00061329396,-0.0015512122,0.0010174802,-0.00046429486,4.2969327e-06,0.012420522,-0.0001438929,0.007063626,-0.00031977898,0.03443433,0.0041617225,-0.0048258603,1.4055908e-06,-1.9495468e-05,-0.0021746305,0.0033938838,0.009634189
-0.0018561692,-0.006159817,0.00045968627,0.0013010254,0.0036185703,-0.002788872,0.001870929,-0.0049978816,-0.003648676,0.0038030609,-0.0008696446,0.0010509284,0.0016281798,0.0035085853,0.0025805025,-0.00078166684,-0.0025126205,-0.0023069016,-0.00036287162,0.0011833829,0.00168679,-0.00013522938,-5.031384e-05,6.41211e-08,0.0030942033,0.00041153957,-0.0008239209,0.00035190594,-0.00052574015,-0.0002309193,0.0056943065,-7.413014e-05,0.0017022573,0.0009876357,0.1379074,0.0018227376,-0.0011112675,-1.9297836e-06,-1.2053864e-05,-0.00033016375,0.0010824044,0.004021014
-0.0003108848,-0.0040876917,0.00055023504,0.0011614794,0.00822615,-0.005072478,0.006154114,-0.006381831,-8.6606015e-05,0.0059681702,-0.00052908156,-0.0008236387,-0.0012721666,-0.0032362198,0.0027631905,-0.0017901734,-0.0001934194,-0.0030588408,-0.0018187313,0.0038224226,0.005422459,-2.2649205e-05,-3.338857e-05,7.675164e-08,0.0027623237,0.00093555904,-0.0014985703,0.0011575369,-0.0006713214,-5.481166e-06,0.008936116,-4.5099907e-05,-0.0013341013,-0.00077168207,-0.12720188,0.0019517792,-0.0025450247,-1.485531e-07,-1.5982845e-05,-0.0016547977,0.0034962539,0.012926199
-0.0012914755,-0.0071807737,0.0011580491,0.0014064104,0.0037804216,-0.0037542938,0.002519574,-0.0045793746,-0.002753663,0.007369421,-0.0019494195,0.0013878371,0.0027606506,0.0018499086,0.0039146338,-0.000883695,-0.0008538207,-0.0038343486,0.00021190767,0.002106185,0.0026340068,-9.408917e-05,-5.865309e-05,1.6153491e-07,0.0033448383,0.0004299469,-0.001109137,0.0004739106,-0.0004817163,-0.00017427525,0.011034202,-0.00016617219,0.0022479703,0.0016745798,0.07271195,0.002765101,-0.0012563172,-6.557652e-07,-2.0034977e-05,0.0001928071,0.0019264636,0.006279014
-0.002603823,-0.0055601294,-0.00068432296,0.0013766098,0.0039587384,-0.0033621576,-0.0004730511,-0.0058346735,-0.0028429276,0.004598271,0.0009326731,0.00027737167,0.0024231288,0.0029935262,0.0019286413,-0.0014922058,-0.0031296664,-0.0030809445,-0.00072927267,0.0021255878,0.0020205376,-0.00018969896,-4.541555e-05,-9.545541e-08,0.0032739642,0.00045022686,-0.0009932875,-8.8976914e-05,-0.00061376445,-0.00017992467,0.0068849716,7.950281e-05,0.000449277,0.0014698429,0.117662646,0.0013622955,-0.002121415,-2.4036972e-06,-1.6098342e-05,-0.00066353875,0.0019442106,0.00481661
-0.0022666287,-0.002960255,-0.0009894315,-0.0004293773,0.0012832221,-0.0016101275,0.0023871353,-0.0012068562,-0.0036206308,0.0053752963,-0.0004154291,-0.00021811796,0.0021335203,-0.0025392144,0.000118275,-0.0016033992,-0.0018818157,-0.0022374277,-0.0018628036,0.00066318375,0.001860989,-0.000165133,-2.4179582e-05,-1.3801464e-07,-0.0010211797,0.0001459407,-0.00047568252,0.00044899998,-0.00012695233,-0.00022914435,0.008048408,-3.541196e-05,-0.0003532999,0.0012941696,-0.0998056,8.354353e-05,-0.0022794947,-1.4453026e-06,-1.1690855e-05,-0.0016948974,0.000606594,0.004436274
0.0019509946,-0.0066172257,-0.0013300941,0.0013436186,0.008933275,-0.009103568,0.0049131196,-0.011417742,0.0030357107,0.009488061,-0.001473068,-0.0030675004,0.00033655902,0.007893389,0.008536423,-0.0006118304,0.0025751877,-0.004544612,-0.001464549,0.0038688197,0.005419434,0.00014213778,-5.404999e-05,-1.8553327e-07,0.0031955019,0.0010159804,-0.0026894817,0.0009241163,-0.0012010619,0.00019212563,0.014206433,-0.0001255671,-0.0049686306,0.00020415295,0.3102552,0.006029701,-0.00086981716,1.9778374e-06,-2.3746195e-05,-0.0013325401,0.003538692,0.012918988
-0.00059789093,-0.0049516275,0.00072228187,0.0014868155,0.0057908846,-0.0057639116,0.003494734,-0.006055154,0.00010260288,0.0035008087,0.0004582779,0.00070481387,0.00044917036,0.004696691,0.0034129573,-0.0016978141,-0.0007085039,-0.0035329508,-0.00035439464,0.0014178436,0.002404914,-4.3558754e-05,-4.0445262e-05,1.00750256e-07,0.0035360644,0.00065859663,-0.0017028416,0.0006573299,-0.00063695735,6.493584e-06,0.0052417456,3.906447e-05,0.001141633,0.00027246174,0.18460673,0.002410742,-0.002413721,-5.4415665e-07,-1.8460132e-05,-0.00032245083,0.0012968585,0.0057328967
-0.00087143667,-0.0051929825,0.0012840325,0.0012079586,0.0032966826,-0.0031256662,0.0035677017,-0.0030247495,-0.0022555487,0.0049882615,-0.0008045379,0.0015954985,0.0015575439,-0.0006395214,0.0020832487,-0.0026640468,-0.00044052652,-0.0024936353,-0.0012190078,0.0007429168,0.0027753308,-6.3487656e-05,-4.2416665e-05,1.7910818e-07,0.0028728643,0.00037493132,-0.00092342054,0.0006710545,-0.00031818124,-0.00014275033,0.0074689025,-6.8580324e-05,0.002584333,0.00094478874,-0.025136838,0.0014715024,-0.003787379,-3.383403e-07,-1.3029573e-05,-0.001109131,0.0006795234,0.0066159056
-0.0005105487,-0.0046429452,0.0004286682,-0.0012207138,0.0023804868,-0.004441594,0.0043946044,-0.0030434155,-0.0011001045,0.0051834076,-0.0019653281,0.001231655,0.00023012841,-0.0002704414,0.0036210632,-0.002733983,0.0002149141,-0.0025963855,-0.001870569,0.0028563975,0.0036221824,-3.719552e-05,-3.792392e-05,5.9794424e-08,-0.0029032,0.0002707325,-0.001312187,0.00082658796,-0.00032014478,-6.962399e-05,0.007761094,-0.00016752827,0.001994992,0.00013959332,-0.01062989,0.0025577375,-0.003886805,1.650618e-07,-1.3566457e-05,-0.0017019629,0.0026126602,0.008634653
-0.0011598452,-0.005190847,7.838203e-05,0.0016540964,0.0033099735,-0.0045301495,0.0022120548,-0.004319637,-0.0022980468,0.0044929865,0.0037018582,-0.0007888778,0.0026759098,0.00463799,0.0008932327,-0.0014157998,-0.0013957865,-0.0033304587,-0.0009252612,-0.0014399966,-0.0009878881,-8.449937e-05,-4.2399224e-05,1.0933418e-08,0.003933905,0.0003764429,-0.0013383493,0.00041606883,-0.00045439383,-0.00014543998,0.0067273295,0.00031555336,-0.0012777968,0.001623177,0.18229945,0.0006309348,-0.0020127916,-1.0720146e-06,-1.7402084e-05,-0.0008418616,-0.0013171212,-0.0023549532
-0.0018568204,-0.0032980004,0.00033880904,0.0010020053,0.0065941643,-0.006347554,0.0021368477,-0.0050295717,-0.0032120803,0.004022766,0.0019515863,-0.0005875695,0.0018490461,0.0019019376,0.0016404323,-0.0022897543,-0.0017713888,-0.004573062,-0.0001990252,0.0015050141,3.153982e-05,-0.00013527682,-2.6938313e-05,4.7260077e-08,0.0023830496,0.00074995356,-0.001875268,0.000401923,-0.0005290737,-0.00020328781,0.00602327,0.0001663569,-0.00095172465,0.0011216108,0.074756995,0.0011587191,-0.003255261,-1.3604907e-06,-2.3894852e-05,-0.00018108582,0.0013765907,7.5185446e-05
-0.002812778,-0.002780606,0.00012397536,0.00014655388,0.005514591,-0.005276528,0.00048351192,-0.004228772,-0.0027325577,0.004322272,0.001347345,-0.00076916156,0.002498025,0.00063540635,0.0007223167,-0.0021925638,-0.002292345,-0.0041721025,-0.0007792436,0.0010992615,0.00064893014,-0.00020492217,-2.2712196e-05,1.7293178e-08,0.00034854625,0.0006271738,-0.0015588531,9.094451e-05,-0.00044483552,-0.00017293953,0.0064717187,0.00011485022,-0.0012458612,0.0015152742,0.024975093,0.00051020825,-0.0031170887,-1.7606039e-06,-2.1799786e-05,-0.0007090055,0.0010054611,0.0015469366
-0.0020370292,-0.006476545,0.00078176876,0.0007711884,0.0026942515,-0.003874967,0.0011954966,-0.0035075953,-0.0023285695,0.0052986266,-0.0015479175,0.00031166314,0.0016850493,0.0020456589,0.0034157839,-0.0014691942,-0.0014674331,-0.0033471934,-0.0005934547,0.0018626557,0.0023242747,-0.00014840576,-5.2900898e-05,1.0904801e-07,0.0018341023,0.0003064169,-0.0011447876,0.00022486283,-0.00036897307,-0.00014737171,0.007933611,-0.0001319474,0.00050482113,0.0010221321,0.080406055,0.0024127385,-0.0020887002,-1.1270417e-06,-1.7489527e-05,-0.0005399629,0.0017037146,0.0055406666
-0.0002536832,-0.007358823,0.0007792356,-0.0012613792,-0.001534746,-0.0042129625,0.0028795088,-0.00015960308,-0.0017048853,0.00027550105,-0.00024011693,0.0015733717,-0.0011267245,0.002277294,0.0037952992,-0.002109944,-0.00066613127,-0.0031173646,-0.00035756675,0.0022280486,0.0033047518,-1.8481838e-05,-6.0107413e-05,1.08694664e-07,-0.0029999136,-0.00017454648,-0.0012446422,0.0005416113,-1.6789063e-05,-0.000107899665,0.00041250652,-2.046802e-05,0.0025484927,-0.0006834585,0.089510635,0.002680809,-0.002999631,-5.1161294e-07,-1.628864e-05,-0.00032533702,0.0020379284,0.007877953
0.00019402569,-0.009969849,0.002326469,0.0017902779,0.0031099007,-0.005634019,0.0017623834,-0.0035451232,-0.0014082508,0.0049497914,0.0042604287,0.00095921266,0.0004229754,0.006862401,0.0032828124,-0.0030448008,-0.0006454978,-0.0049593905,-0.00046621764,0.0017610558,0.0026318617,1.413555e-05,-8.143447e-05,3.2451644e-07,0.004257783,0.00035368867,-0.0016644673,0.00033148943,-0.0003729207,-8.91261e-05,0.007411301,0.00036316697,0.0015536994,0.00025657215,0.2697315,0.0023188142,-0.0043286835,-4.957657e-07,-2.5913469e-05,-0.00042419453,0.0016107842,0.0062739
-0.003023138,-0.003999247,-0.00042292985,-0.00051920576,0.0029406652,-0.0024034702,0.0015102095,-0.0030226556,-0.0034337773,0.00296456,-0.0009790438,9.935864e-05,0.0019193218,-0.0006210767,0.0009424867,-0.001588577,-0.0034252154,-0.0022205734,-0.0011483119,3.547661e-05,0.0008599699,-0.00022024773,-3.2666147e-05,-5.899399e-08,-0.001234817,0.00033444152,-0.00071006105,0.00028405766,-0.00031796098,-0.00021731868,0.0044388226,-8.345553e-05,0.00016093768,0.0011642392,-0.024411853,0.0006657253,-0.0022584226,-2.6306893e-06,-1.1602789e-05,-0.0010448074,3.2449378e-05,0.0020500186
9.2666596e-07,-0.007774336,6.611045e-05,0.0024670642,0.003929752,-0.0036593205,0.0035902741,-0.008109482,-0.0027135718,0.0034227343,-0.0001420465,0.0011132488,-5.1812967e-05,0.00600698,0.005176942,-0.0010709828,-0.0012219157,0.00016510882,-0.00082278915,0.001274,0.0010608395,6.751134e-08,-6.350135e-05,9.22167e-09,0.005867371,0.00044693024,-0.0010810789,0.00067530025,-0.0008530575,-0.00017173793,0.005124845,-1.2108311e-05,0.0018032016,-3.142917e-05,0.23610856,0.0036567322,-0.0015225775,-9.3847547e-07,8.6271535e-07,-0.000748626,0.0011652891,0.0025288567
-0.0017657652,-0.005941866,0.0004384673,0.0018807973,0.002502217,-0.003141433,0.0011361348,-0.0033033034,-0.0048724413,0.0072164577,-0.00025691773,0.00065338705,0.003534337,0.001804593,0.0021552471,-0.00077906164,-0.0016995046,-0.004489854,-0.0002822338,0.0006812366,0.0016963984,-0.00012864308,-4.8533602e-05,6.1161295e-08,0.0044730636,0.00028457685,-0.00092807855,0.00021369736,-0.00034748306,-0.00030836958,0.010805171,-2.190015e-05,0.0010583337,0.0021438894,0.070930794,0.0015223585,-0.0011075637,-1.305281e-06,-2.3460078e-05,-0.0002567943,0.00062310643,0.0040439186
0.06335507,-0.07263209,0.0012365935,0.027288895,0.056659345,-0.050291963,0.051346652,-0.0947351,0.080872245,0.09083369,-0.038229987,0.00873689,-0.023476727,0.0765412,0.103424154,-0.0008725143,0.070091434,-0.014897689,-0.0069761565,0.048988335,0.066193014,0.0046156715,-0.0005932643,1.7249099e-07,0.064900644,0.0064438605,-0.014857834,0.009657872,-0.009965431,0.0051182844,0.13600488,-0.0032587962,0.014151711,-0.01424072,3.0085056,0.073053636,-0.0012404221,5.383276e-05,-7.7842386e-05,-0.0063473517,0.044808142,0.15779263
-0.0029728524,-0.003812507,0.0006813763,-4.9076218e-05,0.0048592305,-0.0038839437,0.0007272952,-0.003367701,-0.0034970182,0.004640037,-0.0013086565,0.0009990674,0.002122131,0.0008092614,0.002941886,-0.001763814,-0.0022968596,-0.0042105573,-0.00070827984,0.00146909,0.001131001,-0.00021658423,-3.114084e-05,9.5044385e-08,-0.00011671701,0.0005526397,-0.0011474396,0.00013679809,-0.0003542572,-0.0002213211,0.0069475076,-0.00011155235,0.0016182547,0.0012872609,0.031808585,0.0020780007,-0.0025075506,-1.7640714e-06,-2.2000717e-05,-0.00064443814,0.001343732,0.0026961097
-0.0013236289,-0.0039746636,-0.00012960957,0.0024488417,0.001632711,-0.0037151063,0.0026258933,-0.0028486152,-0.004022426,0.0055956114,0.003620705,-0.00027988915,0.00439466,0.0022383477,-0.0002579887,-0.0004199061,-0.001656471,-0.0032772778,-0.0009792743,-0.001084319,-0.0012599826,-9.643168e-05,-3.246535e-05,-1.8079088e-08,0.0058240327,0.00018568804,-0.0010975597,0.00049390836,-0.0002996532,-0.0002545734,0.008378285,0.00030863573,-0.00045335473,0.0026657516,0.08797982,-0.00018223027,-0.0005969653,-1.2722297e-06,-1.7124208e-05,-0.00089100614,-0.0009917936,-0.0030035793
-0.002666816,-0.0037709323,-0.00025169697,0.0011186777,0.0026688927,-0.0031641168,0.001306505,-0.003113528,-0.0038040227,0.004007129,0.0019302595,-0.0004601914,0.0035444682,0.0011568295,-0.00055437,-0.00090839743,-0.0030506053,-0.0032279203,-0.00074817805,-0.0016010915,-0.0015103081,-0.00019428825,-3.0801253e-05,-3.5108915e-08,0.0026605292,0.00030353287,-0.00093478005,0.00024574256,-0.0003275201,-0.00024075096,0.005999857,0.00016453896,-0.00074540207,0.0021500348,0.045469996,-0.00039157917,-0.0012914358,-2.3429752e-06,-1.6866308e-05,-0.0006807401,-0.0014644697,-0.0036003117
-0.0029341148,-0.0035420058,-0.00031902269,-0.0015764624,0.00298348,-0.004206995,0.0011082967,-0.0040159207,-0.0021569084,0.0031726146,0.00046685696,-0.0016888645,0.0016635335,0.0006633288,0.000716051,-0.0016194939,-0.0023314338,-0.0032350859,-0.0006493883,0.00077000045,0.0012100423,-0.00021376203,-2.8931367e-05,-4.45001e-08,-0.0037492698,0.00033931085,-0.0012428792,0.00020846125,-0.00042244513,-0.00013650753,0.004750342,3.9795766e-05,-0.002735564,0.0010090809,0.026072603,0.00050578255,-0.002302376,-1.7906256e-06,-1.690375e-05,-0.00059085485,0.00070429605,0.0028845302
0.000848765,-0.0073403283,0.0014422539,0.0022896363,0.005458066,-0.004482657,0.00758348,-0.0050582257,-0.00041542016,0.009115517,-0.0011192882,-0.0024875058,0.000739565,-0.0031157073,0.0022341602,-0.0012655827,0.00036899117,-0.002442159,-0.0016655807,0.0040055416,0.006058379,6.183594e-05,-5.9956346e-05,2.0117832e-07,0.0054453975,0.0006207452,-0.0013243186,0.0014263885,-0.00053208787,-2.6291325e-05,0.0136486245,-9.541023e-05,-0.0040291753,0.00044861189,-0.12246506,0.0015780987,-0.0017992333,2.8339858e-07,-1.2760603e-05,-0.0015154515,0.003663747,0.014442122
-0.0012032117,-0.008015346,0.0021278455,0.0019898769,0.0053072353,-0.0049879896,0.0019828076,-0.0048966454,-0.0031329428,0.0066434704,0.0005599506,0.0011212649,0.0018858234,0.0033309064,0.0038405228,-0.0018736263,-0.0007815168,-0.00488503,5.8607315e-05,0.0027621253,0.0035384055,-8.76588e-05,-6.546994e-05,2.968107e-07,0.0047324854,0.00060359127,-0.0014736097,0.00037294938,-0.0005150908,-0.0001982793,0.009947239,4.7731242e-05,0.0018161859,0.0011439194,0.13092361,0.0027127527,-0.0026636668,-6.002332e-07,-2.5524925e-05,5.332467e-05,0.002526432,0.008434943
-0.0011936112,-0.0044896025,-0.0008595987,0.001883056,0.0047750873,-0.0054295296,0.0023849825,-0.007045113,0.0014477209,0.0071855676,0.00013246445,0.0005695911,0.002456397,0.0038832475,0.0048737945,-0.0012331298,-0.00041376753,-0.0046899095,-0.0006995978,0.0017252694,0.0019693666,-8.6959364e-05,-3.6671405e-05,-1.1990441e-07,0.0044784355,0.00054307014,-0.0016040546,0.00044859506,-0.0007410937,9.162411e-05,0.01075892,1.12915195e-05,0.00092260394,0.001490023,0.15263377,0.003442604,-0.001753096,-3.1778845e-07,-2.4505394e-05,-0.00063653867,0.0015780515,0.004694627
0.0021636342,-0.011808299,0.0033781119,0.009397465,0.005423949,-0.0054721665,0.0022444953,-0.0051189847,-0.003826215,0.012403091,0.0005073871,0.0014005909,0.0023384853,0.009629631,0.007700457,-0.0018145985,0.0015438765,-0.0053577786,-0.0021817782,0.001175435,0.0032729756,0.00015762943,-9.645107e-05,4.712089e-07,0.022349807,0.0006168651,-0.0016166508,0.00042217062,-0.0005384793,-0.00024215547,0.018571096,4.325063e-05,0.0022686285,0.001418499,0.37849942,0.0054392163,-0.002579749,1.185753e-06,-2.7995098e-05,-0.0019851208,0.0010751347,0.007802204
-0.00325594,-0.003798142,0.0002480983,-0.00012873147,0.0014590083,-0.00267763,0.00028370466,-0.0020289528,-0.0039468375,0.0025592903,-0.00030477115,9.5515104e-05,0.0021029066,0.000828509,0.00024011207,-0.0014521802,-0.0033855606,-0.002856723,-0.00093973783,-0.0007885094,-0.0002186585,-0.0002372083,-3.1023505e-05,3.4606945e-08,-0.00030615955,0.00016593284,-0.0007910565,5.336245e-05,-0.00021343082,-0.0002497895,0.0038320143,-2.5979267e-05,0.00015471205,0.0012755997,0.032565128,0.00016960312,-0.002064512,-2.600233e-06,-1.4926754e-05,-0.0008550334,-0.0007212256,-0.00052124384
-0.0017388674,-0.0064253164,0.00061660475,0.0017409802,0.006198557,-0.003875169,0.0017729797,-0.006397152,-0.0032305878,0.0049553523,-0.00057529105,0.0007042133,0.0015964505,0.0030831615,0.004310083,-0.0015547551,-0.0014574974,-0.003853409,-4.7807698e-05,0.0025208215,0.003163834,-0.00012668346,-5.248246e-05,8.600948e-08,0.004140539,0.0007049612,-0.0011448474,0.00033348252,-0.000672933,-0.00020445911,0.0074196276,-4.9038892e-05,0.0011406603,0.00096838904,0.121185824,0.0030444267,-0.0022103393,-1.1194107e-06,-2.013457e-05,-4.349849e-05,0.0023057188,0.00754203
6.4642634e-05,-0.006797098,-0.0026336191,-0.00081980147,0.0037166292,-0.0050577177,0.0013783046,-0.0072081536,0.00077343406,0.00875527,-0.0037165158,-0.0005739122,0.0017080398,0.00195526,0.006285544,-0.0015881774,0.00090259756,-0.0040060678,-0.0016688115,0.0034086602,0.004413994,4.7094754e-06,-5.5519202e-05,-3.6736046e-07,-0.0019497179,0.0004226918,-0.0014942095,0.00025924743,-0.00075824436,4.8949496e-05,0.013109229,-0.00031680282,-0.0009296031,0.0010360779,0.076852866,0.004439793,-0.0022578544,6.932276e-07,-2.0932232e-05,-0.0015183911,0.003117798,0.010522193
-0.0012833218,-0.0050112978,-0.00051221624,0.0005335999,0.00027316832,-0.0026068091,0.0019887746,-0.0015651176,-0.0018985642,0.0033015627,-0.00022968717,0.0022822265,0.00020345929,0.0005525206,0.0036927224,-0.0020146756,-0.0015161285,-0.0034548892,-0.001160209,0.001587976,0.0027083596,-9.349514e-05,-4.0932653e-05,-7.144845e-08,0.0012690502,3.10674e-05,-0.00077013375,0.0003740717,-0.00016463878,-0.00012015731,0.0049434155,-1.9578967e-05,0.0036966712,0.00012341613,0.021717211,0.002608354,-0.0028641915,-1.1644416e-06,-1.8052251e-05,-0.001055632,0.0014524735,0.0064562582
-0.0025863135,-0.004956037,8.621444e-05,0.0008812937,0.0037791037,-0.002103596,0.0017504516,-0.004043243,-0.004224369,0.0044280547,-0.0016291244,0.00075257535,0.0026393116,0.0007237557,0.0022547252,-0.0009234659,-0.0028434559,-0.002158633,-0.0005232537,0.00090877723,0.0014343433,-0.00018842332,-4.0481274e-05,1.2025951e-08,0.0020959636,0.00042979704,-0.0006214687,0.00032924517,-0.00042531922,-0.00026735404,0.0066301073,-0.00013886963,0.0012189954,0.0016009769,0.028447725,0.0015926248,-0.0013128581,-2.183877e-06,-1.1279141e-05,-0.00047608957,0.00083123095,0.0034192249
-0.0023546745,-0.004081665,0.00015314031,0.0016548092,0.005460602,-0.004237271,0.002311119,-0.004614453,-0.0037974813,0.0022910056,0.0016904493,0.0006066634,0.0030290848,0.0017938329,0.0013721094,-0.002072208,-0.0034180111,-0.0029907967,0.0005672183,0.00024943356,-0.0013137575,-0.00017154748,-3.3339344e-05,2.1361362e-08,0.0039356006,0.00062103366,-0.0012518236,0.000434702,-0.0004854063,-0.00024033696,0.0034303127,0.00014409708,0.0009826523,0.001837409,0.07050786,0.0009691893,-0.0029459833,-2.6251562e-06,-1.5627307e-05,0.00051609136,0.0002281493,-0.0031317694
-0.002738618,-0.0020855023,-0.00053247786,6.878283e-06,0.0048619667,-0.0038691186,0.002104803,-0.0044465284,-0.0015081082,0.003343928,-0.000684393,0.00049386465,0.00093164656,7.896032e-05,0.0024364325,-0.0013740171,-0.0021851915,-0.0030177752,-0.0009769906,0.001238653,0.001774615,-0.00019951932,-1.7034537e-05,-7.4274716e-08,1.6358486e-05,0.0005529509,-0.0011430598,0.00039589568,-0.00046774186,-9.544593e-05,0.005006849,-5.833895e-05,0.0007999448,0.0005651264,0.0031035908,0.0017209738,-0.0019533904,-1.6783061e-06,-1.5768273e-05,-0.0008889283,0.0011329582,0.0042303735
-2.4429522e-05,-0.0069484734,0.0015443545,0.0015155858,0.00963035,-0.005624268,0.0036672684,-0.008511225,0.00070434297,0.0075001866,-0.0011825146,0.0014858069,0.00073891634,0.0018936435,0.0043645273,-0.0024919084,0.0010034682,-0.0049231974,-0.0005838371,0.0038729655,0.0055234577,-1.7797887e-06,-5.6755645e-05,2.154202e-07,0.0036044882,0.0010952586,-0.0016615865,0.0006897822,-0.0008953178,4.4576824e-05,0.011229997,-0.00010079977,0.0024066584,0.0004482184,0.07443099,0.0030828833,-0.003542656,7.706999e-07,-2.5724356e-05,-0.0005312122,0.0035424838,0.013166962
0.00019561639,-0.008076622,0.0020326392,0.0026744402,0.0045166523,-0.0038676246,0.0056061856,-0.0051482846,-0.00054000877,0.007607159,-0.00081944023,-0.0005861645,0.0016759061,-0.0009217197,0.002122527,-0.0020094882,-0.0004177948,-0.0019449207,-0.0008910216,0.0015721845,0.00391204,1.4251439e-05,-6.5970446e-05,2.8353048e-07,0.006360569,0.00051367836,-0.0011426185,0.0010544761,-0.0005415614,-3.4176355e-05,0.011390166,-6.985063e-05,-0.00094944885,0.001016586,-0.03622884,0.0014992466,-0.0028568166,-3.2088153e-07,-1.0162467e-05,-0.00081070827,0.0014380295,0.009325623
-0.001679723,-0.00780334,0.0015209884,0.003465116,0.0054392824,-0.005655048,0.0006602581,-0.005169019,-0.00020123343,0.0032400812,0.00458049,4.2173575e-05,0.0014594716,0.0073893415,0.0029942058,-0.002789706,-0.0028857538,-0.0037109766,0.0007895529,-0.0015090785,0.00020168393,-0.00012237456,-6.373826e-05,2.121609e-07,0.008241018,0.00061860896,-0.0016706798,0.00012418897,-0.00054374256,-1.2735765e-05,0.0048513594,0.00039044957,6.831129e-05,0.00088529923,0.29044324,0.0021149567,-0.003966024,-2.2163633e-06,-1.9390342e-05,0.00071838556,-0.0013803083,0.0004807794
-0.001691519,-0.004954545,0.0006133193,0.000469482,0.008482407,-0.005884802,0.0014862954,-0.007374758,-0.00015123142,0.0047217123,0.0027871227,-0.0008312066,0.0016519836,0.0005439686,0.0007366804,-0.0034253513,-0.0008806926,-0.004148086,-0.00061446405,0.0015493304,0.0021426412,-0.00012323396,-4.046909e-05,8.555119e-08,0.00111656,0.00096470315,-0.0017385564,0.0002795596,-0.00077576993,-9.571212e-06,0.0070697996,0.00023757959,-0.0013463596,0.0010020748,0.021381067,0.0005203541,-0.004869698,-6.7640383e-07,-2.1674296e-05,-0.0005590786,0.0014171255,0.005107684
2.4174107e-05,-0.012494282,0.002588549,0.0063812053,0.004046079,-0.0031293114,-0.00051469775,-0.008213704,-0.0020949505,0.005297795,0.0021613617,0.0024924967,0.000743211,0.0079668425,0.0036363755,-0.0019890717,-0.0021915236,-0.0007951092,8.8467845e-05,0.004301561,0.004069073,1.7611807e-06,-0.00010205422,3.6107366e-07,0.015176296,0.00046016008,-0.00092449744,-9.68103e-05,-0.0008640209,-0.00013258631,0.007932366,0.00018423854,0.0040372596,0.0004508235,0.31314233,0.0025685532,-0.0028277915,-1.6831694e-06,-4.1545504e-06,8.0493686e-05,0.0039345073,0.009699962
-0.002779626,-0.0037907134,-7.697967e-06,0.0003131417,0.003497853,-0.004152311,0.0008889206,-0.003663065,-0.0033843028,0.0030959444,0.0012429778,-0.00042793085,0.002955447,0.0018101136,0.0002857808,-0.0020684677,-0.0033073355,-0.0030259439,-0.00058081024,-0.0015427707,-0.0018844778,-0.00020250691,-3.0962827e-05,-1.0737804e-09,0.0007447388,0.00039781042,-0.0012267239,0.00016719846,-0.00038532732,-0.00021418752,0.004635544,0.00010595377,-0.00069314754,0.0017927411,0.071147785,0.00020186123,-0.0029406657,-2.5401534e-06,-1.5810956e-05,-0.00052845816,-0.0014111254,-0.004492267
-0.0002453809,-0.0077382238,0.0016999427,0.002718153,0.006091274,-0.0045905863,0.0053223963,-0.00538113,-0.002234288,0.006874047,-0.0011513785,-0.00041853188,0.0025630626,0.00059303065,0.0035869218,-0.001195785,-0.0017148252,-0.0027302231,-0.00028619714,0.001989272,0.0021593408,-1.7876984e-05,-6.320639e-05,2.3712303e-07,0.0064645302,0.0006927599,-0.0013562042,0.0010010978,-0.00056605507,-0.00014140477,0.010292482,-9.814567e-05,-0.0006779234,0.0015547251,0.023309486,0.0025336216,-0.0017000043,-1.3170478e-06,-1.42657755e-05,-0.0002604004,0.0018195267,0.0051474925
-0.0018793668,-0.0057727695,0.0012632901,0.0027509062,0.0023588745,-0.003356626,0.0010919587,-0.003102699,-0.0040814723,0.0036486557,0.0018960099,0.00042554233,0.00280381,0.0029209421,0.00018200098,-0.0014023167,-0.0026719172,-0.0033062813,-0.00042826048,-0.0014442368,-0.0008957557,-0.0001369194,-4.715241e-05,1.7621485e-07,0.0065424265,0.00026827454,-0.0009916533,0.00020538822,-0.00032638098,-0.00025831032,0.0054631163,0.00016161945,0.0006892787,0.0017007599,0.11480968,0.00012855636,-0.001993623,-2.052129e-06,-1.7275755e-05,-0.00038965867,-0.0013209996,-0.0021353257
-0.0010136983,-0.0051299892,-0.00061506254,0.0017785998,0.0034416367,-0.0038592536,0.0033033537,-0.004743213,-0.001215239,0.0057550673,0.00078032236,0.0007890472,0.0032023848,0.0034094092,0.0033156988,-0.0010942973,-0.0012219341,-0.0023484284,-0.0009025588,-0.0016127863,-0.0006537463,-7.385199e-05,-4.1902134e-05,-8.5794355e-08,0.0042300094,0.00039141695,-0.0011401455,0.0006213329,-0.0004989509,-7.691068e-05,0.008617037,6.651615e-05,0.0012780713,0.0019425309,0.13400921,0.0023420434,-0.0015557229,-9.384896e-07,-1.2270847e-05,-0.0008212055,-0.0014751666,-0.0015584175
-0.0016066633,-0.0035126393,-0.00082131,0.00026407136,0.006628784,-0.005416019,0.0032251314,-0.0073383944,-0.00089804945,0.004355941,0.001121136,-0.0009571871,0.001724073,0.0031546708,0.0042301263,-0.001211653,-0.0007478723,-0.0034395684,-0.0009177792,0.0014580839,0.001950637,-0.00011705187,-2.8691498e-05,-1.1456357e-07,0.0006280358,0.00075389084,-0.001600063,0.00060662,-0.00077194476,-5.683622e-05,0.0065221316,9.5567746e-05,-0.0015504184,0.0010458034,0.12399655,0.002987949,-0.0017225633,-5.7439297e-07,-1.7972197e-05,-0.00083505403,0.001333665,0.004649979
0.0022133193,-0.014479147,0.0040077735,0.004611913,0.0048914766,-0.0066002104,0.001961377,-0.005974238,0.00039681024,0.00636962,0.004770688,0.0027914762,-0.0010207805,0.009789199,0.007022467,-0.003275803,0.0014272744,-0.0058242204,0.000550851,0.0046882294,0.0060557057,0.00016124919,-0.00011826675,5.590396e-07,0.010968423,0.0005563071,-0.0019499107,0.00036891844,-0.0006284456,2.5113532e-05,0.009537204,0.0004066624,0.004521536,-0.00061919406,0.38477132,0.0049603186,-0.0046570906,1.0961984e-06,-3.0432318e-05,0.00050119933,0.004288181,0.014435749
0.00080638425,-0.008822149,0.0029674782,0.00093813054,0.004982087,-0.0072489744,0.0039142463,-0.0051230593,0.0013309708,0.0050204145,0.002270576,0.0015728273,-0.00016907137,0.003923933,0.0044818763,-0.0034053475,0.0013326819,-0.004501165,-0.00049133773,0.003256579,0.0037553937,5.874833e-05,-7.2059964e-05,4.1393008e-07,0.0022311376,0.0005666122,-0.002141576,0.0007362367,-0.0005389079,8.4235166e-05,0.007517045,0.00019354819,0.002547611,-0.000102556805,0.15423293,0.0031657727,-0.0048412597,1.023548e-06,-2.351918e-05,-0.00044705038,0.002978694,0.008952205
-0.0015495903,-0.004534593,0.00010737911,0.0021550823,0.005549359,-0.004888448,0.0028728987,-0.004338799,-0.0033991148,0.004252894,0.0022676291,-0.00073716923,0.0024965908,0.0009065211,0.0008919956,-0.0017501966,-0.0024429304,-0.0036543717,-0.0007194385,0.0012885609,-5.789916e-07,-0.00011289387,-3.703889e-05,1.4978188e-08,0.0051253904,0.000631128,-0.0014442019,0.00054036797,-0.00045640953,-0.00021512494,0.0063678394,0.00019329698,-0.0011940411,0.0015144041,0.035631448,0.00063006097,-0.0024881912,-1.8762589e-06,-1.9094574e-05,-0.000654591,0.0011786076,-1.3802153e-06
-0.0012211618,-0.0072514424,0.00069645216,0.00046294453,0.0017063344,-0.002138779,0.0023768493,-0.0036186138,-0.0039902623,0.0028757371,-0.0023524174,0.0012383421,-7.8655314e-05,0.0015925718,0.002619509,-0.0017545059,-0.0028786906,-0.00044721016,-0.0013841188,0.0013840324,0.0017834263,-8.896654e-05,-5.923032e-05,9.71473e-08,0.001101012,0.00019406121,-0.0006318629,0.00044706528,-0.00038065139,-0.00025253778,0.004305829,-0.00020052449,0.0020058237,-4.7711434e-05,0.062597156,0.0018502898,-0.0024943177,-2.2109386e-06,-2.336732e-06,-0.0012593595,0.0012659325,0.004251378
-0.0005979771,-0.007058337,0.00048913487,-7.967066e-05,0.0014171684,-0.0050300085,0.0022580812,-0.003910941,-0.00039569708,0.0034690325,-0.00053063757,0.0010913104,-1.7812476e-05,0.004217459,0.0040323213,-0.002514604,-0.0010820082,-0.0019028216,-0.000990825,0.0012885699,0.001413482,-4.356503e-05,-5.765302e-05,6.822885e-08,-0.00018947918,0.0001611744,-0.0014860234,0.00042472602,-0.00041140206,-2.5043082e-05,0.005194167,-4.5232544e-05,0.0017676667,-1.0804849e-05,0.16577017,0.0028482296,-0.0035749217,-8.310215e-07,-9.942493e-06,-0.00090151577,0.0011786157,0.0033694953
-0.0021564253,-0.0045995377,0.00031106218,0.0017912716,0.0025837237,-0.004105658,0.001212432,-0.003766687,-0.0036160818,0.004688644,0.0023980136,-0.000317936,0.0036241617,0.0018209043,0.00015753106,-0.0009803785,-0.002455861,-0.0035879472,-0.00038253196,-0.000586341,-0.0008926549,-0.00015710424,-3.7569363e-05,4.33897e-08,0.0042601465,0.0002938466,-0.001212941,0.00022804823,-0.00039622758,-0.00022885646,0.0070202863,0.00020441119,-0.0005149817,0.002198376,0.071571924,0.00011127204,-0.0013937687,-1.8861901e-06,-1.8747496e-05,-0.00034805195,-0.00053630833,-0.002127934
-0.00039251894,-0.006598736,0.0011816354,0.0023061074,0.0071338625,-0.0046915566,0.0031185257,-0.005888202,-0.0023609363,0.00845528,-0.0013284178,0.0029983127,0.0024219153,0.0033955446,0.0076455288,-0.0019687472,0.00042980537,-0.0049794745,-0.00063613604,0.0027596876,0.0027550864,-2.859658e-05,-5.3898966e-05,1.6482494e-07,0.0054845703,0.00081133336,-0.001386034,0.0005865684,-0.0006193953,-0.00014942016,0.0126600545,-0.000113236834,0.0048565627,0.0014691068,0.13346426,0.0054004183,-0.0027988967,3.3010608e-07,-2.601841e-05,-0.00057879713,0.0025242025,0.0065676467
-0.001305921,-0.007960913,0.0030169326,0.005975123,0.00566509,-0.0044787684,0.0006280171,-0.0051839245,-0.0034366096,0.005554792,0.00450553,0.0021007613,0.0027116202,0.005282068,0.0016584601,-0.0030460712,-0.0018607036,-0.004969389,0.0006824081,0.0020077284,0.0016698967,-9.5141586e-05,-6.502533e-05,4.208284e-07,0.014210518,0.00064429,-0.0013231697,0.00011812472,-0.0005453105,-0.00021749793,0.008317166,0.00038405985,0.0034027402,0.0016448385,0.20761539,0.001171453,-0.0043304893,-1.4290877e-06,-2.5965714e-05,0.0006208984,0.0018364083,0.0039807432
-0.00054756645,-0.005940314,0.0012108197,0.0033216141,0.008575097,-0.0058420226,0.004155281,-0.007712482,-0.0032073676,0.0039846404,0.0009720349,-0.0008150165,-3.2684766e-06,0.0028510334,0.002963842,1.959619e-06,-0.0024486897,-0.0025583813,-0.0007762084,0.0033922857,0.0018720801,-3.9892413e-05,-4.8520924e-05,1.6889582e-07,0.0078997305,0.00097524474,-0.001725918,0.00078157324,-0.000811296,-0.00020298954,0.0059661847,8.285808e-05,-0.0013201354,-1.9826214e-06,0.112061866,0.0020935093,2.7859196e-06,-1.8806822e-06,-1.336788e-05,-0.0007062439,0.0031028206,0.0044627134
-0.0022141666,-0.0018176546,-0.00068773935,0.0003510038,0.007963748,-0.006182781,0.0024089462,-0.006388807,-0.0014259923,0.0038542193,-0.00011816432,0.00033933402,0.002017636,0.0010111668,0.0041933376,-0.0017754377,-0.00163788,-0.0043252916,-8.384412e-05,0.0009190843,-0.00010311979,-0.00016131092,-1.4846738e-05,-9.593196e-08,0.0008347855,0.0009057161,-0.0018265888,0.00045310243,-0.00067205523,-9.024894e-05,0.005770906,-1.0072549e-05,0.00054964144,0.0012238756,0.039744623,0.0029619634,-0.0025240758,-1.2579511e-06,-2.2600218e-05,-7.628673e-05,0.0008406585,-0.00024581962
0.00048465258,-0.010536821,0.0019042703,0.0041643516,0.003824499,-0.0043252315,0.0025471724,-0.0042838007,-0.0026150306,0.006553269,-0.00077358796,0.0005674815,0.0011925118,0.007395796,0.006221635,-0.0020386532,-0.00045024627,-0.0033432713,-0.0010404929,-0.0018569404,0.0010526931,3.5308887e-05,-8.6065535e-05,2.6562444e-07,0.009903996,0.00043495983,-0.0012778101,0.0004791016,-0.00045062412,-0.0001655014,0.009812181,-6.594209e-05,0.0009191868,0.0007233643,0.29069695,0.004394651,-0.0028982796,-3.4580543e-07,-1.7469032e-05,-0.0009467068,-0.001698487,0.0025094373
-0.001839581,-0.0039444794,0.00063705497,0.0029846744,0.004992142,-0.0046278727,0.0024852385,-0.0052537713,-0.0037110925,0.0041708606,0.0029864784,0.0007204584,0.003688536,0.0029915585,0.0010236766,-0.0017274843,-0.0018783965,-0.0035854443,0.00054453185,0.0005005016,-0.0010145818,-0.00013402085,-3.22188e-05,8.886205e-08,0.007098393,0.0005677557,-0.0013672198,0.00046745237,-0.0005526578,-0.00023486954,0.0062450115,0.00025457304,0.0011669735,0.0022374247,0.1175853,0.0007230738,-0.002455902,-1.4426765e-06,-1.873442e-05,0.0004954498,0.00045779362,-0.0024185863
0.00024542515,-0.006235278,0.00084544194,0.0016165383,0.0013623416,-0.0048393444,0.0020001456,-0.0018787241,-0.004022668,0.0064509804,0.00084817107,0.0017251021,0.0009442299,0.0045691747,0.0020098658,-0.0011008754,-0.00085256714,-0.0036293305,-0.002784933,0.003276031,0.0013038599,1.7880207e-05,-5.0930215e-05,1.1792971e-07,0.0038445815,0.00015493896,-0.0014296952,0.0003762105,-0.00019762786,-0.0002545887,0.009659025,7.22997e-05,0.0027942604,0.0005727593,0.17959462,0.0014196684,-0.0015650748,-6.548024e-07,-1.896373e-05,-0.0025339096,0.0029964861,0.003108175
-0.0015030891,-0.0038689752,0.0005489522,0.001389406,0.0047710226,-0.005690066,0.0032064961,-0.005016586,-0.002042606,0.0035692218,0.0036941597,-0.0015991954,0.002326814,0.0031432637,0.0013830126,-0.0015392235,-0.0017749057,-0.0029333513,0.00019907346,0.00014224212,-0.00046902217,-0.00010950607,-3.1602078e-05,7.6572704e-08,0.0033043972,0.00054260786,-0.0016810253,0.00060311484,-0.0005277077,-0.00012927351,0.0053441804,0.00031489713,-0.0025903212,0.0014114194,0.12354819,0.0009768908,-0.0021882583,-1.3631918e-06,-1.5327147e-05,0.00018112973,0.00013010454,-0.0011180672
-0.003193118,-0.0032353618,-0.00036953512,-0.00014608802,0.0046181455,-0.00372037,0.0013280133,-0.004562346,-0.0033206136,0.002466592,0.0007183115,-0.00052106107,0.0016053317,0.0006597241,0.0005565196,-0.0011157884,-0.0035115676,-0.002970604,-0.00060772744,0.00055629853,0.00016189888,-0.00023263146,-2.6426675e-05,-5.154602e-08,-0.00034743827,0.00052522117,-0.0010991148,0.00024978808,-0.000479925,-0.00021015672,0.0036932176,6.1230225e-05,-0.00084399665,0.0009737763,0.025930919,0.00039309755,-0.001586276,-2.697011e-06,-1.5521797e-05,-0.00055294915,0.00050882937,0.00038593874
-0.0015915186,-0.0065503754,0.0023118267,0.0033118543,0.004437687,-0.0033242756,0.0024766023,-0.0040432015,-0.004456013,0.0039018574,-0.00064675335,5.481238e-05,0.0027660872,0.0035198487,0.0012436005,-0.0009318648,-0.0035065415,-0.0021712077,0.00038945093,-0.0019879043,-0.000895869,-0.00011594852,-5.350395e-05,3.22474e-07,0.007876518,0.0005046976,-0.0009820961,0.000465828,-0.00042531485,-0.00028201446,0.005842234,-5.5130473e-05,8.8783185e-05,0.0016778776,0.13835011,0.00087841705,-0.0013247984,-2.6931507e-06,-1.1344846e-05,0.00035434728,-0.0018182757,-0.0021355958
-0.00050133676,-0.0060702106,0.00038412173,0.0039661,0.007003726,-0.0052523995,0.0035757232,-0.0075937053,8.935714e-05,0.0060463143,0.0010853886,0.0013598455,0.00288198,0.006483032,0.0051037273,-0.0012997923,-0.0001375794,-0.0030711743,-0.0005031463,0.0018041086,0.0014994313,-3.6524394e-05,-4.958193e-05,5.3580692e-08,0.009432498,0.00079653296,-0.0015517247,0.0006725633,-0.0007988016,5.6552813e-06,0.00905312,9.252057e-05,0.0022026305,0.0017481769,0.2548201,0.003605017,-0.0018478677,-1.05665954e-07,-1.604729e-05,-0.0004577946,0.0016501633,0.0035743834
0.001239012,-0.009344386,0.00363952,0.0040030885,0.0075688814,-0.0046299263,0.007850934,-0.004868276,-0.0007615767,0.0092971455,-0.0019099815,1.1031225e-05,0.0018225781,-0.00060469203,0.0036199838,-0.002137078,-8.480786e-05,-0.0027328227,-0.001036993,0.00049769407,0.0037359481,9.026699e-05,-7.632564e-05,5.076724e-07,0.009520467,0.000860808,-0.0013678265,0.0014766944,-0.0005121066,-4.819906e-05,0.013920575,-0.00016281042,1.7867995e-05,0.0011055556,-0.023767844,0.002556975,-0.0030382066,-6.513551e-08,-1.4279359e-05,-0.0009435223,0.00045522564,0.00890585
-0.0032376982,-0.003534673,0.00014897536,0.00054556737,0.00347222,-0.003632857,0.001006406,-0.003737626,-0.0034088935,0.0029491384,0.0029625143,-0.00063671154,0.003010856,0.0019545597,0.00011038623,-0.001244313,-0.0030558784,-0.0032086726,-0.00012872892,-0.00086108793,-0.0008079284,-0.00023587931,-2.8871471e-05,2.07804e-08,0.0012975122,0.00039489518,-0.0010732607,0.00018929648,-0.00039317057,-0.00021574381,0.0044157323,0.0002525303,-0.0010313232,0.0018263516,0.07682534,7.79713e-05,-0.0017689948,-2.3470252e-06,-1.6765736e-05,-0.000117125775,-0.000787611,-0.0019259606
-0.001711443,-0.004937153,-0.0005820705,-0.00012736596,0.003993624,-0.0047591124,0.0012819967,-0.005287869,-0.0003305832,0.0059213135,-0.0014441609,0.00035528222,0.0016327822,0.0029465114,0.004101156,-0.002075731,-0.0012807095,-0.003771475,-0.001150494,0.0021888842,0.0025478248,-0.00012468548,-4.032703e-05,-8.119233e-08,-0.00030291197,0.00045419438,-0.0014059921,0.00024113276,-0.00055624463,-2.092212e-05,0.008865957,-0.000123103,0.00057547376,0.0009904274,0.11581469,0.0028968507,-0.0029509917,-9.836313e-07,-1.9706455e-05,-0.0010467927,0.0020021058,0.006073571
-0.0013742999,-0.0064770263,-6.65747e-05,0.0012639381,0.0055217384,-0.00377236,0.00222563,-0.005212535,-0.0027477648,0.006782232,-0.0023444537,0.0011967574,0.0032175018,0.003707756,0.005859913,-0.0020381478,-0.0005338385,-0.0040781675,-0.0001782582,0.0015941295,0.002671235,-0.00010012326,-5.290483e-05,-9.286427e-09,0.0030059994,0.0006279867,-0.0011144743,0.0004186222,-0.0005483201,-0.00017390196,0.010155006,-0.00019984564,0.0019384661,0.0019517007,0.14573595,0.0041391486,-0.002897561,-4.1000732e-07,-2.1308962e-05,-0.00016219067,0.0014581018,0.0063677593
-7.8514684e-05,-0.006710207,-0.0005063196,0.0010222041,0.0041232035,-0.0032139476,0.004637853,-0.005634929,-0.0012486884,0.0078082057,-0.0032532518,-0.0010980619,0.0008791494,-0.0019175136,0.0037906654,-0.0011315793,-0.00026738993,-0.0017382574,-0.0019871532,0.0037656715,0.0060008233,-5.7201096e-06,-5.480947e-05,-7.062592e-08,0.002431088,0.00046893145,-0.00094950164,0.0008723409,-0.0005927528,-7.902764e-05,0.011691192,-0.00027731332,-0.0017786026,0.00053328223,-0.07536922,0.0026775359,-0.0016087254,-2.0536514e-07,-9.082623e-06,-0.0018080387,0.0034443454,0.014304918
-0.001052333,-0.008960387,0.0013159594,0.001612834,0.0005676274,-0.0032148,0.00039656088,-0.003294575,-0.0020230454,0.0032760357,0.0011268927,0.0010856385,8.255569e-05,0.004240509,0.0024088868,-0.0020270569,-0.0018529131,-0.0022705137,-0.0008112466,0.0024676966,0.0027958935,-7.6666685e-05,-7.3189105e-05,1.8356164e-07,0.0038357717,6.4556196e-05,-0.0009497535,7.458975e-05,-0.0003465649,-0.00012803555,0.004905194,9.605846e-05,0.0017584796,5.007736e-05,0.16667618,0.0017015168,-0.0028817935,-1.4231043e-06,-1.1863733e-05,-0.00073812384,0.002257127,0.0066649234
-0.0010813221,-0.006447551,0.0014579808,0.004222256,0.0060990667,-0.0046716635,0.002165603,-0.0061344737,-0.0028294974,0.0036246614,0.0033835873,0.000942486,0.0022954035,0.005562206,0.0011006813,-0.0016354969,-0.0025023285,-0.0032448538,0.00011200621,-0.002634989,-0.0019631248,-7.8778656e-05,-5.2664072e-05,2.0337204e-07,0.010041709,0.00069364614,-0.001380157,0.00040733162,-0.00064530125,-0.0001790747,0.0054271896,0.00028842335,0.001526606,0.0013923661,0.2186264,0.00077746605,-0.002325127,-1.921879e-06,-1.695479e-05,0.00010191039,-0.0024101445,-0.004679748
0.00019475073,-0.0058969934,2.8519005e-05,0.0015992684,0.0078542605,-0.005518107,0.0038525737,-0.007866584,0.00071136374,0.008819157,-0.0034507145,0.002798074,0.0009502941,0.0029423016,0.008584227,-0.0011482807,0.0008650527,-0.0053894985,-0.00078006194,0.003687921,0.0041509024,1.4188372e-05,-4.816708e-05,3.9780828e-09,0.0038035088,0.00089326414,-0.0016302231,0.0007246366,-0.00082750636,4.5021156e-05,0.013204886,-0.0002941454,0.004532223,0.0005764378,0.11564922,0.006063468,-0.0016324691,6.643918e-07,-2.8160839e-05,-0.00070975005,0.0033732294,0.0098950295
-0.00084103504,-0.008214119,0.001239326,0.0025388421,0.0026185494,-0.004994653,0.0008536266,-0.003670131,-0.0032201172,0.0051092813,0.0022907075,-0.00011128321,0.0015408488,0.0042802654,0.002911861,-0.0014359397,-0.0013903509,-0.00435037,-0.00051060214,0.0029991432,0.0023675882,-6.1272774e-05,-6.709353e-05,1.7287213e-07,0.006038079,0.00029780733,-0.0014755783,0.00016055995,-0.0003860706,-0.00020379644,0.007650105,0.00019526422,-0.00018025268,0.00093466166,0.16823883,0.0020567926,-0.0020414237,-1.0678398e-06,-2.2731256e-05,-0.0004645784,0.002743225,0.005643918
0.0030882508,-0.009960199,0.00089315185,0.004601633,0.012370698,-0.00923394,0.0075412197,-0.012022534,0.0058545773,0.010099685,-0.0010325827,0.0017858259,0.00023085787,0.007017336,0.011807258,-0.0021266537,0.002740754,-0.0046598283,0.00012300996,0.0042764395,0.0054230257,0.00022499145,-8.135564e-05,1.2458472e-07,0.010943974,0.001406918,-0.0027279977,0.0014184398,-0.0012646816,0.00037052753,0.015122214,-8.80193e-05,0.0028926188,0.0001400358,0.2758213,0.008340055,-0.0030233867,2.1049982e-06,-2.4348215e-05,0.0001119223,0.003911529,0.01292755
-0.00298862,-0.0040057874,-0.00022115471,0.0004273311,0.002300118,-0.0032234616,0.0006921639,-0.0035765097,-0.0036850988,0.0035960306,0.0010300154,-0.00019903138,0.003216541,0.0010140156,0.00022985128,-0.0010340344,-0.0030999396,-0.0031397128,-0.00044654534,-0.00062026293,-0.0007283513,-0.00021773296,-3.271957e-05,-3.084861e-08,0.0010163132,0.00026159215,-0.0009523124,0.00013019018,-0.00037622234,-0.00023322445,0.0053843213,8.780045e-05,-0.00032238412,0.0019511178,0.039856594,0.00016235543,-0.0014700494,-2.3808657e-06,-1.6405413e-05,-0.0004062954,-0.00056733564,-0.0017362628
-0.0018824149,-0.0052924603,-0.0010934753,-0.0001971104,0.003632695,-0.0035014255,0.0016887959,-0.0046908427,-0.0013841833,0.003907294,-0.00223644,0.000764841,0.0017517847,0.0023011388,0.0047144536,-0.0013549952,-0.001739717,-0.0025494723,-0.00074893254,0.0007604894,0.0015397178,-0.00013714148,-4.3229207e-05,-1.5252759e-07,-0.00046878384,0.000413146,-0.0010344317,0.00031764823,-0.00049344194,-8.760291e-05,0.0058503742,-0.00019063837,0.0012388629,0.0010626131,0.09044787,0.0033300535,-0.0019263477,-1.3361656e-06,-1.3321328e-05,-0.00068142655,0.0006955965,0.0036704193
0.0003229326,-0.007996033,0.0044407104,0.004144275,0.010717448,-0.009599149,0.0026404154,-0.007917462,0.0018252768,0.007273216,0.007965651,0.0010203315,0.0021242746,0.004441077,0.002875104,-0.005791381,0.0010432445,-0.006032551,0.00028081954,0.0034094062,0.0019090007,2.3526936e-05,-6.531219e-05,6.194295e-07,0.009856248,0.0012188941,-0.002835892,0.00049663987,-0.0008328584,0.00011551906,0.010890154,0.0006790071,0.0016526976,0.0012885613,0.17455964,0.0020308294,-0.008233397,8.0124954e-07,-3.1520874e-05,0.00025550753,0.0031184803,0.0045507257
-0.003148999,-0.002543545,-0.00091890123,-0.00040611473,0.0031370057,-0.002415582,0.0005944079,-0.003182227,-0.002875268,0.0044441503,-0.00095788157,0.0010039819,0.002021373,-0.00054043485,0.0015573057,-0.0017256446,-0.002774573,-0.0034588918,-0.00094476214,0.0010694021,0.0014686257,-0.00022941722,-2.0775866e-05,-1.2817647e-07,-0.00096585474,0.00035677128,-0.00071363925,0.00011180311,-0.00033474673,-0.00018197145,0.006654207,-8.1651626e-05,0.0016262151,0.0012261423,-0.021242172,0.0011000027,-0.0024532864,-2.1309725e-06,-1.8073166e-05,-0.0008596048,0.0009781496,0.0035009482
0.0011819717,-0.005933917,0.0010626732,0.003669668,0.004882004,-0.0064993,0.005617074,-0.0046714325,-0.0003380857,0.0074220067,0.0005872544,0.0025666556,0.0015291446,0.0044964296,0.0061954544,-0.0017870091,0.00037440122,-0.003015621,-0.0015006136,0.00047760198,-0.0011172325,8.611139e-05,-4.8468675e-05,1.4823104e-07,0.0087275,0.0005552298,-0.0019200984,0.0010565242,-0.00049140013,-2.1396943e-05,0.011112939,5.0058672e-05,0.0041573797,0.000927562,0.17673531,0.004376158,-0.0025405262,2.875537e-07,-1.5757018e-05,-0.0013653539,0.00043684803,-0.0026632878
0.00079923635,-0.005473922,0.00096262776,-1.0333053e-05,0.004086203,-0.0038868715,0.0067949574,-0.003205185,-0.001601168,0.003963671,-0.0023809152,0.001562193,-0.0019669684,-0.0029532092,0.0037388871,-0.0027063615,0.00032441644,-0.0017576853,-0.0019168799,0.003913826,0.005380835,5.8227575e-05,-4.47114e-05,1.3427582e-07,-2.4574898e-05,0.0004647234,-0.0011483047,0.0012780741,-0.00033716173,-0.00010133555,0.005934788,-0.0002029537,0.002530386,-0.0011931411,-0.11607796,0.0026409624,-0.0038475364,2.4916358e-07,-9.1841375e-06,-0.0017440995,0.0035798575,0.0128269745
-0.0011318121,-0.004431808,-0.00090653426,0.00092840334,0.0017514353,-0.0038297453,0.0023619388,-0.002996743,-0.0024354812,0.0067163426,-0.00014659592,0.00040812793,0.0033129212,0.0015613706,0.0025838858,-0.00072405953,-0.001182291,-0.0032565142,-0.0013767043,-0.0009617442,-0.00048320883,-8.245705e-05,-3.6199337e-05,-1.2645141e-07,0.0022080035,0.00019919054,-0.0011314277,0.00044426075,-0.00031523517,-0.00015413799,0.01005635,-1.24961125e-05,0.00066107145,0.002009581,0.061370764,0.0018251274,-0.0010293693,-9.0804224e-07,-1.7015716e-05,-0.0012526134,-0.00087967823,-0.0011518857
-0.0012248345,-0.008991461,0.0014379333,0.0028836518,0.0043530585,-0.0034426707,0.00042925662,-0.007518158,-0.002260062,0.0018600466,0.0028931652,0.001176506,-0.00030150218,0.007727252,0.0025938614,-0.0029287224,-0.0031573586,-0.00063351286,0.00016607251,-0.000382044,0.0012367589,-8.9234105e-05,-7.344292e-05,2.0057564e-07,0.006858133,0.00049507286,-0.0010170736,8.073954e-05,-0.00079085457,-0.00014303597,0.0027850398,0.00024661885,0.0019056636,-0.00018288786,0.30372506,0.0018321737,-0.0041636587,-2.4249657e-06,-3.310188e-06,0.00015110336,-0.00034944405,0.002948218
-0.0003945853,-0.0068375324,0.00035377467,0.002908747,0.0041417815,-0.004980592,0.0028175502,-0.0060750702,-0.002041691,0.007824959,0.00039505723,0.00041461908,0.002382599,0.0024680533,0.0029793992,-0.0003910245,-0.000104477396,-0.004500822,-0.00018286137,0.0024935305,0.0030571527,-2.8747123e-05,-5.5849472e-05,4.9347616e-08,0.006917816,0.00047104433,-0.0014714242,0.0005299574,-0.0006390524,-0.0001292156,0.011716277,3.3675424e-05,0.00067158556,0.001445258,0.09700856,0.0021044982,-0.0005559054,-8.024242e-08,-2.3517388e-05,-0.00016637893,0.0022807566,0.00728772
-0.0024799688,-0.006146577,0.0016398347,0.002901625,0.0069456804,-0.004291851,-5.698332e-05,-0.0063077756,-0.0012538403,0.0033512923,0.0021424107,0.0021253426,0.002364467,0.0030502344,0.002081504,-0.0026184786,-0.002339726,-0.004274382,0.0008433942,0.0015355239,0.0024219009,-0.00018067568,-5.0205697e-05,2.2873863e-07,0.006900878,0.00078993145,-0.0012679484,-1.0718081e-05,-0.0006635313,-7.93537e-05,0.0050178757,0.00018262313,0.0034425561,0.0014342592,0.1198916,0.0014702701,-0.0037225964,-1.7969943e-06,-2.2334209e-05,0.00076737383,0.0014044971,0.00577339
-0.0020613312,-0.0048348326,-4.787933e-05,-0.0007133202,0.001939873,-0.0027949233,0.0012691319,-0.003606332,-0.0026910997,0.005448438,-0.002885247,0.0008055826,0.0019430837,0.00023640599,0.002300301,-0.0018923712,-0.0015397843,-0.002539066,-0.000697445,0.0022391789,0.0025008454,-0.00015017625,-3.949127e-05,-6.678632e-09,-0.0016964755,0.00022062153,-0.0008257086,0.000238713,-0.00037935944,-0.0001703157,0.008157923,-0.0002459439,0.0013048548,0.0011786529,0.009292103,0.0016248174,-0.0026903157,-1.18261e-06,-1.3266954e-05,-0.0006345799,0.002048109,0.00596158
-0.0026393954,-0.0050892057,-3.697256e-05,-6.803562e-05,0.0029622235,-0.004157697,0.0007641541,-0.0038969452,-0.0024433173,0.004343781,-0.00045242338,-4.57539e-05,0.002572899,0.0019706574,0.0028777267,-0.0015955796,-0.002319429,-0.0031467609,-0.0006295853,5.8325328e-05,0.0002974429,-0.00019229055,-4.156901e-05,-5.157259e-09,-0.00016180778,0.00033689334,-0.0012283149,0.00014373093,-0.00040992978,-0.00015463393,0.0065039247,-3.856542e-05,-7.4110576e-05,0.0015606917,0.07745807,0.0020326818,-0.0022683777,-1.7814054e-06,-1.644224e-05,-0.00057283684,5.3348405e-05,0.0007090521
-0.0020843819,-0.0057697864,0.00057676,0.0029581303,0.0026556659,-0.0032217437,0.0006829549,-0.004504154,-0.004666927,0.0038298145,0.0021529002,0.0006038823,0.002457137,0.003822404,0.001416867,-0.0008104113,-0.0028307517,-0.0028463176,-0.000103573664,-6.698631e-05,-0.00057261647,-0.00015185558,-4.7128044e-05,8.045158e-08,0.007035264,0.00030202858,-0.00095180486,0.00012845805,-0.00047380364,-0.00029536287,0.0057343645,0.00018351727,0.0009781476,0.0014904719,0.15024227,0.0010008038,-0.0011521324,-2.1741198e-06,-1.4872384e-05,-9.423792e-05,-6.1270344e-05,-0.0013650181
0.0010499815,-0.0067519015,-2.2419372e-06,0.0024477981,0.00932678,-0.008261305,0.0055385134,-0.011870854,0.002372426,0.007953675,0.0017437316,-0.0012771036,0.00018521468,0.0073393406,0.0074365856,0.0002822074,0.001811743,-0.004029057,-0.0012540144,0.0031547798,0.003753042,7.649536e-05,-5.515003e-05,-3.127252e-10,0.0058215507,0.0010607337,-0.0024406505,0.0010417476,-0.0012487259,0.00015014733,0.011909004,0.00014863897,-0.002068608,0.00011234916,0.28847793,0.005252831,0.00040120404,1.3914843e-06,-2.1052354e-05,-0.0011409823,0.0028855812,0.008946599
0.0016211946,-0.0064483355,-0.0020766698,0.002537586,0.0035862722,-0.0044967984,0.0071057985,-0.007704652,0.0011203373,0.0118098,-0.0018196986,-0.00027697312,0.0033715616,0.0020366288,0.007799447,0.0008712745,0.0024831493,-0.0019016503,-0.0017562436,0.0014795037,0.003992573,0.00011811053,-5.2670483e-05,-2.8967224e-07,0.0060350914,0.00040786632,-0.0013284963,0.0013365407,-0.00081047235,7.090448e-05,0.017682763,-0.00015511454,-0.00044863144,0.0020451515,0.080051124,0.005509138,0.0012386595,1.9071485e-06,-9.936373e-06,-0.0015979424,0.0013532571,0.009517599
-0.00013854844,-0.005618738,5.7713176e-05,0.0021503812,0.009162098,-0.006318709,0.0038985587,-0.008761453,0.0015229299,0.008241922,0.0028166159,-0.0019266317,0.0015265481,0.0019877404,0.0036356999,-0.002374809,0.001103956,-0.004328965,-0.0016096261,0.0022741894,0.0045431093,-1.009381e-05,-4.589427e-05,8.0503435e-09,0.00511421,0.0010420043,-0.0018667462,0.00073328597,-0.00092164,9.638398e-05,0.012340594,0.00024009364,-0.003120691,0.000925987,0.07812953,0.0025680761,-0.00337618,8.478782e-07,-2.2619413e-05,-0.0014645405,0.002080132,0.010829982
-0.0007276647,-0.0057047606,-0.00053178886,0.0015995586,0.0080329,-0.006311375,0.0029520616,-0.009123366,0.002033906,0.0065326476,0.0002642926,-0.00013969728,-3.97712e-05,0.0071401014,0.006975796,-0.0017602331,0.000323931,-0.004814733,-0.0014328129,0.002889351,0.004870688,-5.3013293e-05,-4.6596906e-05,-7.417861e-08,0.0038041992,0.0009135808,-0.0018645796,0.00055525784,-0.00095971057,0.0001287229,0.009781305,2.25288e-05,-0.0002262768,-2.4124765e-05,0.28064668,0.0049273525,-0.0025024598,2.487907e-07,-2.5157613e-05,-0.0013036645,0.0026428015,0.011610873
-0.0023381165,-0.004435008,0.00032943126,-0.0015535794,0.0011223237,-0.004005813,0.0012246112,-0.001888514,-0.0028462303,0.0036429898,-0.001417585,0.00044952126,0.0011112615,0.00078409986,0.0020538745,-0.0014303797,-0.0021662102,-0.003634532,-0.001043224,0.002169304,0.0014562643,-0.00017034117,-3.6225472e-05,4.595198e-08,-0.0036948475,0.00012764175,-0.0011834437,0.00023033902,-0.0001986577,-0.00018013369,0.005454633,-0.00012083761,0.00072811893,0.0006740788,0.030819595,0.001450754,-0.002033519,-1.6637279e-06,-1.8990908e-05,-0.0009491917,0.0019841965,0.0034714807
-0.0015517947,-0.0047425115,0.0003408307,0.0007499771,0.003102772,-0.003946946,0.0036169048,-0.003287029,-0.002297869,0.003944596,-0.00025430677,0.000501954,0.0018430501,-0.00032457965,0.0023373463,-0.001266894,-0.0020464952,-0.0025537882,-0.0007277221,0.00039630238,0.00049463776,-0.00011305447,-3.8737187e-05,4.7542077e-08,0.0017836558,0.0003528779,-0.0011660525,0.00068030925,-0.0003457711,-0.00014542873,0.005906226,-2.1677588e-05,0.00081304763,0.0011179736,-0.012757831,0.0016509842,-0.0018010975,-1.5717824e-06,-1.334388e-05,-0.0006621279,0.00036248573,0.0011791304
0.00026355032,-0.012473411,0.0027968076,0.006074706,0.0040949634,-0.0036501857,-0.0010806306,-0.009054968,-0.00032620854,0.004166944,0.003016568,0.0034312205,-0.0015268882,0.010665871,0.004495653,-0.0031888466,-0.001436617,-0.0015875899,0.0008396858,0.0036424315,0.004071048,1.9200697e-05,-0.00010188374,3.9012343e-07,0.014447355,0.00046571973,-0.0010783802,-0.00020325748,-0.00095251563,-2.0645255e-05,0.006239147,0.00025713793,0.005557772,-0.0009261934,0.41922954,0.0031755038,-0.0045334683,-1.1033738e-06,-8.295366e-06,0.00076399965,0.0033316214,0.00970467
-0.0016030708,-0.0042408854,0.00047463365,0.0010192819,0.004425985,-0.0048611737,0.0026809853,-0.0043757567,-0.0018537622,0.0033713053,0.0012932859,7.83219e-06,0.0017897605,0.0027265549,0.001785319,-0.0014930287,-0.0019396513,-0.0030837164,-0.0005474258,-0.0008438729,-0.00043679602,-0.000116790136,-3.4639866e-05,6.620609e-08,0.0024241384,0.00050336675,-0.0014361442,0.00050427066,-0.00046029722,-0.00011732186,0.005047841,0.00011024212,1.268631e-05,0.0010856488,0.10716915,0.0012610598,-0.002122585,-1.4897224e-06,-1.6112825e-05,-0.0004980829,-0.0007718649,-0.0010412458
-0.0028744873,-0.0043767737,-5.8547856e-05,0.00016913665,0.0045914385,-0.003855554,0.00088690233,-0.004318294,-0.0027246654,0.0033454942,-7.419527e-06,0.0005499758,0.0018465595,0.0017489013,0.0017803946,-0.0017179813,-0.003453075,-0.003309276,-0.0005334351,0.00047295142,0.00022928152,-0.00020941794,-3.5749814e-05,-8.166772e-09,0.0004022544,0.0005221838,-0.0011390524,0.00016681883,-0.00045425256,-0.00017244004,0.005009194,-6.3245443e-07,0.0008908317,0.0011201024,0.06874179,0.0012575814,-0.002442392,-2.6520866e-06,-1.7291402e-05,-0.00048535326,0.0004325943,0.00054656726
0.0022361437,-0.0058445996,0.0005226337,0.0040832227,0.005103453,-0.006463307,0.007147032,-0.004163102,0.0020209574,0.010740906,-0.00016495633,0.002981889,0.002214824,0.0035210478,0.0065909857,-0.0020691075,0.0020182433,-0.0029353925,-0.002036287,-0.00022158411,-5.838141e-06,0.00016291204,-4.7739122e-05,7.290157e-08,0.009711049,0.00058041513,-0.0019094651,0.0013442964,-0.0004379275,0.0001279034,0.016082313,-1.4061188e-05,0.0048299604,0.0013434875,0.13839725,0.004655542,-0.0029415754,1.5500839e-06,-1.5337813e-05,-0.0018527437,-0.00020267625,-1.39171125e-05
0.0012139482,-0.0100093745,0.0043179225,0.005943602,0.007107868,-0.0067440886,0.0037748576,-0.0055448343,-0.001121152,0.0077288602,0.0053260657,0.00211593,0.0024168456,0.0077199694,0.004463054,-0.0037948736,0.0012420344,-0.0061023976,0.00018220989,0.0006342223,0.0013602274,8.8441004e-05,-8.175732e-05,6.0230195e-07,0.014135553,0.000808377,-0.0019924168,0.00071001885,-0.0005832755,-7.095605e-05,0.011572389,0.00045400386,0.00342731,0.0014660315,0.3034388,0.0031524773,-0.005395035,9.539274e-07,-3.188583e-05,0.00016578617,0.0005801039,0.0032425453
-0.0020967294,-0.0069941552,0.0010031945,0.00076102396,0.0044147056,-0.004108515,0.0010599606,-0.0043191793,-0.0019859448,0.0054286635,0.0017164891,0.0007428364,0.0028547968,0.0035815702,0.002211344,-0.0023675398,-0.0021102142,-0.004064175,-0.00041288504,-4.857668e-05,0.0009186915,-0.00015275515,-5.712878e-05,1.3993443e-07,0.0018099284,0.000502084,-0.0012137851,0.00019936964,-0.0004543457,-0.0001256875,0.008128314,0.00014631676,0.0012032206,0.0017316879,0.14077613,0.0015619824,-0.003365846,-1.6207209e-06,-2.1235848e-05,-0.00037566913,-4.4431614e-05,0.0021900006
-0.00041243667,-0.00793103,0.00014525349,0.0015396038,0.0045720814,-0.0046458347,0.0017172145,-0.006484292,-0.0012176642,0.008776293,-0.0026264694,0.0013169631,0.0019950909,0.0042302012,0.00742682,-0.0020353277,0.0007414506,-0.0043996433,-0.0009510475,0.0037946845,0.0041669235,-3.0047666e-05,-6.478124e-05,2.026124e-08,0.0036616097,0.0005199823,-0.0013725263,0.00032299355,-0.0006820995,-7.706416e-05,0.013140705,-0.00022388519,0.002133171,0.0012101998,0.16627103,0.0052459333,-0.002893552,5.694609e-07,-2.2988716e-05,-0.00086532364,0.0034708828,0.00993322
6.3753687e-06,-0.0043683513,0.00050307147,0.002977433,0.003912824,-0.004863518,0.0050495104,-0.0049837194,-0.0012759417,0.007709266,0.0022674222,-0.0022757882,0.002258459,-0.00033820095,0.00064860866,-0.00021243095,2.1101907e-05,-0.002891889,-0.0014472932,0.0018673099,0.0027590753,4.6447119e-07,-3.5681016e-05,7.017285e-08,0.0070811706,0.00044500505,-0.0014368368,0.00094977027,-0.0005242504,-8.075246e-05,0.01154305,0.00019327934,-0.0036862427,0.0013699561,-0.013293225,0.00045814464,-0.0003020054,1.6207029e-08,-1.5110501e-05,-0.0013168396,0.0017079717,0.0065771556
-0.002179539,-0.0022862311,-0.0005128814,-0.00013842912,0.0074941325,-0.004930665,0.0024618986,-0.006325962,-9.20319e-05,0.0042519756,-0.0013376469,0.0008152701,0.00064493984,0.0003989753,0.0034369114,-0.002059945,-0.0014108963,-0.0041664448,-0.0007438816,0.002005044,0.0026832242,-0.00015878817,-1.8674105e-05,-7.154122e-08,-0.0003292233,0.00085230684,-0.0014566741,0.00046306234,-0.00066544436,-5.8245623e-06,0.006366465,-0.00011402354,0.0013205463,0.0003912133,0.015682004,0.0024276618,-0.0029285492,-1.0836194e-06,-2.1770222e-05,-0.00067683094,0.0018339527,0.0063963393
-0.001648047,-0.0026039332,-0.0004772207,0.0011386753,0.002683656,-0.0043555764,0.0030137477,-0.0037388369,-0.0013922052,0.007245587,0.0010305154,0.00032356824,0.0025731933,-0.00025941047,0.002144709,-0.0012772981,-0.0009626844,-0.0031659303,-0.002161867,0.0016354895,0.0020800987,-0.000120066834,-2.126912e-05,-6.6566955e-08,0.002708089,0.0003052119,-0.0012867749,0.0005668605,-0.00039329796,-8.811061e-05,0.010848787,8.784307e-05,0.0005241046,0.0015608703,-0.0101963105,0.0015149149,-0.0018158886,-7.3937645e-07,-1.6542403e-05,-0.0019670045,0.0014959326,0.0049585933
-0.0015662917,-0.0056865746,0.0014014373,0.0021109125,0.0017089709,-0.004043533,0.0017347788,-0.001666941,-0.0041793324,0.0033990177,0.0017761707,0.00038203146,0.0026191804,0.0021099458,0.00096269586,-0.0014241186,-0.0021841794,-0.0040642247,-0.00035786122,-0.00024008984,-0.00034585394,-0.00011411063,-4.6448364e-05,1.9548486e-07,0.005020342,0.00019436106,-0.0011945873,0.00032629725,-0.00017534985,-0.00026450376,0.0050893347,0.00015140414,0.0006188013,0.0015887655,0.0829329,0.00068000006,-0.002024618,-1.6775289e-06,-2.1236108e-05,-0.00032560495,-0.00021960288,-0.00082445564
0.0026047677,-0.011210123,0.0032329927,0.0060935197,0.0077995188,-0.004287795,0.008758875,-0.005875321,0.00026898598,0.0102845,0.0017096224,0.0014575676,0.002326879,0.0032873424,0.005791748,-0.003490508,0.0014341089,-0.0026701698,-0.001648484,-0.0010486419,0.002732972,0.00018976777,-9.156512e-05,4.5096638e-07,0.014492099,0.00088703836,-0.0012667502,0.0016474704,-0.00061804027,1.7023724e-05,0.015398937,0.00014573144,0.0023609174,0.0014114588,0.12921129,0.004091,-0.0049623293,1.1014475e-06,-1.3951989e-05,-0.0014998958,-0.00095916085,0.0065149297
-0.00085563166,-0.0054477984,0.0012108327,0.0010333862,0.0011032962,-0.0026583509,0.003646452,-0.0011093117,-0.0034709345,0.002930975,-0.00030180436,0.0012176081,0.00017952081,-0.00011852151,0.0020441213,-0.0019661135,-0.0014829155,-0.0025542532,-0.0010625669,0.0017446859,0.0032880942,-6.23362e-05,-4.449802e-05,1.6889764e-07,0.0024576823,0.00012547775,-0.0007853608,0.0006858668,-0.00011669138,-0.0002196703,0.0043885363,-2.5726373e-05,0.0019722392,0.00010889532,-0.004658571,0.0014438648,-0.0027951524,-1.1389328e-06,-1.3346309e-05,-0.00096679106,0.0015958112,0.007838245
0.002050839,-0.010473153,0.0026316976,0.0032015534,0.0017527329,-0.003439397,0.0052997316,-0.0043498175,-0.0016123308,0.011137351,-0.002921051,0.0010476357,-0.00010592211,0.0037979288,0.0050394074,-0.0006913388,0.0014227603,-0.0023854128,-0.0022585234,0.0051835403,0.0065735644,0.00014941185,-8.5545485e-05,3.670924e-07,0.007614192,0.00019933812,-0.0010161066,0.0009968347,-0.0004575686,-0.000102042024,0.016675908,-0.0002489959,0.0016969239,-6.425117e-05,0.14928025,0.0035595847,-0.0009828514,1.0927314e-06,-1.24640965e-05,-0.0020549486,0.004741227,0.015670234
-0.0006576029,-0.005843661,0.0011485061,0.00010837792,0.0029570994,-0.0058830976,0.002505247,-0.0033194663,-0.001646431,0.0060034394,-0.00044440624,0.0013104068,0.0018915423,0.0030452942,0.0036570271,-0.0019107971,-0.00027369405,-0.0034235055,-0.001242023,0.0020607468,0.00093585474,-4.7909012e-05,-4.7731453e-05,1.6020377e-07,0.0002577531,0.00033631056,-0.0017380529,0.0004712158,-0.00034918328,-0.00010420018,0.008988924,-3.7882026e-05,0.0021225514,0.0011473885,0.11969742,0.0025831405,-0.0027165113,-2.1020693e-07,-1.7888267e-05,-0.0011300717,0.0018849025,0.0022309148
-0.0015715577,-0.005086451,0.0003140433,0.0020563223,0.0015521831,-0.0033387707,0.0012554151,-0.0013752651,-0.0051317685,0.00568888,9.344335e-05,0.0006093538,0.0030440246,0.0027581844,0.0018954368,-0.0010350649,-0.002063326,-0.004001314,-0.0012511271,-0.0014953731,-0.0006768139,-0.00011449429,-4.1546507e-05,4.3805535e-08,0.0048905113,0.0001765296,-0.0009863783,0.00023613298,-0.0001446677,-0.000324782,0.008517936,7.965287e-06,0.0009870102,0.0018464713,0.10841237,0.0013388415,-0.0014715145,-1.5847091e-06,-2.0907391e-05,-0.0011383552,-0.0013677723,-0.0016134066
-0.0023085508,-0.004054769,0.0005023938,-0.00027154526,0.0020855772,-0.0037957232,0.0016747498,-0.0009984903,-0.0040936703,0.0036129078,-0.0010754393,0.0010325762,0.0013120914,0.00019789493,0.002685754,-0.0015783629,-0.0026168684,-0.0038867947,-0.0012977791,0.0023596585,0.0012259854,-0.00016818718,-3.3119653e-05,7.007833e-08,-0.0006458108,0.00023719246,-0.0011213765,0.0003150063,-0.00010503378,-0.00025908233,0.0054095914,-9.167247e-05,0.001672531,0.00079589995,0.007778399,0.001897082,-0.0022439016,-2.0098496e-06,-2.0309015e-05,-0.0011808022,0.002158308,0.0029225359
-0.0023685019,-0.004626827,-0.00086068176,-0.00054844934,0.003878034,-0.0041360944,0.0006411517,-0.0050978195,-0.001699069,0.005545211,-0.0014754458,-0.00011675077,0.0024762058,0.0015648941,0.003013527,-0.0012562007,-0.0016639811,-0.0042820843,-0.000644024,0.0014730893,0.0020312245,-0.00017255486,-3.7792266e-05,-1.2005549e-07,-0.0013043664,0.00044104835,-0.0012219329,0.000120595214,-0.00053625286,-0.00010753156,0.008302821,-0.00012576977,-0.00018910885,0.0015020388,0.06150926,0.0021286043,-0.0017858952,-1.2779977e-06,-2.2374454e-05,-0.0005859741,0.0013473901,0.0048420858
0.0014506802,-0.011829687,0.0012224341,0.0032854218,0.00918225,-0.0077964705,0.0030421326,-0.010666011,0.0027963761,0.010990584,-0.0005056345,-0.0003525123,0.00014535477,0.008394182,0.008821945,-0.0022179957,0.002602583,-0.005942175,-0.0016832575,0.0057772514,0.0072171516,0.000105687875,-9.6625765e-05,1.705159e-07,0.007813655,0.0010442962,-0.0023033237,0.00057219947,-0.0011219854,0.0001769785,0.016456155,-4.3101238e-05,-0.0005709872,8.8170586e-05,0.3299392,0.006231379,-0.0031532443,1.998878e-06,-3.1048647e-05,-0.001531535,0.0052842763,0.017204434
-0.0018473027,-0.0049886224,0.00041754945,0.001002458,0.0054269796,-0.004323789,0.0013505205,-0.005661553,-0.0036482993,0.00523961,-0.00088442257,0.0008239511,0.002747222,0.0009810376,0.0033365353,-0.0019560216,-0.0011041572,-0.0043819314,0.0007744421,0.0018799589,0.002294478,-0.00013458342,-4.0747436e-05,5.8243486e-08,0.0023841264,0.00061720976,-0.0012773839,0.00025402152,-0.0005955534,-0.00023089546,0.007845245,-7.538984e-05,0.0013346074,0.0016664342,0.03856037,0.0023567611,-0.0027808053,-8.480327e-07,-2.2896169e-05,0.0007046368,0.0017195413,0.0054696365
-0.0019786218,-0.0038539462,0.0004375722,0.0018723393,0.001651735,-0.0039255586,0.0021047662,-0.0021159558,-0.0036218623,0.005292656,0.0028921044,-0.00031115994,0.004119632,0.00022601016,-0.000274556,-0.0013737519,-0.0018828092,-0.003941491,-0.00060421444,-0.00090640073,-0.0011861676,-0.00014415054,-3.1479318e-05,6.103643e-08,0.004452948,0.00018785163,-0.001159734,0.00039588875,-0.00022258288,-0.00022922229,0.00792467,0.00024652842,-0.00050400605,0.0024989226,0.008883487,-0.00019393259,-0.0019530135,-1.4460657e-06,-2.0594809e-05,-0.0005497528,-0.00082905724,-0.002827617
-0.0024733264,-0.0040357024,0.0006414795,0.00067148823,0.0031714737,-0.0023036848,0.0023703717,-0.0029631464,-0.0037240114,0.004184863,-0.002664636,0.00084859855,0.002753963,-0.00051004195,0.0018462493,-0.0012888865,-0.0025872968,-0.0019442083,-0.00012645082,0.000892967,0.0014481843,-0.00018019175,-3.2963915e-05,8.947923e-08,0.0015969874,0.00036069134,-0.00068058126,0.0004458469,-0.00031170106,-0.00023568716,0.0062659774,-0.00022713857,0.0013745305,0.0016705232,-0.020047557,0.0013040979,-0.0018323634,-1.9871375e-06,-1.0158745e-05,-0.000115053015,0.0008167698,0.0034522193
-0.0017048198,-0.006951792,0.0010704289,0.0032030072,0.003438766,-0.0030743913,0.0016370638,-0.004141043,-0.004795159,0.00396385,0.00089121575,0.0016198338,0.0018130054,0.003209692,0.0020780456,-0.00058757816,-0.0034601998,-0.0024867211,-0.0006416149,0.0012309592,0.0006348897,-0.00012420297,-5.6782756e-05,1.4931287e-07,0.0076176496,0.00039109046,-0.0009082723,0.0003079179,-0.00043560707,-0.00030347853,0.005935055,7.596891e-05,0.0026237504,0.0010997489,0.12615919,0.0014678272,-0.00083533867,-2.6575588e-06,-1.2993445e-05,-0.00058378215,0.001125921,0.0015134666
-0.0018983484,-0.0044627534,-0.000116575226,0.001735524,0.0047361366,-0.005163586,0.0019025592,-0.0062572295,-0.0017101368,0.006329761,0.0022185259,-0.0010052565,0.002429817,0.0033799745,0.0021832897,-0.00043880544,-0.0013215188,-0.003757225,-0.0014290018,0.0013529514,0.0017734367,-0.0001383023,-3.64521e-05,-1.6260943e-08,0.004127563,0.00053864025,-0.0015254865,0.00035785532,-0.0006582142,-0.00010823202,0.009477523,0.00018911132,-0.0016282797,0.0014738999,0.13285227,0.0015421663,-0.00062383385,-1.0149743e-06,-1.9631994e-05,-0.001300197,0.0012375036,0.0042275647
0.015310665,-0.047969606,0.013788772,0.049258623,0.020987552,-0.00219647,-0.004201218,-0.038055994,-0.0070717437,0.029420316,0.026540127,0.020420033,-0.004835641,0.048942506,0.01570964,0.0015420507,0.0026426374,-0.0035680057,0.0034549749,0.026138812,0.022771483,0.0011154433,-0.0003918193,1.9233796e-06,0.11715082,0.0023869118,-0.0006489066,-0.00079021364,-0.0040032086,-0.0004475602,0.044050913,0.0022623304,0.03307566,-0.0029332459,1.9237195,0.011096503,0.002192278,2.029641e-06,-1.86433e-05,0.0031435564,0.023908379,0.054283254
-0.0012517599,-0.005463778,-0.0013127248,0.0016122471,0.0036385166,-0.005023651,0.0016340958,-0.006854617,-0.00081117754,0.007495611,0.00013733373,-0.0005237937,0.003073561,0.0034773415,0.0040720794,-0.00027017808,-0.0010623143,-0.0032809898,-0.0011976608,0.0012144533,0.0012298016,-9.119573e-05,-4.4628545e-05,-1.8311044e-07,0.0038343759,0.00041380807,-0.0014841452,0.00030735962,-0.00072105497,-5.1338226e-05,0.011223146,1.1706586e-05,-0.0008484228,0.0018643878,0.13667935,0.0028763127,-0.0003841024,-8.158958e-07,-1.7143604e-05,-0.0010897082,0.0011108235,0.002931633
-0.0026861164,-0.0056814738,-0.0002069783,-0.00035976403,0.0017208781,-0.0038778717,-0.0003570685,-0.00398351,-0.0020268513,0.0041355845,0.0003239894,-0.00082271587,0.0018654864,0.0021461593,0.00086556183,-0.0017739049,-0.0027737687,-0.0029982508,-0.0008571865,4.8253627e-05,0.00073901593,-0.00019569436,-4.6406698e-05,-2.887116e-08,-0.0008556198,0.00019571526,-0.0011456457,-6.716157e-05,-0.0004190358,-0.00012827641,0.006192193,2.7617467e-05,-0.0013326065,0.0011315832,0.08435629,0.00061138946,-0.0025218965,-2.1303547e-06,-1.5666255e-05,-0.00077992294,4.4136126e-05,0.0017616854
-0.00017216639,-0.013075563,0.0039576655,0.008141357,0.007745621,-0.004460523,-0.00011730223,-0.0072872685,-0.001987482,0.004473485,0.0039041305,0.0015123175,0.0014720035,0.011953395,0.004333473,-0.003393278,-0.0027740384,-0.0034746507,0.00091585633,-0.0042837053,0.0007110843,-1.2543012e-05,-0.00010680217,5.5205015e-07,0.019362431,0.00088090857,-0.0013177794,-2.206356e-05,-0.0007665667,-0.00012578479,0.0066981297,0.00033279543,0.0024495993,0.0008929009,0.46983656,0.0030609479,-0.0048241005,-2.1305618e-06,-1.8155508e-05,0.0008333045,-0.003918175,0.0016951011
-0.0027321079,-0.0033682715,-0.00034692494,-0.0009588398,0.0041383603,-0.0043047504,0.0005969242,-0.0037363032,-0.0020659575,0.0034871073,-0.00053346285,0.0008535804,0.002398452,0.00020781707,0.0018170144,-0.0020798668,-0.002205032,-0.0040742396,-0.0006229807,0.0015456959,0.00082869106,-0.00019904503,-2.7512291e-05,-4.8392153e-08,-0.00228039,0.00047065524,-0.0012717593,0.00011227641,-0.00039303143,-0.00013075139,0.005221231,-4.5473378e-05,0.0013825999,0.0014548742,0.008168396,0.0012834478,-0.0029568716,-1.6935443e-06,-2.1288439e-05,-0.00056682754,0.0014138011,0.0019754553
0.0006219819,-0.00816915,0.0020252126,0.0033540165,0.0046860278,-0.0041199215,0.0044334335,-0.0043785986,-0.002866723,0.008581107,-0.00017424388,0.0012253851,0.0040377122,0.0036466792,0.0037467605,-0.0013550256,-0.00024452037,-0.0038122772,-0.00074787915,-0.002796494,-0.00040129377,4.531388e-05,-6.672622e-05,2.8249454e-07,0.007976792,0.00053294137,-0.0012171549,0.0008338914,-0.00046059617,-0.00018143066,0.012848454,-1.4852876e-05,0.0019848363,0.0024492312,0.14333528,0.0026465238,-0.0019263909,-1.878005e-07,-1.9919651e-05,-0.0006804681,-0.0025578681,-0.0009566145
-0.00049122213,-0.00827479,0.00386275,0.0054058456,0.009122633,-0.0061766393,0.004062872,-0.0066649774,0.00056560617,0.0045850175,0.00719144,0.0015102136,0.0021348633,0.0058392743,0.0027265043,-0.0038599698,-0.00094384653,-0.0045323637,0.00035125978,-6.821257e-05,0.0012488768,-3.5787503e-05,-6.75891e-05,5.3881047e-07,0.012856618,0.001037516,-0.0018247743,0.0007641919,-0.00070110627,3.5796376e-05,0.006865127,0.0006130119,0.0024461916,0.0012949842,0.22951677,0.0019258659,-0.0054875794,-7.249083e-07,-2.3682198e-05,0.00031959853,-6.239196e-05,0.002977105
-0.0016253464,-0.0053288927,0.0008250603,0.0008010601,0.0035372283,-0.005013634,0.002297158,-0.0024788077,-0.0018775589,0.0028373096,0.00038404993,0.0017094531,0.0010977632,0.0015101684,0.0036101462,-0.0018237889,-0.0022399868,-0.003687236,-0.00044739735,0.0017763089,0.00097376737,-0.000118413,-4.352679e-05,1.150867e-07,0.0019051457,0.00040228857,-0.0014811859,0.000432076,-0.00026075222,-0.00011882792,0.0042482913,3.2737138e-05,0.0027689126,0.00066589087,0.059358228,0.0025500262,-0.0025928146,-1.720391e-06,-1.9266294e-05,-0.00040707062,0.0016247358,0.002321292
-0.0017310985,-0.0052044317,0.0010594708,0.0012509001,0.003373227,-0.003639227,0.0025770692,-0.004490166,-0.0028450282,0.004037882,-0.00017800307,0.0011158707,0.0023505767,0.0025478848,0.0014360021,-0.0012709087,-0.0016960589,-0.002797705,0.000200463,0.00060860906,0.00013392471,-0.00012611748,-4.2510183e-05,1.4778435e-07,0.0029749912,0.00038363674,-0.0010751426,0.00048472497,-0.0004723322,-0.00018005761,0.0060459035,-1.51733175e-05,0.0018074486,0.0014258336,0.1001464,0.0010143198,-0.001806805,-1.3026346e-06,-1.4618377e-05,0.00018239401,0.00055667624,0.00031925322
-0.0014887743,-0.007057816,0.0021102997,0.002230161,0.006119294,-0.0047048354,0.0019175296,-0.0052048024,-0.0013811248,0.005546524,0.0005371673,0.0012762956,0.0031382053,0.0017645842,0.0019727764,-0.002252778,-0.0013776186,-0.004002947,0.00032266811,0.00022881883,0.0012111256,-0.00010846318,-5.7648762e-05,2.9436325e-07,0.0053039487,0.0006959466,-0.001389957,0.00036067114,-0.0005475067,-8.7409346e-05,0.008304787,4.578915e-05,0.0020672993,0.0019036003,0.06935822,0.0013934703,-0.003202693,-1.058061e-06,-2.0915924e-05,0.00029358402,0.00020929363,0.0028871128
0.00097598694,-0.008483935,0.0030113596,0.0062105088,0.0042801904,-0.0038933882,0.0061266175,-0.0035598334,-0.004410263,0.00724804,0.0011512163,0.0003664972,0.0036118645,0.0026284177,0.0023315898,-0.0010156939,-0.0013038634,-0.0029312153,-6.0501567e-05,-0.0029841228,-0.0016003604,7.1104565e-05,-6.929741e-05,4.2005104e-07,0.014770332,0.00048678558,-0.0011502298,0.001152365,-0.00037446813,-0.000279119,0.010852459,9.8131844e-05,0.00059363944,0.0021909168,0.1033118,0.0016469181,-0.0014439753,-1.0014143e-06,-1.5315985e-05,-5.5048182e-05,-0.0027294864,-0.0038149806
0.00058663846,-0.006039434,0.00034558572,0.0007817511,0.0058496185,-0.0040626153,0.0059403135,-0.0057508023,0.00031400006,0.00766603,-0.003392858,-0.0012231991,-0.00070999237,-0.004254112,0.0032418575,-0.0022273897,0.0010651627,-0.00187437,-0.0017616967,0.0041876216,0.0073312237,4.2738964e-05,-4.9330545e-05,4.8205347e-08,0.0018592235,0.0006652764,-0.0012002249,0.0011173228,-0.0006049418,1.98726e-05,0.011478313,-0.0002892136,-0.0019812954,-0.00043067345,-0.16721086,0.0022898857,-0.0031665994,8.180835e-07,-9.79383e-06,-0.0016029039,0.0038302904,0.017476361
-7.3675066e-05,-0.0069326116,0.0010661882,0.0018609855,0.005305116,-0.005259911,0.0046504233,-0.005645152,0.00017274567,0.005007848,-0.0013446603,0.003415393,0.0012610813,0.0036215256,0.0071410234,-0.0022405898,-0.00060781697,-0.00203295,-0.0006050678,0.0010800493,0.00069223216,-5.3675244e-06,-5.6626086e-05,1.4872136e-07,0.0044259457,0.0006033502,-0.0015539438,0.0008747054,-0.0005938282,1.09328175e-05,0.0074982294,-0.000114621376,0.005532135,0.00076495786,0.1423466,0.0050440608,-0.0031853656,-4.6682544e-07,-1.0622432e-05,-0.0005505293,0.0009878883,0.001650161
-0.003060042,-0.00448561,0.00042604754,-1.0178308e-05,0.004057133,-0.0033834898,0.0009169661,-0.004061972,-0.0033191827,0.003740686,-3.5297417e-05,0.0011129681,0.0025611948,0.0014939365,0.0022247764,-0.0020571887,-0.0024894986,-0.004011236,0.0004242371,0.0014241083,0.0016597764,-0.00022293633,-3.6638794e-05,5.9428874e-08,-2.420687e-05,0.00046141728,-0.0009995898,0.00017247358,-0.00042728937,-0.00021006615,0.005600913,-3.0088183e-06,0.001802747,0.0015535922,0.058720224,0.0015714705,-0.002924631,-1.912025e-06,-2.0959236e-05,0.00038599796,0.0013025886,0.0039566183
0.0013137897,-0.010220503,0.00040120463,0.0017510699,0.008797428,-0.0066467095,0.005114164,-0.011014496,0.003032175,0.009351695,-0.0025113616,-0.0006720166,0.0020232082,0.0052431375,0.009852018,-0.0019863392,0.0022626978,-0.003005816,-0.00019521176,0.0037573138,0.0065574297,9.571485e-05,-8.348183e-05,5.5963564e-08,0.0041645356,0.0010005304,-0.001963648,0.0009619311,-0.0011586434,0.00019190185,0.014002252,-0.0002140732,-0.0010885091,0.0012272554,0.20608519,0.0069589717,-0.0028239067,1.7378338e-06,-1.5705784e-05,-0.00017761611,0.003436701,0.01563177
-0.001320503,-0.0045924666,0.0002791146,0.0014448083,0.0039016735,-0.005060927,0.0027858028,-0.002929423,-0.0017228697,0.004525329,-5.629792e-05,0.0014517633,0.0021719343,0.002244235,0.0037694783,-0.0016630364,-0.0016531297,-0.0032042738,-0.0007045521,-0.00020984543,-0.00061411364,-9.620394e-05,-3.7511607e-05,3.8933372e-08,0.0034361596,0.00044373688,-0.0014951577,0.000523986,-0.0003081536,-0.00010903787,0.0067757554,-4.7989406e-06,0.0023515157,0.0013174711,0.08821123,0.0026625704,-0.0023642788,-1.2696635e-06,-1.6742752e-05,-0.00064104644,-0.00019193924,-0.00146394
-0.0018668806,-0.004003765,-0.0009874852,-0.00049559504,0.005602755,-0.0036494806,0.0025996808,-0.0055620056,-0.0013450016,0.0051594726,-0.002935857,-0.0011431745,0.0008223922,0.00041668545,0.0042068446,-0.0015986627,-0.0009637191,-0.0029694047,-0.0016263818,0.0020048346,0.004441295,-0.00013600974,-3.270305e-05,-1.3774316e-07,-0.001178664,0.0006372007,-0.0010781719,0.000488978,-0.0005850818,-8.512316e-05,0.007725256,-0.000250258,-0.0018516743,0.0004988539,0.016378114,0.0029715041,-0.002272761,-7.401712e-07,-1.551553e-05,-0.0014797858,0.0018337613,0.010587274
0.00031246245,-0.007904773,0.00081846316,0.003308475,0.003959209,-0.00583701,0.0024487332,-0.0072161825,0.000115568284,0.00893504,-0.001022912,0.0016252708,0.0010122204,0.00604581,0.0062732655,-0.0014490193,0.00026681158,-0.003316464,-0.0008520854,0.0028429236,0.00300977,2.2764143e-05,-6.456677e-05,1.1416647e-07,0.007868482,0.0004502804,-0.0017244372,0.00046058604,-0.00075908896,7.3141455e-06,0.013378397,-8.7194945e-05,0.0026325572,0.0006140016,0.2376348,0.00443112,-0.0020600185,2.0492095e-07,-1.732896e-05,-0.00077528163,0.002600336,0.007174768
-0.0008318054,-0.007999564,0.0032277233,0.0024709054,0.0035406866,-0.0048891073,0.0029277112,-0.0016790706,-0.0023096395,0.002872553,0.0021643154,-0.0011831918,-0.00017261389,0.0042342553,0.0021915808,-0.0025580737,-0.0025825526,-0.0038242051,0.00027662452,-0.0010881048,0.002653491,-6.060036e-05,-6.534103e-05,4.5023134e-07,0.005876506,0.00040268188,-0.0014443967,0.00055067777,-0.0001766258,-0.00014617365,0.004301061,0.00018449032,-0.0019164929,-0.00010470566,0.16643037,0.0015480228,-0.003636721,-1.9834938e-06,-1.9981975e-05,0.00025169062,-0.0009952564,0.006325461
-0.0016162136,-0.0036089756,-0.0007025561,0.002323031,0.0039415048,-0.004639018,0.0039037736,-0.0046632076,-0.004050854,0.005847678,0.0041209185,-0.000757571,0.004026496,0.0021724924,0.0010866142,-1.4112215e-05,-0.002473869,-0.0031428968,-0.001091151,-0.00017149118,-0.0011098405,-0.000117747644,-2.947838e-05,-9.799873e-08,0.0055248193,0.0004482669,-0.0013705124,0.0007342668,-0.00049053493,-0.00025637256,0.008755703,0.00035127485,-0.0012270872,0.0024424274,0.085391335,0.00076752977,-2.0062826e-05,-1.9000208e-06,-1.642205e-05,-0.0009927987,-0.00015685777,-0.0026456665
0.0014884155,-0.009959442,0.000732845,0.006366658,0.008224189,-0.0049759066,0.0056384504,-0.010415216,0.00037751696,0.008144261,0.0014691096,0.0030458327,0.0016842965,0.009500723,0.009111031,-0.0010480277,0.00048568053,-0.0021452145,-0.00090665044,0.002039174,0.0018864019,0.000108437045,-8.1349455e-05,1.02223694e-07,0.0151416985,0.0009353361,-0.00147004,0.0010605449,-0.0010956036,2.389249e-05,0.012194367,0.00012522966,0.004933534,0.0010216754,0.3734326,0.0064355754,-0.001489943,3.730202e-07,-1.1209028e-05,-0.00082492834,0.0018651705,0.004496854
-0.0026609874,-0.0044508786,0.0005291445,0.0009642419,0.0032023722,-0.00331118,0.00091501174,-0.0032276006,-0.0037363602,0.0031195506,0.00085447845,-0.00010044215,0.0021545228,0.0014716983,-0.0003103927,-0.0013249803,-0.0030100166,-0.0033919807,-0.000878231,-0.0017294757,-0.0006511826,-0.00019386361,-3.6355108e-05,7.3809744e-08,0.0022932377,0.00036420542,-0.0009782271,0.00017210598,-0.0003395197,-0.0002364687,0.0046708896,7.283735e-05,-0.00016269271,0.0013069095,0.057846133,-0.00021924583,-0.0018836766,-2.3118016e-06,-1.7723545e-05,-0.0007990706,-0.0015818989,-0.001552306
-0.0018598385,-0.0013880248,-0.00071271486,-0.00025644392,0.004663595,-0.0053936993,0.0021516476,-0.004858154,-0.0010973744,0.0043929173,-0.00055093097,-0.00074803276,0.00021897093,0.00013859192,0.002121251,-0.0011424001,-0.00134863,-0.0032338242,-0.0016379622,0.0019956594,0.0024158244,-0.0001354967,-1.1337489e-05,-9.9415765e-08,-0.00060989556,0.0005303901,-0.0015934692,0.00040470675,-0.00051104184,-6.94512e-05,0.006577496,-4.6962392e-05,-0.0012116375,0.00013282533,0.0054474524,0.0014983454,-0.0016241089,-1.0357966e-06,-1.6897156e-05,-0.0014903224,0.0018253691,0.0057589053
-0.0012254706,-0.009328969,0.0008405692,0.0033262419,0.0045172283,-0.004360668,0.00033913655,-0.006057216,-0.0039922004,0.0064299447,0.0008931818,-0.000672174,0.001182328,0.005390543,0.0032399949,-0.00013719092,-0.0030058238,-0.0033218975,-0.0013668052,0.00319249,0.0024052418,-8.9280446e-05,-7.619971e-05,1.1725002e-07,0.007910736,0.00051374384,-0.0012882791,6.378872e-05,-0.00063717423,-0.00025266045,0.0096275285,7.613649e-05,-0.001088764,0.00071718695,0.21187907,0.00228857,-0.00019503936,-2.3085815e-06,-1.7357352e-05,-0.0012436064,0.0029200737,0.005733678
0.0009964127,-0.013300165,0.0019080903,0.00526914,0.0017115353,-0.0028502562,-0.00035753602,-0.008314572,-0.0012733052,0.0058221356,0.001126231,0.0022821988,-0.0018154497,0.010652255,0.0045208237,-0.001937147,-0.0011018768,-4.3066684e-05,-0.00078250427,0.0034905924,0.0038286343,7.2592666e-05,-0.000108636734,2.661573e-07,0.012531493,0.0001946527,-0.0008420557,-6.724951e-05,-0.00087463146,-8.0585596e-05,0.008717459,9.6002055e-05,0.0036966263,-0.0011012316,0.41869438,0.0031932832,-0.0027539718,-8.462813e-07,-2.250291e-07,-0.00071197224,0.0031927389,0.009126798
0.0015671761,-0.010416349,0.0021241666,0.0050454685,0.003995254,-0.0057919957,0.0022130627,-0.00566909,-0.002382262,0.012545565,-0.0008704653,0.0008262775,0.0014766555,0.007816514,0.006671229,-0.0012633688,0.0011749344,-0.0035008206,-0.0030727913,0.0052797,0.003761948,0.00011417507,-8.508151e-05,2.9629751e-07,0.011999539,0.0004543798,-0.0017111385,0.0004162584,-0.0005963463,-0.00015076983,0.01878442,-7.42001e-05,0.0013383756,0.0008957227,0.30723357,0.0047122217,-0.0017960857,9.023922e-07,-1.8292249e-05,-0.0027958213,0.004829181,0.00896783
0.0028344658,-0.014368125,0.0054593696,0.010120461,0.007927087,-0.0065527316,0.0028013485,-0.0071737114,-0.0011655849,0.013810782,0.0019973472,0.0036200902,0.0019098407,0.01051423,0.009679203,-0.0037366012,0.0029287862,-0.006842858,-0.0010657194,0.0033214442,0.0055859755,0.00020650221,-0.000117359916,7.615211e-07,0.024069294,0.0009015467,-0.0019358839,0.00052691,-0.00075462135,-7.376814e-05,0.020678824,0.00017025764,0.0058636963,0.0011584881,0.41326916,0.0068369037,-0.005312191,2.249414e-06,-3.5754834e-05,-0.0009696595,0.003038024,0.013315993
0.00122057,-0.005444642,-0.0015272939,0.0030647896,0.0037433421,-0.005938356,0.0052214735,-0.005898485,-0.0005045396,0.009059834,0.0014740897,0.00039006973,0.0035086393,0.0066394513,0.0053991904,-1.5359721e-05,0.0006391688,-0.0021361369,-0.0019363239,-0.0008670266,-0.0024169367,8.892342e-05,-4.4472243e-05,-2.1304045e-07,0.0072889295,0.00042572987,-0.0017543779,0.000982115,-0.00062047696,-3.1931562e-05,0.013565251,0.00012565419,0.0006318214,0.0021283014,0.2609683,0.0038137173,-2.183636e-05,4.9090477e-07,-1.1161596e-05,-0.001761791,-0.00079304294,-0.0057615563
0.0008142758,-0.010423605,0.0010486853,0.002451942,0.004387146,-0.0055235354,0.0030673011,-0.004686787,-0.000606969,0.008775337,0.00036117985,0.00035777394,0.0022145954,0.005501107,0.006071896,-0.0015862625,0.0008352862,-0.003688285,-0.0017671396,0.0024428745,0.0019476535,5.932326e-05,-8.514078e-05,1.4627989e-07,0.005831406,0.0004989496,-0.0016318269,0.00057693344,-0.0004930153,-3.8414168e-05,0.013139274,3.078765e-05,0.0005795098,0.0013433489,0.21622486,0.0042888825,-0.002255132,6.4153005e-07,-1.9271774e-05,-0.0016078562,0.002234423,0.004642867
-0.0022478115,-0.003964537,0.00024814496,0.0005804794,0.0014629554,-0.003550712,0.0016344273,-0.0022179373,-0.0035874366,0.0036445716,0.00090514193,6.251177e-05,0.0020498692,0.00047779758,0.00062011706,-0.001452235,-0.0020103878,-0.0035426654,-0.0009289514,0.001967931,0.0012903647,-0.00016376209,-3.238263e-05,3.461345e-08,0.0013805429,0.00016638175,-0.0010489925,0.000307422,-0.00023331058,-0.00022704355,0.0054570013,7.7156e-05,0.000101254394,0.0012434277,0.018780168,0.0004380196,-0.00206459,-1.5440506e-06,-1.8510893e-05,-0.00084521924,0.0018000066,0.0030760048
-0.0011350508,-0.0039278357,0.00014593184,0.0014394064,0.0061654053,-0.006370865,0.0024630735,-0.005539799,-0.0010542453,0.005500976,0.0035740952,-0.0021929902,0.002229366,0.0013459387,0.0013679542,-0.001953228,-0.00057007745,-0.0046258224,-0.0009665733,0.001351083,0.0011073857,-8.2693005e-05,-3.2082855e-05,2.0355863e-08,0.0034233122,0.00070119085,-0.0018821547,0.00046328333,-0.0005827458,-6.672162e-05,0.008236588,0.0003046626,-0.0035521293,0.0013523086,0.052903064,0.0009662542,-0.0027768335,-4.378401e-07,-2.4170531e-05,-0.00087945,0.0012357946,0.002639815
-0.0008466905,-0.0053138747,-0.0004879036,0.0015605692,0.0072979564,-0.0052810693,0.0045669354,-0.0066542,-0.0010889887,0.001918949,-0.001092282,0.002879817,-0.0003444655,0.004568572,0.007263951,-0.0017012877,-0.002088869,-0.0033554551,-0.00033450936,0.002429388,0.0014865721,-6.16848e-05,-4.340412e-05,-6.8057105e-08,0.0037114713,0.0008299957,-0.0015601947,0.000859002,-0.0006999726,-6.892048e-05,0.002873234,-9.3108174e-05,0.004664628,-0.00020894891,0.17957093,0.0051308908,-0.0024186592,-1.6043269e-06,-1.7532695e-05,-0.00030435793,0.0022220875,0.0035437292
3.417628e-05,-0.011026794,-2.8455725e-05,0.0034000084,0.009110957,-0.0050730216,0.0023457503,-0.008539066,-1.2387754e-05,0.0069777602,-0.0014945623,-0.0012401184,0.0011255569,0.00938471,0.010362605,-0.00210635,0.0008732842,-0.0037217475,-0.0009695085,0.0039657303,0.005351265,2.489879e-06,-9.0067675e-05,-3.9692556e-09,0.008086174,0.0010361881,-0.0014987309,0.00044121582,-0.0008982465,-7.840026e-07,0.01044777,-0.0001273993,-0.0020087007,0.00068275025,0.3688726,0.007319624,-0.0029945215,6.7071386e-07,-1.9446621e-05,-0.0008821206,0.003627333,0.012756485
-0.0033136753,-0.0041046287,-0.0004775644,-0.0005417974,0.0018821782,-0.003202651,-0.00021709857,-0.0034918212,-0.0029794439,0.0035794533,0.00013476543,-0.00026218808,0.0028041394,0.0004163329,0.000347092,-0.0012152528,-0.0031450035,-0.0032796855,-0.00065200095,-3.4576922e-05,0.00014084551,-0.00024141454,-3.352691e-05,-6.66149e-08,-0.0012885461,0.00021405991,-0.00094616425,-4.0834406e-05,-0.00036731374,-0.00018856459,0.0053595,1.1487659e-05,-0.00042468315,0.0017009596,0.016364258,0.00024516837,-0.001727681,-2.4154765e-06,-1.7136788e-05,-0.00059323205,-3.162646e-05,0.0003357512
-0.0025819906,-0.0041032596,0.00036890357,0.0008597496,0.0042633004,-0.0050712237,0.00083720154,-0.0036473332,-0.0022936899,0.00587702,0.002033987,-0.000272616,0.0037886496,0.0005503246,0.0013350846,-0.0022689083,-0.0018897034,-0.0046404493,-0.00039134832,0.00053290144,-8.0167054e-05,-0.00018810837,-3.3515727e-05,5.1457928e-08,0.0020447257,0.00048486466,-0.0014981997,0.00015747054,-0.00038367245,-0.00014516423,0.008799637,0.00017338089,-0.0004415739,0.0022981525,0.021630894,0.00094303675,-0.003225625,-1.4513606e-06,-2.424696e-05,-0.00035607367,0.00048742877,-0.00019110431
0.000946742,-0.009214446,0.0022486968,0.005414737,0.006101502,-0.0061551277,0.003570646,-0.004150549,-0.003410591,0.009917574,-0.0002543081,0.0009762301,0.0031033934,0.007833671,0.007260147,-0.0016881163,0.0005166165,-0.0045408662,-0.0015601058,-0.0006791669,0.00085720303,6.897395e-05,-7.526428e-05,3.136681e-07,0.012877763,0.00069392315,-0.0018184191,0.0006716084,-0.00043660702,-0.00021585125,0.014849541,-2.1677703e-05,0.0015812636,0.0018824837,0.30790794,0.005128204,-0.002399934,3.9678017e-07,-2.3726625e-05,-0.0014194837,-0.0006212133,0.0020434228
-0.0030307078,-0.0045135072,0.0007502183,0.00086404476,0.0032403297,-0.003251416,0.00059003965,-0.003006313,-0.0030137415,0.0033354259,0.002139681,-0.0003448705,0.002416734,0.00012881693,-0.000702812,-0.0022880742,-0.002876304,-0.0038326508,-0.00018152324,0.00036791814,0.00068757957,-0.00022079922,-3.6866662e-05,1.0464707e-07,0.002054941,0.0003685223,-0.000960571,0.00011098148,-0.00031624187,-0.00019073523,0.0049941186,0.00018239045,-0.00055860926,0.0014659638,0.00506324,-0.00049643114,-0.0032528725,-2.2091056e-06,-2.0026106e-05,-0.00016516141,0.00033652355,0.00163907
-0.00044467254,-0.008439444,0.0028210767,0.0055926032,0.005555211,-0.0040004076,0.0033873194,-0.0061370702,-0.0044065816,0.006810231,0.0029303462,0.0020982658,0.002128313,0.005577892,0.0027696998,-0.0010837251,-0.0012807997,-0.00415293,9.373517e-05,0.0014269665,0.0013554104,-3.239618e-05,-6.8934e-05,3.9350869e-07,0.013300779,0.0006317935,-0.0011818468,0.00063712616,-0.00064557436,-0.00027888603,0.01019693,0.00024978822,0.003398698,0.001291011,0.21924296,0.001956377,-0.0015406929,-9.837006e-07,-2.1699605e-05,8.5286236e-05,0.001305203,0.0032310626
-0.001477823,-0.008061062,0.000177562,0.0015880824,0.004645288,-0.0034783408,-0.00063554256,-0.006453936,-0.0022392524,0.0034003856,-0.0006812826,0.0009694451,0.0015505212,0.004943684,0.0038583907,-0.0030821816,-0.0027463553,-0.0014623693,3.703311e-05,0.001653767,0.0019367976,-0.000107665335,-6.584335e-05,2.4767916e-08,0.0037769054,0.00052830804,-0.0010276118,-0.000119540186,-0.0006789063,-0.00014171896,0.0050913827,-5.8073812e-05,0.0015702735,0.0009405289,0.19431497,0.0027253737,-0.004381826,-2.1093003e-06,-7.641072e-06,3.3695083e-05,0.0015126504,0.0046169884
-0.002480377,-0.0042617936,0.00038429248,0.00068149576,0.001747179,-0.0039005748,0.0011791454,-0.002560162,-0.0035451946,0.003639563,0.0017271264,-0.00025460363,0.0032353261,0.0007134114,-0.0001862878,-0.0011158825,-0.0026578326,-0.0037314747,-0.00039824046,-0.0009458973,-0.0010518073,-0.00018070542,-3.4810648e-05,5.360451e-08,0.0016207881,0.00019870646,-0.001152353,0.0002217873,-0.00026931008,-0.00022437012,0.005449502,0.0001472235,-0.0004123981,0.0019625127,0.028041136,-0.00013158435,-0.0015864099,-2.0413115e-06,-1.9497447e-05,-0.00036234455,-0.00086518354,-0.0025073257
-0.0015355374,-0.0055802017,-0.00027075052,0.0030799166,0.0020919454,-0.0031445352,0.0006757476,-0.005979192,-0.0036778108,0.006785913,-0.00033975916,0.00076762686,0.0028920453,0.0031759287,0.0029201051,0.00014075125,-0.0016491837,-0.0023359084,-0.001143032,0.0024055755,0.002458194,-0.00011187006,-4.55795e-05,-3.7766675e-08,0.0073249056,0.00023791671,-0.000928995,0.00012710241,-0.0006289667,-0.0002327632,0.010160518,-2.8961711e-05,0.0012433754,0.0017542824,0.12483211,0.0020626157,0.00020010096,-1.2666328e-06,-1.2205429e-05,-0.0010400034,0.0022003069,0.005859907
9.809737e-05,-0.009620821,0.0014600162,0.0012331795,0.0033710026,-0.005392533,0.0022868444,-0.005112728,-0.0003018987,0.0058083674,-0.0015804723,0.00093685486,0.00028779148,0.004309209,0.0058984086,-0.0021324754,0.000845033,-0.0036786005,-0.00027602178,0.0043111695,0.004566788,7.146787e-06,-7.858358e-05,2.0365596e-07,0.0029328468,0.00038338374,-0.0015931245,0.00043013613,-0.00053782115,-1.9106721e-05,0.008696843,-0.00013472243,0.001517485,0.0001745711,0.16937648,0.00416634,-0.0030316631,6.4901593e-07,-1.9221172e-05,-0.00025114222,0.0039432957,0.010886429
-0.0020494058,-0.004011341,0.0016629564,0.0014549668,0.006820297,-0.0060167285,0.0015662631,-0.004881586,-0.0017812528,0.00416745,0.0033433759,-0.0005866519,0.0014730567,0.0016772023,0.000111469126,-0.002431934,-0.0014153904,-0.004873054,-0.00085156143,0.0017464306,0.0012253084,-0.00014930744,-3.276493e-05,2.3196385e-07,0.0034603192,0.00077567156,-0.0017775317,0.00029460088,-0.0005135067,-0.00011273285,0.006239905,0.00028499565,-0.0009502384,0.00089353975,0.06592361,7.87362e-05,-0.0034573928,-1.087071e-06,-2.546235e-05,-0.00077480485,0.001597407,0.0029209221
0.0010815826,-0.008391451,-0.00070627633,0.0011585468,0.0048071234,-0.005871528,0.0040999413,-0.009623324,0.00022708648,0.0070264996,-0.0036472313,0.0001940201,0.00021231221,0.0042425133,0.0074182665,-0.000407762,0.0012207616,-0.0021922505,-0.0003704668,0.0033225846,0.004031556,7.879763e-05,-6.8541995e-05,-9.851766e-08,0.0027553493,0.0005467136,-0.0017346347,0.00077116437,-0.0010123024,1.4371966e-05,0.010520748,-0.00031089687,0.00031426703,0.00012878621,0.16675496,0.0052398914,-0.0005797005,9.3758905e-07,-1.14547975e-05,-0.0003370743,0.0030390671,0.009610528
0.00038911984,-0.011637767,0.0038564745,0.006616004,0.0062010214,-0.005794458,0.002455643,-0.0053945137,-0.00081708585,0.008773498,0.0020404083,0.00066044944,0.001740975,0.0083079785,0.0064675263,-0.0034471564,0.0004445701,-0.0048307767,-0.0010494475,0.00010547362,0.0020653657,2.8348943e-05,-9.5058145e-05,5.3793514e-07,0.015734714,0.00070524146,-0.001711866,0.0004618857,-0.0005674629,-5.171215e-05,0.013136521,0.00017392825,0.0010697731,0.001056056,0.32655093,0.004568336,-0.0049006976,3.414459e-07,-2.5241445e-05,-0.0009548542,9.6473515e-05,0.004923472
0.0010561068,-0.0091886185,0.0025171724,0.003325514,0.011701985,-0.008510432,0.0042685736,-0.009424087,0.0028411062,0.005674922,0.0033885369,0.00024119331,0.0011190528,0.007298878,0.005654875,-0.003590819,0.0014761,-0.0041440995,0.00085204584,0.0018921985,0.0029698098,7.6941615e-05,-7.5053315e-05,3.5111742e-07,0.0079090055,0.0013308654,-0.0025142506,0.00080288266,-0.0009913441,0.0001798094,0.008497036,0.00028884527,0.00039067655,0.00067880494,0.28688753,0.00399432,-0.0051049376,1.1336982e-06,-2.1653466e-05,0.0007752456,0.0017307365,0.00707951
-0.0012701801,-0.005236185,0.0009026737,0.00062563305,0.0035774647,-0.00373457,0.0032608015,-0.0041140784,-0.002171725,0.0051804753,-0.0019061957,-0.00081980595,0.0010364647,-0.00068227854,0.0015480863,-0.00130285,-0.0012054647,-0.002359919,-0.00091141986,0.0026949104,0.003559167,-9.253772e-05,-4.276955e-05,1.259129e-07,0.0014879309,0.00040686465,-0.0011033099,0.00061332923,-0.00043277058,-0.00013744525,0.007756703,-0.0001624877,-0.0013278932,0.00062870793,-0.026817435,0.0010934905,-0.0018522147,-9.2584054e-07,-1.2330887e-05,-0.0008292679,0.0024649526,0.008484435
-0.00120495,-0.0038111806,0.0005932439,0.0007674098,0.0053575346,-0.005498931,0.002127835,-0.0040362813,-0.002965579,0.005339578,0.0027467022,-0.0012843974,0.0014692644,0.0017332601,0.0005858281,-0.0017081725,-0.0009984451,-0.004506449,-0.0012087936,0.0010254325,0.001874578,-8.778545e-05,-3.1130006e-05,8.27509e-08,0.0018251158,0.0006093118,-0.0016245579,0.00040022781,-0.0004245869,-0.0001876871,0.007994927,0.00023413406,-0.0020804224,0.0008912394,0.06812701,0.0004137996,-0.0024284471,-7.66842e-07,-2.354679e-05,-0.0010998375,0.00093793194,0.004468668
-0.0008219953,-0.0075429045,0.0012612287,0.0015645694,0.003181563,-0.0028888276,0.0026437086,-0.0048098816,-0.0023372546,0.0021599084,-0.00044568809,0.0020323652,-0.00033240858,0.0033623155,0.0026376026,-0.0031678937,-0.002314551,-0.0007364962,-0.00026018932,0.0011848102,0.0014892754,-5.9885657e-05,-6.1611005e-05,1.7592731e-07,0.003720985,0.0003618388,-0.0008534509,0.00049725926,-0.0005059639,-0.00014792138,0.0032340216,-3.7991293e-05,0.0032919545,-0.00020163534,0.13215816,0.0018630702,-0.00450368,-1.777659e-06,-3.8482895e-06,-0.00023673683,0.0010837099,0.0035501732
-0.0022708732,-0.0031382244,-0.0006458375,0.0007499029,0.005435249,-0.0040614973,0.0021087136,-0.0057342816,-0.0018019191,0.004590639,-0.00046459958,0.00060369784,0.001194893,0.003422124,0.0041686497,-0.00072370475,-0.00153712,-0.0039728144,-0.0012312153,0.0010081159,0.0021732904,-0.00016544222,-2.563325e-05,-9.008712e-08,0.0017834795,0.0006181502,-0.0011998946,0.00039663122,-0.00060320395,-0.00011404079,0.006873544,-3.9603343e-05,0.0009778488,0.0007248088,0.13450898,0.002944525,-0.0010288649,-1.1805638e-06,-2.0758478e-05,-0.0011202382,0.00092209305,0.005180746
0.0037439223,-0.006597535,0.00097319257,0.0037125251,0.0036339802,-0.006655072,0.005864053,-0.0031793306,-0.0005079338,0.012865527,-0.00013284916,0.0040372014,0.001438193,0.006051624,0.0056773755,-0.0018073283,0.0028061776,-0.0038755324,-0.004227338,0.0024018628,-0.00017682908,0.00027275976,-5.3889158e-05,1.3574949e-07,0.008829426,0.00041329215,-0.0019661183,0.0011029788,-0.00033444204,-3.2146378e-05,0.019263497,-1.1324313e-05,0.0065393187,0.00087239186,0.23786333,0.0040102135,-0.0025694133,2.155246e-06,-2.0250167e-05,-0.0038463015,0.002196911,-0.00042152975
0.00012899959,-0.0077910204,0.002844454,0.004208411,0.0076168478,-0.005848132,0.0060620536,-0.0044564055,-0.0001568778,0.0036258278,0.0037484241,0.0008909005,0.0002470191,0.004779532,0.00477244,-0.0030484288,-0.0014971624,-0.002537942,0.00038140698,-0.00033971912,0.0015879688,9.398137e-06,-6.3637635e-05,3.9676956e-07,0.010008782,0.00086626323,-0.0017277229,0.0011402211,-0.00046878087,-9.9285635e-06,0.0054289363,0.00031952272,0.0014430496,0.00014983903,0.18786286,0.0033710124,-0.004333841,-1.149875e-06,-1.3261081e-05,0.00034702837,-0.00031073077,0.0037854412
0.0016160333,-0.011214783,0.002777886,0.0063135438,0.009482423,-0.006138997,0.0063374047,-0.0105467765,-0.0012188808,0.0069129276,0.0005374709,0.00031941273,0.0018709389,0.0047762203,0.005687746,-0.00027008716,-0.0012278811,-0.001895656,0.00066063483,0.0035465406,0.0028333939,0.000117734504,-9.1603186e-05,3.8748408e-07,0.015015378,0.0010784349,-0.0018136536,0.0011920123,-0.0011094428,-7.714116e-05,0.010350697,4.581503e-05,0.0005173737,0.0011348907,0.18773268,0.004017539,-0.00038397315,-9.430571e-07,-9.905052e-06,0.0006010877,0.003243913,0.006754318
-9.788666e-05,-0.0072942455,-0.00017293941,0.0026631264,0.0044412278,-0.005981141,0.0024396684,-0.005787557,-0.00043008686,0.009090131,0.00094478263,0.0007228464,0.002588559,0.004653923,0.005912251,-0.0012699339,-0.00036403,-0.0041475156,-0.0016107635,0.0015783659,0.0014461369,-7.1314357e-06,-5.957994e-05,-2.4123116e-08,0.0063336617,0.0005051003,-0.0017670179,0.00045888103,-0.0006088081,-2.721956e-05,0.013610614,8.053505e-05,0.0011708415,0.001570191,0.18292572,0.0041761175,-0.0018054191,-2.7958822e-07,-2.1671316e-05,-0.0014655753,0.0014436834,0.0034473387
-0.0021373793,-0.0055581303,0.00032183866,0.0023611947,0.005638756,-0.0038314047,0.0012498685,-0.0065112268,-0.0022946545,0.0055860113,0.0016355293,0.0010774075,0.002648374,0.0038136013,0.0030494854,-0.0011553447,-0.0020403755,-0.0033972645,-0.0011377516,0.0024102558,0.0023936178,-0.00015571665,-4.539922e-05,4.4892897e-08,0.005615583,0.00064129505,-0.0011319179,0.00023508971,-0.00068493286,-0.00014522528,0.008363911,0.0001394156,0.0017451473,0.0016064742,0.14989628,0.0021540036,-0.0016425118,-1.5670822e-06,-1.7751154e-05,-0.0010351989,0.002204588,0.0057059685
-0.0031032134,-0.0034605716,0.0008841273,-0.00050147425,0.002814279,-0.0038679042,0.0013894679,-0.0020119036,-0.0043063527,0.001716029,0.000495072,0.0012627251,0.0015882179,0.0004361584,0.0012086963,-0.0015820628,-0.0033559012,-0.0036012088,-0.00050416647,0.0007664093,0.00014068992,-0.00022608155,-2.8266206e-05,1.2332588e-07,-0.0011926465,0.00032006763,-0.0011427011,0.00026134716,-0.00021163737,-0.00027254267,0.0025694028,4.2200867e-05,0.0020453183,0.0009633952,0.017143512,0.00085376244,-0.0022491615,-2.5774536e-06,-1.881679e-05,-0.0004587228,0.00070101133,0.0003353803
-0.0017294975,-0.0027288334,-0.00027539663,0.0019497762,0.005890906,-0.0059031746,0.0035245558,-0.0054500448,-0.0027124975,0.004498036,0.001483408,0.001036007,0.0029051236,0.0022395612,0.004221174,-0.0012973663,-0.00205052,-0.0037033216,-0.00057262066,0.00042086196,-0.0016908842,-0.00012600083,-2.2289314e-05,-3.8414754e-08,0.0046371147,0.00066997204,-0.0017439843,0.0006629392,-0.00057330437,-0.00017166995,0.00673489,0.00012644849,0.0016780881,0.0017622155,0.08802752,0.0029816255,-0.0018444188,-1.5748735e-06,-1.9350342e-05,-0.00052100676,0.00038494964,-0.004030774
-0.0019639092,-0.0037787121,-0.00043284625,0.00063120655,0.0057775266,-0.0045487583,0.0015008706,-0.006035784,-0.0022613816,0.0034394423,-0.000265628,-0.00045590143,0.0013881006,0.0012349033,0.0015266185,-0.0017413688,-0.0015780395,-0.0034309905,-0.00038788724,0.0015985722,0.0015185851,-0.00014307867,-3.08648e-05,-6.037722e-08,0.0015011863,0.0006570774,-0.0013438469,0.00028230107,-0.0006349198,-0.00014311948,0.005149862,-2.2642633e-05,-0.0007384533,0.0008420063,0.04853874,0.0010783267,-0.0024756412,-1.2119914e-06,-1.7927377e-05,-0.00035292454,0.0014621655,0.0036200427
-0.0026947395,-0.004563148,0.00030070578,0.0012521839,0.003596989,-0.0028108833,0.0012201285,-0.0045343195,-0.003963717,0.0026829788,0.0010473569,0.00013083295,0.0024221707,0.0027274773,0.00013125059,-0.0014259588,-0.0032951985,-0.002247122,-0.0007623938,-0.0007374246,-0.0005644283,-0.00019632258,-3.7272133e-05,4.19451e-08,0.0029780446,0.00040908513,-0.0008304237,0.00022949587,-0.00047697683,-0.00025085776,0.0040172124,8.927867e-05,0.00021191867,0.0014692617,0.107205406,9.270883e-05,-0.002027234,-2.5308318e-06,-1.1741509e-05,-0.0006936745,-0.0006744999,-0.0013454988
-0.0017362109,-0.004995006,0.00025683516,4.149819e-05,0.0058702584,-0.0042980365,0.0020591891,-0.005798209,-0.0014758039,0.0030511164,-0.001191807,0.00045825948,0.00031137257,0.0015277166,0.0021257899,-0.0019963407,-0.0015723,-0.003174291,-0.00077671505,0.002079031,0.0026116797,-0.00012648993,-4.079958e-05,3.5825636e-08,9.869434e-05,0.0006676238,-0.0012697758,0.00038731607,-0.0006099287,-9.340144e-05,0.004568423,-0.00010159187,0.0007422728,0.00018887513,0.060047973,0.0015015514,-0.0028381255,-1.2075833e-06,-1.658609e-05,-0.00070670486,0.0019016265,0.00622579
-0.0028353648,-0.0041267485,0.00012149111,0.00021066554,0.0010317733,-0.00292186,0.0005747187,-0.0017981563,-0.0034829488,0.002654342,0.00083176687,-0.00029482378,0.0021503482,0.0014726243,0.00024318707,-0.0017343157,-0.003272004,-0.0029851112,-0.0010878439,-0.0023368262,-0.00070215785,-0.0002065677,-3.3707587e-05,1.6946654e-08,0.00050102174,0.00011734346,-0.0008632097,0.00010809973,-0.00018915274,-0.00022043067,0.003974335,7.090138e-05,-0.0004775453,0.0013043772,0.05788253,0.00017177514,-0.002465614,-2.5130175e-06,-1.55976e-05,-0.0009897897,-0.002137424,-0.0016738222
-0.0013816684,-0.0055954596,0.00031262127,0.0016452855,0.0027912958,-0.005983419,0.000823108,-0.0042320923,-0.0015508599,0.005986261,0.0013403768,-0.00059651985,0.0018786795,0.0033248276,0.0027670092,-0.0023568356,-0.0011591408,-0.00384966,-0.0012874355,0.0014496194,0.00085982424,-0.00010066009,-4.5704128e-05,4.3607177e-08,0.0039129504,0.00031745376,-0.0017676909,0.00015481966,-0.00044518476,-9.815162e-05,0.008963203,0.00011425624,-0.00096622214,0.001139586,0.13068469,0.0019544766,-0.003350628,-8.9026213e-07,-2.0114981e-05,-0.0011713909,0.0013259229,0.0020496715
-0.00095654256,-0.0074639576,0.0012795725,0.0018077597,0.0026229336,-0.004447435,0.0014227713,-0.0023835036,-0.0023876817,0.0057298294,0.0010138642,0.0017305806,0.0022796004,0.0033402797,0.0033217203,-0.0023045228,-0.0010534078,-0.004849445,-0.0003451807,0.0015667427,0.0018982915,-6.9687965e-05,-6.096616e-05,1.7848608e-07,0.00429936,0.00029830594,-0.0013139128,0.00026761126,-0.00025072694,-0.00015111284,0.008579249,8.642369e-05,0.0028031343,0.0013827801,0.13129203,0.0023462966,-0.0032762568,-8.0905534e-07,-2.533899e-05,-0.0003140674,0.0014330519,0.0045251967
-0.0025764978,-0.0027188787,-0.0011714697,-0.00049215945,0.005324712,-0.0042626457,0.0010200844,-0.0051410673,-0.0014052801,0.003683531,-0.0018741004,0.00096996094,0.002006481,0.0015885183,0.003632565,-0.0022039213,-0.0020675124,-0.003958623,-0.00037000992,0.0012985741,0.0011314233,-0.00018770821,-2.2208003e-05,-1.6340694e-07,-0.0011704932,0.0006055789,-0.0012593202,0.00019186926,-0.0005408022,-8.89381e-05,0.005515335,-0.00015975184,0.001571109,0.0012171089,0.062437825,0.0025658617,-0.0031332353,-1.5879243e-06,-2.0684327e-05,-0.00033665862,0.0011877663,0.0026971162
-0.0016990707,-0.0043075685,0.0002928654,-0.0004111204,0.0023237988,-0.0038839523,0.0019849308,-0.0032618819,-0.0017016168,0.003956177,-0.001064154,0.0019016385,0.00042898452,0.0021535584,0.0030762483,-0.0018111195,-0.0015316394,-0.003579614,-0.00082950655,0.0020846492,0.0018965184,-0.00012378412,-3.518454e-05,4.0851454e-08,-0.0009777596,0.00026428537,-0.0011474421,0.00037334874,-0.00034312584,-0.0001076928,0.0059235664,-9.071049e-05,0.0030802079,0.00026021723,0.08464713,0.0021729076,-0.002574803,-1.1763544e-06,-1.8703955e-05,-0.00075473794,0.0019067653,0.00452097
0.0007827752,-0.009713961,0.002794347,0.003084067,0.0037066536,-0.006109841,0.0035955617,-0.0022360813,-0.004816116,0.0030792756,0.0031177562,0.002284898,-0.0012269672,0.0060701272,0.0041803187,-0.0010221133,-0.0029959874,-0.004148416,-0.0013638062,0.0032903869,0.0014453812,5.7028315e-05,-7.9344354e-05,3.897802e-07,0.0073347767,0.00042155728,-0.00180504,0.0006762948,-0.0002352192,-0.00030480482,0.004610586,0.0002657634,0.0037009984,-0.00074426463,0.23859061,0.0029527675,-0.0014531015,-2.3010268e-06,-2.1676022e-05,-0.0012408778,0.0030096169,0.0034455373
-0.0020809532,-0.0041581574,-0.00031132367,0.00019152279,0.003520942,-0.005762297,0.0012739474,-0.003976227,-0.0015020962,0.004317286,0.0033041667,-0.0023660364,0.0027316683,0.0022940624,-5.7252473e-06,-0.001992227,-0.0021014512,-0.003706656,-0.00011815489,-0.0002539585,-0.0005976354,-0.0001516058,-3.3964137e-05,-4.3426176e-08,0.0004554949,0.00040043634,-0.0017023647,0.00023961875,-0.00041826963,-9.506544e-05,0.0064642536,0.0002816534,-0.0038324236,0.0016569995,0.09016973,-4.0440277e-06,-0.0028322772,-1.6139905e-06,-1.9367766e-05,-0.00010750485,-0.00023228813,-0.0014246588
0.00088691385,-0.0065078074,-0.0005221908,0.0022339444,0.010990431,-0.007340802,0.005440712,-0.0128062,0.0019633155,0.0072675487,-6.57902e-05,-0.00049433875,0.0008207384,0.0037979083,0.006527962,-0.0009970274,0.0013423797,-0.0036540031,-0.0004880258,0.0029036761,0.0036910588,6.461523e-05,-5.3156255e-05,-7.283979e-08,0.005312946,0.0012499404,-0.0021687048,0.001023352,-0.0013471175,0.00012425533,0.010881669,-5.6080803e-06,-0.00080071273,0.00049785076,0.14927945,0.004611025,-0.0014174378,1.0309963e-06,-1.9092648e-05,-0.000444037,0.0026559043,0.008798842
-0.0014744579,-0.005173487,-0.0002578094,0.0015204505,0.004029326,-0.00406563,0.0013692323,-0.004612988,-0.0028347257,0.0069591566,0.0001762186,8.7322056e-05,0.0034100683,0.0008342483,0.0025319953,-0.001131177,-0.0010989057,-0.0041621993,-0.0011938943,0.00043366427,0.001190459,-0.00010742017,-4.2257427e-05,-3.5961534e-08,0.0036160578,0.0004582548,-0.0012011155,0.00025754105,-0.00048525218,-0.00017940559,0.010419915,1.5021205e-05,0.00014144124,0.0020685093,0.032790717,0.0017884745,-0.0016081535,-8.439993e-07,-2.174804e-05,-0.0010862811,0.00039665954,0.0028378472
0.0008106772,-0.009879982,0.0026772423,0.0055577247,0.00946732,-0.0050702738,0.0043614525,-0.010808532,-4.3192646e-05,0.007095675,0.0025588963,0.0016159562,0.003156043,0.0062970775,0.003877177,-0.0021673883,0.00024892786,-0.0028493144,0.0006041855,-0.00021103123,0.0012093594,5.9061087e-05,-8.0700425e-05,3.734454e-07,0.013217828,0.0010767172,-0.001497919,0.0008203524,-0.0011369776,-2.7335984e-06,0.010624323,0.00021812513,0.0026174698,0.0019144204,0.24751104,0.0027386434,-0.0030812977,1.911856e-07,-1.4888043e-05,0.0005497265,-0.00019302386,0.0028829023
0.0024634385,-0.009466962,0.002726863,0.0040002624,0.0054626483,-0.008559197,0.0042997366,-0.0037730113,-0.0010863671,0.00919487,0.002354043,0.0012583944,-0.00072072935,0.009450575,0.0065093166,-0.0027641258,0.00051705586,-0.004296434,-0.0030110446,0.0023449347,0.000993023,0.00017947139,-7.732685e-05,3.803669e-07,0.009513746,0.0006212664,-0.0025286572,0.00080874417,-0.00039689286,-6.875456e-05,0.013767438,0.00020066307,0.0020383035,-0.0004371864,0.37146148,0.004597855,-0.003929658,3.9711762e-07,-2.2449434e-05,-0.0027396402,0.0021448405,0.002367194
0.00054732594,-0.010830043,0.0017482415,0.0024264115,0.0027639335,-0.0036887124,0.002433464,-0.0065756394,-0.002096497,0.008959448,-0.0022763347,0.00013918476,0.0014742956,0.005557884,0.0038549271,0.00027472433,-0.00062825205,-0.0016489164,-0.0012320927,0.0027367333,0.0032130312,3.987489e-05,-8.846059e-05,2.4386017e-07,0.005770687,0.00031434183,-0.0010897622,0.00045771402,-0.0006917086,-0.00013268419,0.013414943,-0.00019403905,0.00022544664,0.00089429127,0.21845652,0.0027229271,0.00039056566,-4.825203e-07,-8.615805e-06,-0.0011210365,0.0025032067,0.007659307
-0.0031433115,-0.003912062,0.0003190414,-0.00023386718,0.0047421865,-0.0038100453,0.0012750572,-0.002998082,-0.0021299983,0.0029862192,0.00048140276,0.00012966627,0.002320957,-8.4109895e-05,0.0008210635,-0.0023671172,-0.0027773746,-0.0030595905,-0.00032524503,-0.00051715545,0.0002790329,-0.00022900285,-3.1954012e-05,4.4502713e-08,-0.00055620173,0.0005393283,-0.0011256078,0.0002398275,-0.00031537603,-0.00013480443,0.004471253,4.1035677e-05,0.00021002891,0.0014078666,-0.0033059984,0.0005799581,-0.003365245,-2.133124e-06,-1.5986763e-05,-0.00029592865,-0.0004730264,0.00066516583
0.00047654775,-0.006415423,0.00068672706,-0.0007771519,0.0037048014,-0.0040320503,0.0050635487,-0.004694231,-0.0004202735,0.0056131575,-0.0038407464,0.0014830327,-0.001482788,-0.000703246,0.0042728432,-0.0019989244,0.00087511423,-0.001911923,-0.0015651118,0.0039318353,0.0054000663,3.4718414e-05,-5.240165e-05,9.579075e-08,-0.0018482852,0.00042134663,-0.001191195,0.00095241074,-0.00049379835,-2.6598487e-05,0.008404557,-0.00032739245,0.002402165,-0.00089944265,-0.027641576,0.0030181222,-0.0028417986,6.721194e-07,-9.99005e-06,-0.0014240384,0.0035963303,0.012872818
-0.0020248862,-0.0034954185,-0.001014903,0.0015265974,0.002157982,-0.0027789886,0.0018327379,-0.002901292,-0.0034502088,0.0067474577,0.0012858926,-9.0387824e-05,0.003714246,0.00019963091,0.0017799125,-0.0011408712,-0.0015334318,-0.003202843,-0.0018153308,0.0005272027,0.0010245222,-0.00014752109,-2.8550838e-05,-1.4156763e-07,0.003630677,0.00024542704,-0.000821001,0.00034472253,-0.00030519444,-0.0002183586,0.010102939,0.0001096119,-0.00014640705,0.0022530202,0.007846633,0.0012572409,-0.0016219354,-1.1777312e-06,-1.6735277e-05,-0.0016517037,0.00048221627,0.0024422829
-0.00071046664,-0.004800049,-0.0006905699,2.2609805e-05,0.0044860807,-0.0050415797,0.002859388,-0.0056129093,-0.0006402738,0.0064045936,-0.003289179,0.0010056295,0.0005773348,0.0018742377,0.005697373,-0.0017769695,-0.0002851023,-0.0036883045,-0.0013034936,0.0029890346,0.003342653,-5.1760348e-05,-3.9207156e-05,-9.6326794e-08,5.377246e-05,0.00051020144,-0.001489442,0.00053782674,-0.0005904365,-4.052198e-05,0.009589571,-0.0002803758,0.0016288838,0.00035020482,0.07366823,0.0040243384,-0.0025262535,-2.1896888e-07,-1.9271876e-05,-0.0011860016,0.0027339791,0.007968303
0.00038772542,-0.008045216,0.0016015838,0.002971721,0.009927188,-0.00731537,0.0024389657,-0.0077611743,-0.00030245585,0.00951375,-0.0012869028,0.0006951455,0.00041572517,0.004334436,0.008143646,-0.002684407,0.0018449419,-0.0058472175,-0.0015938729,0.0053276536,0.0053607705,2.8247352e-05,-6.5713924e-05,2.2340305e-07,0.0070675863,0.0011290179,-0.0021611913,0.00045874887,-0.0008164181,-1.9141982e-05,0.014244896,-0.00010969802,0.0011259726,0.00025217424,0.17036805,0.005752263,-0.0038163243,1.4169822e-06,-3.055248e-05,-0.0014502072,0.004873043,0.012779144
-0.0015425241,-0.0047891787,0.00092598615,0.0010149357,0.005611507,-0.0051136254,0.0024786317,-0.00588433,-0.0015626769,0.0027830997,0.003504749,7.616554e-05,0.00078117603,0.0013486308,0.0011822332,-0.0022462911,-0.0014839866,-0.003472432,-0.00033067766,0.001342616,0.0011214532,-0.00011237907,-3.9118368e-05,1.2916473e-07,0.0024138016,0.00063819607,-0.0015107265,0.0004662097,-0.00061898795,-9.88995e-05,0.004167123,0.0002987514,0.0001233703,0.00047385265,0.053008877,0.00083507027,-0.0031934709,-1.1397555e-06,-1.8143915e-05,-0.00030087162,0.0012280501,0.0026733493
-0.0011091433,-0.0078660725,0.001173441,0.003228492,0.003699301,-0.0037742725,0.0014810767,-0.0040008724,-0.0043931426,0.0075716786,0.00026391319,0.00051727815,0.002515091,0.00464995,0.0034371498,-0.0010483689,-0.0012003534,-0.0044987453,-0.0010977264,0.00037020698,0.0017168686,-8.0805534e-05,-6.4250664e-05,1.636819e-07,0.0076782596,0.00042072107,-0.0011150393,0.00027857802,-0.00042086214,-0.0002780355,0.011337042,2.2496457e-05,0.0008378692,0.0015256262,0.18276955,0.0024278304,-0.0014904281,-9.219148e-07,-2.3506536e-05,-0.0009987814,0.00033861707,0.004092716
-0.00016749348,-0.007433329,0.0009175745,0.0021400398,0.0063938284,-0.005724022,0.0033163107,-0.008766141,0.00010932051,0.006901059,0.0010526994,0.0012273415,0.001377281,0.004680614,0.005628192,-0.0028575296,0.00044888654,-0.0032660784,-0.0009615909,0.0015278913,0.002133427,-1.2202572e-05,-6.071598e-05,1.279914e-07,0.005089615,0.0007271694,-0.001691057,0.00062377006,-0.0009221331,6.9187327e-06,0.010332925,8.973408e-05,0.0019880051,0.0008354433,0.18397482,0.0039754724,-0.0040624468,3.447611e-07,-1.706569e-05,-0.00087491673,0.0013975158,0.005085719
-0.0025880625,-0.003962702,0.00014128193,0.00073904556,0.0028538362,-0.0040889187,0.0011931725,-0.002894378,-0.0032591012,0.0050123306,0.0005051503,0.0004400039,0.0035164608,0.0010303606,0.001928781,-0.0012887433,-0.0022799294,-0.0039208047,-0.00070389267,-0.0005065762,-0.00069462473,-0.00018855074,-3.2367643e-05,1.9707251e-08,0.0017576576,0.00032456647,-0.0012079957,0.00022442568,-0.00030446713,-0.00020626368,0.007504941,4.305996e-05,0.00071270304,0.0021330458,0.040499046,0.0013623942,-0.0018321598,-1.7510682e-06,-2.0486721e-05,-0.00064044644,-0.00046334986,-0.0016558645
-0.0017928074,-0.0029381842,0.00035414414,0.0010452374,0.003990652,-0.005313184,0.0024045932,-0.00266922,-0.0035216673,0.0047041317,0.0019684318,0.00069724827,0.0030341796,0.0016499897,0.0026016487,-0.0016632007,-0.0016210757,-0.0041688196,-0.0011627227,0.00058576826,-0.000978896,-0.0001306132,-2.3999306e-05,4.939915e-08,0.0024858678,0.0004538564,-0.0015696824,0.00045228368,-0.0002807822,-0.0002228811,0.007043476,0.00016779282,0.0011293786,0.0018404995,0.064854,0.0018376742,-0.0023645123,-1.2450448e-06,-2.1782631e-05,-0.0010579192,0.0005357844,-0.002333518
-0.0025999085,-0.0030722287,-0.0008226596,0.0001878083,0.005159918,-0.0040182765,0.0023675251,-0.0052434327,-0.0014615138,0.003655323,-0.0014289302,0.0015480334,0.0018388826,0.0012542373,0.0042742686,-0.0013624653,-0.0026689998,-0.0031034178,-0.00039311405,0.00077821006,0.0007602795,-0.00018941377,-2.5094192e-05,-1.1475183e-07,0.00044666082,0.0005868369,-0.0011871258,0.00044531148,-0.0005515703,-9.2497045e-05,0.005473099,-0.000121804704,0.0025074508,0.0011154456,0.049298674,0.003019129,-0.0019369677,-2.0498885e-06,-1.6215767e-05,-0.00035768023,0.0007118051,0.001812374
-0.002230441,-0.0056885835,0.00010754294,-0.0003010732,0.0011016832,-0.00329952,0.00061499194,-0.0019920543,-0.002674209,0.0034444486,0.00038930375,0.0006622491,0.0009922702,0.0019975728,0.0026200325,-0.0020257668,-0.0022766332,-0.003907236,-0.0007913445,0.0011276967,0.0019354423,-0.00016249658,-4.646477e-05,1.5001039e-08,-0.0007160365,0.0001252943,-0.0009747824,0.00011567479,-0.00020954937,-0.00016924672,0.005157358,3.3184984e-05,0.0010726881,0.00060190004,0.078516,0.0018506596,-0.0028799595,-1.7485366e-06,-2.0415822e-05,-0.00072001567,0.0010314699,0.0046137576
-0.0010960917,-0.0074097617,0.0010483206,0.0018047227,0.0046577253,-0.005014514,0.0019663055,-0.0043570013,-0.0018319341,0.008099611,-5.4878357e-05,0.0012783991,0.0024812182,0.002769722,0.004595514,-0.0016751033,-0.00050233817,-0.00431607,-0.00055441394,0.0019341104,0.001845321,-7.9854675e-05,-6.052348e-05,1.4622901e-07,0.004292137,0.00052972254,-0.0014814459,0.00036984548,-0.00045832427,-0.00011594039,0.012127512,-4.6779346e-06,0.0020707066,0.0015050792,0.108865865,0.0032460405,-0.002381434,-3.858139e-07,-2.2552034e-05,-0.00050444115,0.001769072,0.0043989243
0.0020058039,-0.008739406,0.0017983221,0.003881569,0.0024497912,-0.0051637655,0.005692436,-0.0027745373,-0.0021267373,0.010588174,0.0037230477,0.0012198607,0.0031720528,0.0041246256,0.0033646277,-0.002042607,0.0019755217,-0.0041955346,-0.0015411662,0.0005203979,0.0017135415,0.00014613086,-7.138412e-05,2.5084586e-07,0.00923146,0.00027861446,-0.0015255394,0.0010706991,-0.00029186078,-0.00013459806,0.015853627,0.0003173596,0.0019758882,0.0019241318,0.1621213,0.0023766044,-0.0029039006,1.5172722e-06,-2.192222e-05,-0.0014022513,0.00047599216,0.0040847845
-0.0032027515,-0.0025418142,-0.0007035524,8.4571075e-06,0.0035925852,-0.0029992678,0.0012949221,-0.0032266793,-0.0024677503,0.003873966,-0.001489432,0.0013838118,0.0025947243,-0.00018926966,0.0026356755,-0.0018033057,-0.0029012337,-0.0029696329,-0.000120887824,0.0005571349,0.00072922953,-0.0002333333,-2.0761727e-05,-9.8137704e-08,2.0113373e-05,0.0004085843,-0.00088607846,0.0002435639,-0.00033942278,-0.00015618026,0.0058004726,-0.00012696198,0.0022414504,0.0015739308,-0.007439377,0.0018617089,-0.0025636945,-2.2282525e-06,-1.5516724e-05,-0.00010999145,0.0005095944,0.0017383563
-0.0021299399,-0.0045048697,0.00037602952,0.0008509855,0.0022516372,-0.0033655993,0.0017933203,-0.0019916496,-0.0031196969,0.0021712743,0.000203047,0.0016403638,0.0008608375,0.00065197214,0.0024460803,-0.0016183208,-0.002799148,-0.0035772212,-0.0008563418,0.002302568,0.0023296354,-0.00015517467,-3.679611e-05,5.245192e-08,0.0020238822,0.00025607843,-0.0009943043,0.0003373084,-0.00020950679,-0.000197441,0.0032510397,1.730811e-05,0.0026570044,0.0005221744,0.025626222,0.0017277885,-0.0023007083,-2.149847e-06,-1.8691451e-05,-0.00077915436,0.002106089,0.0055534453
-0.002649579,-0.004933467,0.0003986571,0.0016453859,0.0024553547,-0.002996863,0.00047742232,-0.0030930182,-0.0041320627,0.0038576436,0.0016658749,0.0008847562,0.0029178974,0.0017089254,0.0003705924,-0.0011165594,-0.0035738575,-0.0030717868,-0.0007243304,0.0004958772,-6.453824e-05,-0.00019303247,-4.0296927e-05,5.5608215e-08,0.0039131893,0.0002792472,-0.00088536803,8.9799105e-05,-0.0003253626,-0.00026151212,0.0057760333,0.0001420023,0.0014330974,0.001769964,0.06717051,0.00026176788,-0.0015873722,-2.7448518e-06,-1.6050491e-05,-0.000659042,0.00045356379,-0.00015384793
0.0002838089,-0.0045118025,-0.0007252379,0.0029651502,0.0028675322,-0.00523464,0.0043750773,-0.0052074413,-0.0011340992,0.009255402,0.0018263768,0.00044938855,0.0038872664,0.001781243,0.0035343785,-0.0005862169,0.0008246873,-0.0038404714,-0.0014874812,0.0014162038,0.0012989194,2.0676618e-05,-3.6852736e-05,-1.01162584e-07,0.0070519587,0.0003261241,-0.001546478,0.0008229151,-0.00054778426,-7.177546e-05,0.013858073,0.0001556838,0.000727904,0.0023579723,0.07001301,0.0024965077,-0.00083340344,6.333897e-07,-2.006697e-05,-0.0013534052,0.0012953586,0.003096398
-0.002653911,-0.002860588,-0.0008032467,0.00097284326,0.0041106725,-0.0038828761,0.0019647458,-0.004955655,-0.004038562,0.004175121,0.0018836138,-0.00019307656,0.0036978023,0.0021197433,0.0007059914,-0.0007472114,-0.0028043506,-0.002877154,-0.00041286508,-0.00028761983,-0.00092907075,-0.00019334807,-2.3365496e-05,-1.1204394e-07,0.0023136942,0.0004675063,-0.0011471242,0.0003695521,-0.0005212982,-0.0002555946,0.0062513906,0.00016056278,-0.0003127387,0.0022430455,0.083317995,0.0004986769,-0.0010622834,-2.1538428e-06,-1.5033508e-05,-0.00037565097,-0.00026307712,-0.002214743
-0.0010809652,-0.009242337,0.00051353505,0.002408439,0.0046126517,-0.0031490664,0.0007569558,-0.0074267657,-0.002306277,0.0042367796,-0.00087799144,0.0009518296,0.001572682,0.005811841,0.0048798523,-0.0015543018,-0.0023253695,-0.0011369018,-0.00039024046,0.0008449645,0.0022344617,-7.875265e-05,-7.54921e-05,7.163241e-08,0.0057279435,0.0005245963,-0.0009303337,0.000142377,-0.00078124076,-0.00014596085,0.0063437116,-7.484164e-05,0.0015417405,0.00095397135,0.2284385,0.0034468828,-0.0022096948,-1.7859679e-06,-5.9404615e-06,-0.00035506565,0.0007728634,0.005326568
-0.0025426694,-0.0043423655,0.0002288484,-0.00042702258,0.0042504566,-0.0034931595,0.0018328655,-0.0032737893,-0.0027937938,0.0045373957,-0.0008111992,0.0009425825,0.0021296851,0.00022038759,0.0024033543,-0.0018304066,-0.0017948918,-0.0034683207,-0.0005657445,0.0010387951,0.0016422226,-0.00018524367,-3.5468765e-05,3.1921797e-08,-0.0010155794,0.00048340394,-0.0010319897,0.0003447465,-0.0003443784,-0.00017681507,0.006793823,-6.914815e-05,0.0015267624,0.0012918432,0.008662489,0.001697609,-0.0026022228,-1.3785418e-06,-1.8122433e-05,-0.0005147504,0.0009501543,0.003914773
-0.00097060855,-0.012005745,0.0026287835,0.0047086766,0.009719927,-0.0061570914,0.00077337533,-0.0070411237,0.00083548296,0.006892509,0.0017823818,-0.00042781193,0.0024016646,0.008844605,0.008086608,-0.0034632748,-0.0012153424,-0.0042758742,0.0006308113,0.0010697929,0.0029906952,-7.0712726e-05,-9.806382e-05,3.6668592e-07,0.011198554,0.0011054461,-0.0018189993,0.00014546537,-0.0007406741,5.287648e-05,0.010320123,0.00015193358,-0.0006929549,0.001456823,0.34764338,0.005711974,-0.004923613,-9.33427e-07,-2.2342007e-05,0.00057395233,0.0009785071,0.007129297
-0.00204194,-0.0043587587,-0.00018384491,0.00039721795,0.0038451306,-0.0040979823,0.0013618479,-0.003367934,-0.0017248747,0.0042704875,0.00045893042,0.0010255654,0.0021160885,0.0014828949,0.0021677157,-0.0020250839,-0.0021930812,-0.0035912003,-0.00080251554,0.0003156767,0.00041347495,-0.00014876353,-3.5602665e-05,-2.5644312e-08,0.0009446957,0.00043730624,-0.0012106735,0.00025615207,-0.0003542817,-0.000109164765,0.0063941823,3.9120092e-05,0.0016611753,0.0012835957,0.058286224,0.0015311657,-0.0028789886,-1.6843658e-06,-1.8764495e-05,-0.0007301798,0.0002887399,0.0009856523
-0.002466535,-0.0047415365,0.000411613,-0.00014647168,0.001980615,-0.0031375198,0.0016548042,-0.002843679,-0.0025817105,0.002500746,0.00075171364,0.00024971986,0.000616265,0.00089023693,0.0005505253,-0.0022251774,-0.0026811454,-0.0026848803,-0.0011676797,0.00076331483,0.0010132485,-0.00017969697,-3.872922e-05,5.7415416e-08,-0.00034835073,0.00022525512,-0.0009269225,0.0003112547,-0.00029913397,-0.00016339263,0.003744356,6.407749e-05,0.00040448754,0.00037381946,0.034991387,0.00038886347,-0.0031634544,-2.0592167e-06,-1.4028853e-05,-0.0010624294,0.00069818087,0.002415408
-0.0011362513,-0.008635723,0.0012754682,0.0020106083,0.002387727,-0.0038972837,0.0015532975,-0.0036785447,-0.0021792033,0.0053845253,-0.00031181454,0.0007309768,0.0021438852,0.0038027782,0.0044101076,-0.0019649714,-0.00084282504,-0.0029696282,-0.0001642793,0.0012735741,0.0017913269,-8.278046e-05,-7.053723e-05,1.7791356e-07,0.0047817905,0.0002715559,-0.0011513807,0.00029216215,-0.00038695565,-0.00013791854,0.008062227,-2.6579659e-05,0.0011840109,0.0013004568,0.14947087,0.003115079,-0.0027935288,-6.473201e-07,-1.5516698e-05,-0.00014947179,0.0011648996,0.004270212
0.00115739,-0.009447714,0.0015337716,0.003921241,0.0024941242,-0.0043252637,0.004108497,-0.0063702697,-0.0010404217,0.0057541067,0.0007764989,0.003051351,-0.001611511,0.007719234,0.006013312,-0.0016167968,-0.0009202957,-0.00043872953,-0.0020051936,0.0022772201,0.0014625036,8.4320505e-05,-7.716963e-05,2.1394402e-07,0.009325811,0.00028365647,-0.0012778195,0.0007727736,-0.0006701052,-6.584675e-05,0.008615599,6.619023e-05,0.0049424726,-0.0009775246,0.3034099,0.004247502,-0.0022985416,-7.068204e-07,-2.2924196e-06,-0.001824453,0.002082904,0.0034863541
-0.0020343163,-0.0033819117,0.0006823646,0.00143173,0.0037936098,-0.0049622525,0.0019102524,-0.0034827949,-0.0030274624,0.0036158056,0.0026022177,-4.801096e-05,0.0029441789,0.0014235139,0.00039111564,-0.0014461121,-0.0021354784,-0.0038783862,-0.00055461074,-0.00084105274,-0.0012434359,-0.0001482081,-2.7623706e-05,9.5182244e-08,0.0034050555,0.0004314468,-0.0014660062,0.00035930233,-0.00036636423,-0.00019160361,0.00541393,0.00022181794,-7.776648e-05,0.001785906,0.05595221,0.00027626447,-0.0020558853,-1.6401248e-06,-2.0265079e-05,-0.0005046202,-0.00076928537,-0.0029641348
-0.0006064568,-0.006965777,-0.00018351426,0.0012728531,0.0079564955,-0.0067985225,0.0020573386,-0.008471407,0.00017411658,0.007994406,-0.0016556534,-0.0030802512,0.00042102835,0.0037394355,0.005238348,-0.000871126,0.0004865632,-0.0049892813,-0.001523887,0.004100257,0.0059646475,-4.418281e-05,-5.689698e-05,-2.559819e-08,0.0030272019,0.0009048913,-0.0020084984,0.00038696802,-0.0008911293,1.101958e-05,0.011969989,-0.00014113101,-0.0049892836,0.0002553911,0.14698114,0.0037001064,-0.0012384484,3.7369813e-07,-2.6069652e-05,-0.0013865295,0.0037503806,0.0142186815
0.0001747082,-0.009277838,0.001177114,0.004128966,0.010080476,-0.005204334,0.00441846,-0.010548791,-0.00039353292,0.005211583,0.002681504,0.0025346223,0.00097435503,0.0080895005,0.008424908,-0.0030629751,-0.00064074923,-0.002690384,-0.0002530684,0.0025545731,0.0033294319,1.2728194e-05,-7.5782074e-05,1.6419425e-07,0.009819839,0.0011464515,-0.0015375246,0.00083107507,-0.0011096547,-2.4906114e-05,0.0078032804,0.00022857645,0.0041054934,0.0005910329,0.31796348,0.0059509324,-0.004354521,-4.921186e-07,-1.405761e-05,-0.00023025776,0.0023365906,0.007936786
-0.0018051984,-0.0074188514,0.00045802636,0.0005751841,0.001443837,-0.0033624265,0.00040226348,-0.0028401506,-0.0039880606,0.0020788019,0.000412196,0.0007560981,0.000832862,0.003217674,0.0024670768,-0.00075165724,-0.0029665837,-0.0028042293,-0.0004438482,0.002287188,0.001949427,-0.00013151595,-6.059773e-05,6.3889566e-08,0.0013679492,0.0001642074,-0.000993367,7.566236e-05,-0.0002987628,-0.00025239846,0.003112581,3.5136363e-05,0.0012247014,0.0005052048,0.12647294,0.0017426193,-0.001068604,-2.2784436e-06,-1.4652467e-05,-0.00040384138,0.0020920215,0.0046470948
-0.00075805234,-0.006632089,0.0014862302,0.0019437452,0.0025784983,-0.0045016417,0.0023102867,-0.0029350566,-0.0023584948,0.006029239,9.563487e-05,0.0015447983,0.0019445865,0.0021648675,0.003476074,-0.001910822,-0.000437313,-0.004386571,-0.00028874885,0.0011401038,0.001482129,-5.5227156e-05,-5.4171396e-05,2.0731251e-07,0.0046227714,0.00029325232,-0.0013299271,0.00043454542,-0.0003087462,-0.00014926564,0.009027554,8.152096e-06,0.0025022107,0.0011795645,0.085091636,0.0024553244,-0.0027165466,-3.3587222e-07,-2.292041e-05,-0.0002627221,0.0010428183,0.0035331375
-0.00034992537,-0.005280201,-0.0007582905,0.0013841538,0.009591554,-0.0059999162,0.0040615145,-0.010364248,0.00070761004,0.006085824,-0.00021331798,-9.431539e-05,0.0008004018,0.0019291748,0.005035164,-0.001362038,0.00016304082,-0.0036235237,-0.0008953502,0.0024936371,0.003307469,-2.5493468e-05,-4.3129072e-05,-1.0577306e-07,0.003291906,0.0010908464,-0.0017725648,0.0007639366,-0.0010902422,4.4783592e-05,0.009112278,-1.8183626e-05,-0.00015276879,0.00048551479,0.07582757,0.0035565873,-0.0019363601,1.2522125e-07,-1.893339e-05,-0.00081464666,0.0022808542,0.007884431
-0.0017079056,-0.0069091786,0.0020133017,0.0024609123,0.0038563975,-0.004598652,0.0015657924,-0.0030159738,-0.0019597355,0.0015544456,0.0040540714,0.00062443165,0.0010260122,0.0020180594,0.00091618375,-0.0028861111,-0.0027517993,-0.0041539115,0.0006433232,0.0010752132,0.0015095319,-0.00012442777,-5.6434685e-05,2.808331e-07,0.00585274,0.00043858762,-0.0013585871,0.0002945123,-0.00031725812,-0.00012402875,0.0023274648,0.00034557667,0.0010114327,0.00062236754,0.079321235,0.00064714625,-0.00410308,-2.1134815e-06,-2.1704735e-05,0.0005853364,0.0009834649,0.0035984614
-0.00158262,-0.005676741,0.0008856899,0.00052302505,0.006492459,-0.0068166936,0.00072229403,-0.005357364,-0.0019008198,0.0058669196,0.0009584867,-0.0017948295,0.0008060271,0.0028184636,0.0021417174,-0.0021208671,-0.0010419169,-0.0053394465,-0.001017083,0.002760469,0.0031319,-0.000115300216,-4.636804e-05,1.2354386e-07,0.0012439003,0.00073838665,-0.0020138666,0.00013585741,-0.00056355505,-0.00012030007,0.008784513,8.170321e-05,-0.0029072026,0.00048892706,0.110781685,0.0015128017,-0.00301516,-8.002299e-07,-2.789931e-05,-0.00092540693,0.002524917,0.0074659046
-0.0005427648,-0.006410704,0.0010074454,0.004684038,0.0040020966,-0.0043269307,0.0027242424,-0.0033791356,-0.0027248375,0.0064864345,0.0024413238,0.00064082537,0.0037705866,0.004767402,0.0025036447,-0.0016193566,-0.0014672751,-0.0034433722,-0.0008419164,-0.0027597682,-0.0017306468,-3.9542592e-05,-5.2363106e-05,1.4052738e-07,0.011139956,0.00045515798,-0.0012783121,0.000512407,-0.00035546004,-0.00017245093,0.00971211,0.00020810304,0.0010379867,0.0022871958,0.18738608,0.0017684491,-0.0023021807,-1.1269203e-06,-1.7992073e-05,-0.00076602923,-0.002524276,-0.004125561
0.0026215003,-0.01281253,0.003985307,0.005995201,0.0101460125,-0.0076157623,0.003831489,-0.008854555,0.0010919599,0.0131038,0.00028843118,0.0014675902,0.0012665424,0.0064802994,0.008141223,-0.0028123045,0.0034289306,-0.0056905155,-0.0016633585,0.0045123636,0.0051610777,0.00019098682,-0.00010465369,5.5590584e-07,0.014258269,0.0011539048,-0.0022499368,0.00072067074,-0.00093143363,6.910852e-05,0.019620262,2.4586418e-05,0.0023771517,0.00076827046,0.2547127,0.005750552,-0.003998152,2.6335429e-06,-2.9733694e-05,-0.0015134296,0.0041273218,0.012303111
-0.00043955562,-0.009202406,0.0035415066,0.0065352665,0.0059593203,-0.0032337953,0.0029498315,-0.0057543307,-0.004231172,0.0042254543,0.0013114199,0.0014239261,0.00277113,0.006017883,0.0017983967,-0.0013043769,-0.002936431,-0.0018297075,0.0010455378,-0.0009033019,0.00014420558,-3.2023392e-05,-7.516593e-05,4.9400063e-07,0.015542697,0.00067775283,-0.00095536525,0.0005548384,-0.000605313,-0.0002677846,0.0063267546,0.0001117879,0.002306426,0.0016809365,0.2365371,0.0012702972,-0.0018543855,-2.2552854e-06,-9.560463e-06,0.0009512969,-0.00082622276,0.000343761
-0.00281435,-0.0029488024,-0.00045649684,0.0008327771,0.0039043315,-0.0040585794,0.001204605,-0.0044002896,-0.0036140913,0.00440942,0.0015554095,-0.0008298164,0.0027620972,0.0010283728,0.00011235778,-0.0005026441,-0.0029127917,-0.003283967,-0.0010012742,-5.4149074e-05,2.1337823e-05,-0.00020503669,-2.4086037e-05,-6.367621e-08,0.0019805776,0.00044403918,-0.0011990325,0.00022657603,-0.00046287788,-0.00022873048,0.0066022053,0.00013258604,-0.0013441078,0.0016754573,0.040420912,7.9363905e-05,-0.00071459095,-2.2371294e-06,-1.715916e-05,-0.0009110231,-4.9528513e-05,5.0865656e-05
-0.0015826088,-0.005497426,0.0007681334,0.000973535,0.004261214,-0.003563341,0.002766754,-0.0039165695,-0.002980714,0.0065861302,-0.002277621,0.0012474365,0.002569411,0.0016808012,0.0039887545,-0.0011604656,-0.0011060245,-0.0035984865,-0.00053353026,0.0013644903,0.0017614611,-0.0001152994,-4.4903383e-05,1.0714603e-07,0.0023153394,0.00048462735,-0.0010527235,0.0005204031,-0.00041199411,-0.00018864498,0.0098613845,-0.00019414871,0.0020205544,0.001558576,0.066065066,0.0028174561,-0.0016497921,-8.4946686e-07,-1.8802566e-05,-0.00048543984,0.0012480578,0.004199017
-0.0022789808,-0.0052126683,0.000935704,0.00012602299,0.0030064962,-0.0035806058,0.0024839798,-0.0018824153,-0.0034351328,0.0038611803,-0.000997768,0.0007505997,0.002425674,0.0010779309,0.0027051242,-0.0012391701,-0.0022813051,-0.0033265492,-0.00031695387,0.00032167108,0.00045290025,-0.0001660329,-4.2577463e-05,1.3052025e-07,0.00029971803,0.00034192848,-0.0010578241,0.00046721564,-0.00019801615,-0.00021740446,0.0057813283,-8.505162e-05,0.0012157954,0.0014713869,0.04236883,0.001910764,-0.0017616834,-1.752125e-06,-1.7381657e-05,-0.00028838482,0.00029422276,0.0010796353
0.00086857844,-0.011636801,0.0023038308,0.0047135125,0.0040466585,-0.0054181665,0.0022688452,-0.0046066255,-0.0021684477,0.0074574547,0.0015554653,0.00049602793,0.001767522,0.009585291,0.0048752795,-0.0014851557,-0.0009932227,-0.0034675158,-0.0010456571,-0.00060593884,0.0009522444,6.3279425e-05,-9.505025e-05,3.2135867e-07,0.011210055,0.000460226,-0.0016006975,0.00042675063,-0.0004845829,-0.00013723785,0.011166015,0.0001325908,0.00080344884,0.001072159,0.37675658,0.003443653,-0.002111392,-7.62831e-07,-1.8118226e-05,-0.0009514055,-0.00055423385,0.002269985
-0.0014166022,-0.0048621763,-0.00074372994,0.0010089766,0.0033958065,-0.0032112426,0.0028126785,-0.005361418,-0.0015424101,0.006182148,-0.0020319414,0.00033128724,0.0015424339,0.0014300832,0.0043754834,-0.0009956365,-0.0010179174,-0.0023596743,-0.0018584109,0.0027484326,0.004085601,-0.00010320515,-3.9714618e-05,-1.0374202e-07,0.0023996294,0.0003862047,-0.0009487025,0.00052904105,-0.0005639815,-9.761685e-05,0.009256504,-0.00017320651,0.0005366076,0.0009356232,0.05621042,0.0030906221,-0.0014154604,-7.8179744e-07,-1.2329609e-05,-0.0016909007,0.0025139078,0.009739362
0.0014511384,-0.0050721853,0.002316089,0.0028140813,0.016784351,-0.011533902,0.0054781395,-0.01282016,0.003536304,0.0046025133,0.004172163,-0.00021964923,-0.002192356,0.0043832636,0.005144916,-0.0033138106,0.0017274481,-0.0064719976,0.00053370756,0.004186458,0.0036181759,0.00010572126,-4.1429987e-05,3.2306858e-07,0.0066926745,0.0019088823,-0.003407479,0.0010303918,-0.0013485859,0.00022380744,0.0068913233,0.00035564305,-0.00035578018,-0.0013298587,0.17228726,0.0036341106,-0.0047111246,1.3267427e-06,-3.381704e-05,0.00048560117,0.003829226,0.008625101
-0.0005360963,-0.0043084966,0.00025070825,0.0016230694,0.005203124,-0.005089661,0.0049361493,-0.00502008,-0.0014701928,0.0065922616,0.00024944302,-0.0018020405,0.0016385217,-0.00076730736,0.001451042,-0.0010382129,-0.00077052973,-0.0029432098,-0.001409698,0.0027231742,0.0029919045,-3.9056766e-05,-3.519212e-05,3.4971002e-08,0.0038601144,0.0005917507,-0.0015036466,0.000928448,-0.00052807527,-9.304632e-05,0.009870565,2.1262993e-05,-0.0029188825,0.000993909,-0.030159554,0.0010249433,-0.0014759898,-5.9179473e-07,-1.5378659e-05,-0.0012826332,0.0024908048,0.0071321796
-0.0014509057,-0.005296325,0.00067729515,0.0016438517,0.009626327,-0.0064500887,0.0019266818,-0.008519982,-0.000966368,0.0024399804,0.00464761,0.00022101187,0.0018639419,0.0050667683,0.003026505,-0.003575046,-0.0010292244,-0.004339879,0.0015685708,0.0009774648,0.0007279231,-0.000105704305,-4.3260774e-05,9.447511e-08,0.0039095404,0.0010948011,-0.0019055599,0.00036239257,-0.000896239,-6.116e-05,0.0036533722,0.000396171,0.00035798736,0.0011306463,0.19915287,0.0021377713,-0.0050825137,-7.904816e-07,-2.2676439e-05,0.0014271857,0.0008940574,0.0017352421
0.00069059804,-0.005032608,-3.4236386e-05,0.004070236,0.001201459,-0.0042720092,0.0044412077,-0.0021378028,-0.0034494156,0.009295713,0.0023256934,0.0004967872,0.0041983,0.0036927117,0.0018697075,-8.286431e-05,-0.0002471567,-0.0027755848,-0.0023972457,-0.00092821196,-0.0018539663,5.031284e-05,-4.1106716e-05,-4.7755933e-09,0.009680163,0.00013664179,-0.0012620864,0.0008353537,-0.00022488102,-0.0002183084,0.0139184315,0.00019824649,0.00080467865,0.002546642,0.14514463,0.0013206676,-0.0001178052,-1.898253e-07,-1.4502796e-05,-0.002181167,-0.0008490073,-0.004419533
-0.0026507496,-0.007714409,0.002251618,0.0037611946,0.0073887403,-0.004544598,-0.0015353939,-0.008068826,-0.0017525643,0.0007643581,0.0038471704,0.002534439,0.0013395126,0.0068072006,0.0027972697,-0.0037718033,-0.0037718131,-0.0030274442,0.002653486,0.000897052,0.0011628895,-0.00019311775,-6.301187e-05,3.1407558e-07,0.008945176,0.0008403206,-0.0013426178,-0.00028879463,-0.00084878074,-0.0001109172,0.0011444701,0.00032794004,0.0041051963,0.0008125334,0.2675618,0.0019758511,-0.0053622364,-2.896889e-06,-1.5818794e-05,0.0024143108,0.0008205062,0.0027721263
-0.0009873479,-0.0070079686,0.0017521763,0.0012141699,0.002291897,-0.0032253051,0.0028438885,-0.0021760091,-0.0035740556,0.0037247878,-0.002039173,0.0008186322,0.0010994199,0.0014725792,0.0024478831,-0.0017494264,-0.0020727322,-0.002566333,-0.0006906298,4.5797147e-05,0.0016973404,-7.1932256e-05,-5.7241607e-05,2.4440902e-07,0.0028876367,0.0002606572,-0.000952857,0.0005349114,-0.00022890005,-0.00022619669,0.005577109,-0.00017382293,0.0013259919,0.0006668958,0.05788076,0.0017290618,-0.0024870962,-1.5919334e-06,-1.3409427e-05,-0.00062837906,4.188926e-05,0.004046164
-0.0026298254,-0.005087716,-0.00016575845,-0.0004453237,0.0017088765,-0.0028864753,0.00043909258,-0.0033930782,-0.002960316,0.0029494497,-0.0009828098,0.0008410773,0.0016024515,0.002097156,0.0017634181,-0.0015963751,-0.002832621,-0.0021928183,-0.0003803219,0.00075201824,0.000734071,-0.00019159332,-4.1556843e-05,-2.3121453e-08,-0.0010591047,0.00019435032,-0.00085275597,8.2589606e-05,-0.0003569267,-0.000187354,0.0044161985,-8.377656e-05,0.0013623477,0.00097202923,0.082430184,0.00124559,-0.0022695088,-2.1755554e-06,-1.1457764e-05,-0.0003460411,0.00068784825,0.0017498976
-0.0022961851,-0.0062295143,0.0001924416,0.0006965905,0.0030586084,-0.0029850432,0.00044692896,-0.004618005,-0.0027540224,0.00542774,-0.0004975268,0.00082730514,0.002167601,0.0018740995,0.0017442941,-0.001118775,-0.0023988425,-0.0032952912,-0.00060464087,0.0013946325,0.0019028791,-0.0001672863,-5.0883136e-05,2.6843454e-08,0.0016566877,0.00034785518,-0.00088187604,8.406356e-05,-0.00048577992,-0.000174298,0.008126931,-4.241012e-05,0.0013400401,0.0013148425,0.073662795,0.0012320819,-0.001590522,-1.8423979e-06,-1.721833e-05,-0.0005501408,0.001275628,0.004536133
-0.00048905634,-0.008128779,0.0020834238,0.0053461217,0.004462635,-0.003008862,0.0026189107,-0.0057204277,-0.005097535,0.0057477634,6.34788e-06,0.0007615334,0.003145306,0.003105016,0.002286301,-0.00043651403,-0.0019954587,-0.002535102,0.0006933247,0.0016810495,0.0017512763,-3.5629717e-05,-6.639647e-05,2.9061434e-07,0.012714577,0.000507535,-0.0008889129,0.000492595,-0.00060174667,-0.00032261544,0.008606101,5.4110524e-07,0.0012335053,0.0019079074,0.12204483,0.0016149284,-0.0006205762,-1.5325845e-06,-1.3246242e-05,0.00063083105,0.0015376048,0.004174738
-0.00012262259,-0.0074709347,0.001096328,0.0022252866,0.0026600715,-0.0043559633,0.0023200389,-0.0030786332,-0.0031272864,0.00805301,-0.001009142,0.0008194806,0.0022117705,0.0038028883,0.0042583942,-0.0014299125,0.00018718839,-0.004276603,-0.0013060329,0.0014163491,0.0019756989,-8.933547e-06,-6.1023147e-05,1.5292551e-07,0.0052923555,0.00030252963,-0.0012868892,0.00043637972,-0.0003238494,-0.00019792133,0.012057737,-8.6021166e-05,0.0013273662,0.0013416352,0.14947519,0.003007916,-0.002032855,1.4376745e-07,-2.2345814e-05,-0.001188312,0.0012954915,0.0047097225
-0.0026819848,-0.00438516,0.0004024439,0.0007612029,0.0031619563,-0.003776552,0.0008083171,-0.0032926903,-0.003643951,0.0031512508,0.0015892396,-0.0002463624,0.0030638333,0.0016983214,-0.00022731745,-0.0018649683,-0.0031205588,-0.0033392457,-0.00019141339,-0.0011074345,-0.0012443918,-0.00019539335,-3.581831e-05,5.613643e-08,0.001810354,0.00035960894,-0.0011157127,0.00015203762,-0.00034636664,-0.00023062025,0.004718354,0.00013546977,-0.00039904928,0.0018584871,0.066753715,-0.00016056564,-0.002651358,-2.396702e-06,-1.7448e-05,-0.0001741601,-0.0010129367,-0.0029664135
-0.0036171689,-0.0029422988,-0.00015450196,-0.0014195752,0.0025651117,-0.0038161525,0.00029325296,-0.002319867,-0.0030163848,0.0023190645,8.722526e-05,0.00015056538,0.0025632507,0.0004634293,0.00070919585,-0.0018514387,-0.0031768088,-0.0034471937,-0.00029136898,0.00013443944,-0.00022105718,-0.00026352526,-2.4032915e-05,-2.1551298e-08,-0.003376148,0.00029172987,-0.001127412,5.5158405e-05,-0.00024403284,-0.00019090252,0.0034723252,7.435245e-06,0.00024388057,0.0015548393,0.018215414,0.00050094037,-0.0026321234,-2.4399042e-06,-1.801204e-05,-0.00026510606,0.00012296767,-0.00052696187
-0.0025479672,-0.0035795681,-8.663683e-05,-0.00042555237,0.001598114,-0.0028712256,0.0022274666,-0.0019481248,-0.0030835737,0.002246682,0.00048315487,0.00015842711,0.0016727836,-0.00054403895,0.0010452862,-0.0018472373,-0.0025643976,-0.002479875,-0.00080164254,-0.00016361277,0.0005073644,-0.00018562964,-2.9238177e-05,-1.208487e-08,-0.0010120829,0.00018175332,-0.00084825075,0.00041896765,-0.0002049283,-0.0001951548,0.0033639474,4.118503e-05,0.00025661473,0.0010146919,-0.021383833,0.00073833775,-0.0026261506,-1.96955e-06,-1.2957674e-05,-0.0007293855,-0.00014965163,0.0012094685
-0.0012130297,-0.0025429162,-0.00089100876,-0.0005829826,0.007253083,-0.005358778,0.0028045024,-0.005807181,-8.432567e-05,0.005331693,-0.0029437514,0.00053484103,4.8887217e-05,-9.2909904e-05,0.0046191,-0.002245807,-0.00036184466,-0.0041507483,-0.0008441472,0.0025699036,0.0036784112,-8.837408e-05,-2.0770729e-05,-1.2428578e-07,-0.0013864962,0.0008248923,-0.0015831523,0.0005275032,-0.00061087246,-5.3368467e-06,0.007983121,-0.0002509309,0.00086631696,2.965444e-05,-0.003651889,0.0032627007,-0.0031927829,-2.779098e-07,-2.1688205e-05,-0.00076805893,0.0023506128,0.008768693
0.0003175293,-0.009342184,0.003080998,0.0062645925,0.0068098805,-0.006966319,0.0019050286,-0.0041561946,-0.00303249,0.008326322,0.00085432304,0.0006524503,0.0015829441,0.0076423627,0.0068387827,-0.0029793752,-0.00090433843,-0.004599872,-0.0018120279,0.00030996907,0.0011769553,2.3133285e-05,-7.630765e-05,4.297648e-07,0.014898959,0.0007744869,-0.0020580706,0.00035831978,-0.0004372009,-0.00019192179,0.012466965,7.282411e-05,0.0010568163,0.0009601962,0.30038843,0.004830573,-0.00423567,-6.945647e-07,-2.4034936e-05,-0.0016486985,0.0002835193,0.0028056565
-0.00043262704,-0.007280295,-0.0007098486,0.0021022034,0.00444345,-0.0039430074,0.0035997652,-0.0072869896,-0.00030301767,0.008750446,0.0012492742,0.0009102549,0.0029015816,0.0029417165,0.006338715,-0.0015509756,0.00062704156,-0.003759935,-0.0009807638,0.001336867,0.0033701772,-3.1518615e-05,-5.9465987e-05,-9.901595e-08,0.0049996297,0.00050535303,-0.001164889,0.0006770854,-0.0007665373,-1.917754e-05,0.013102005,0.000106490486,0.0014743992,0.001760067,0.11562623,0.0044773505,-0.002204966,4.8159063e-07,-1.9646155e-05,-0.00089236145,0.0012227916,0.008033916
-0.0016504664,-0.0071625523,0.0017115425,0.0026636743,0.0051067853,-0.005088384,0.001529139,-0.0031140838,-0.0021346277,0.0019615814,0.0022363595,-0.0009967445,0.00074141205,0.0054806224,0.0033618906,-0.002820096,-0.0031059436,-0.0034193478,0.00024899427,-0.0020294096,0.00036025018,-0.000120243094,-5.8504258e-05,2.3874105e-07,0.0063349647,0.0005807941,-0.0015032693,0.00028761814,-0.00032757857,-0.00013509742,0.0029370673,0.0001906315,-0.0016144922,0.00044973227,0.21541971,0.002374671,-0.0040092287,-2.385477e-06,-1.7866543e-05,0.00022655087,-0.0018562394,0.00085877377
-0.0009569628,-0.0037868752,0.00013855632,0.00016769601,0.008778179,-0.0066512562,0.0032912549,-0.0070886533,-1.0434771e-05,0.0046509886,0.00057117466,-0.0016253185,-0.0011851257,0.0011402523,0.003370341,-0.0020307307,-0.00036472455,-0.0040064785,-0.0017435546,0.0031976318,0.0041051037,-6.971858e-05,-3.093148e-05,1.9327059e-08,0.00039882815,0.0009983412,-0.0019649912,0.0006190573,-0.00074567384,-6.604012e-07,0.006963905,4.8688005e-05,-0.0026326345,-0.000718884,0.044818416,0.0023806398,-0.0028870164,-2.8012164e-07,-2.0934378e-05,-0.0015863972,0.0029247766,0.009785852
-0.0009599165,-0.005487957,0.0011787771,0.0018550488,0.008101525,-0.0042415354,0.0037216065,-0.0051087122,-0.00020356034,0.0029709018,0.0023662155,0.00051644986,-0.0014995006,-0.0006924358,0.003143325,-0.0041552726,-0.00034739822,-0.0028677413,-0.00055078586,0.0030552847,0.005982785,-6.993377e-05,-4.482604e-05,1.6442624e-07,0.0044118264,0.0009213855,-0.0012530836,0.00070000277,-0.0005373987,-1.28830325e-05,0.0044483184,0.00020170066,0.00083652756,-0.0009095803,-0.027216673,0.0022202872,-0.005907401,-2.668144e-07,-1.4984325e-05,-0.0005011401,0.002794576,0.014261918
-0.0013206741,-0.005693389,0.0014758776,0.0024380754,0.008709345,-0.006573854,0.002530268,-0.007537548,0.0012517297,0.0046956674,0.0039532944,0.0007462445,0.0021772785,0.0046963473,0.0034652203,-0.0031106404,-0.0009339389,-0.0045421976,0.0002827422,0.0007899767,0.0018548776,-9.6216405e-05,-4.6504025e-05,2.0586845e-07,0.005798427,0.0009905128,-0.0019421241,0.00047592202,-0.0007928942,7.922012e-05,0.0070308023,0.00033698627,0.001208741,0.0013207129,0.18459322,0.0024476578,-0.004422285,-7.1729886e-07,-2.373358e-05,0.00025725688,0.00072256767,0.0044217054
-0.00022012251,-0.007670302,0.0005254385,0.0027488088,0.0023419145,-0.004476763,0.0018073082,-0.0045151436,-0.0009951247,0.0068362392,0.00070622563,0.0010224208,0.0006915893,0.0042776456,0.004426611,-0.0016728778,-0.0007774746,-0.003051714,-0.0016325341,0.0024364707,0.002826249,-1.6036809e-05,-6.26516e-05,7.32928e-08,0.0065374384,0.00026634565,-0.0013225771,0.0003399394,-0.00047495967,-6.297997e-05,0.010235871,6.0200004e-05,0.0016560818,0.00041951035,0.16813587,0.003126736,-0.00237827,-5.9712863e-07,-1.5945609e-05,-0.0014853836,0.0022285657,0.0067372858
0.0016016131,-0.011836586,0.0021680314,0.00072336243,0.0015587843,-0.0055205314,0.0029822965,-0.005204512,0.0010988796,0.007361769,0.0020017903,0.0018764359,-0.0011539327,0.007859795,0.005377806,-0.002277015,0.0010796979,-0.0038861171,-0.0013581836,0.0036015688,0.004418158,0.00011668394,-9.668211e-05,3.0241617e-07,0.0017203587,0.00017728035,-0.0016309394,0.0005609448,-0.0005474761,6.954646e-05,0.011022746,0.00017063638,0.0030393857,-0.00069996266,0.30893478,0.0037986124,-0.00323715,8.29247e-07,-2.0305473e-05,-0.001235762,0.0032942456,0.01053212
0.0035690493,-0.010317849,0.0057992726,0.007913425,0.010022734,-0.00818135,0.009323309,-0.0044522346,-0.0044759847,0.01168403,-0.0013429406,0.002890323,0.002153758,0.006005611,0.009284577,-0.001818084,3.2774173e-05,-0.0047760857,-0.0013383726,-0.0006709184,-0.00092442916,0.00026001956,-8.427696e-05,8.0893375e-07,0.018820344,0.0011398845,-0.0024170293,0.0017536357,-0.00046834213,-0.00028327844,0.017494448,-0.00011447479,0.004681645,0.0013064456,0.23605475,0.00655816,-0.0025847044,2.5171751e-08,-2.4955676e-05,-0.0012177367,-0.00061366864,-0.0022036782
0.0011944864,-0.010510798,0.0015283366,0.0038392157,0.003834798,-0.0049151108,0.0037976434,-0.0063531213,0.0010974691,0.0060149855,0.00075544894,0.0018676398,0.0010057498,0.010188891,0.0053906175,-0.0031471632,0.0007524695,-0.002423182,-0.0011394757,-0.0020544324,0.0007645198,8.702312e-05,-8.5852975e-05,2.1318588e-07,0.009130732,0.00043613114,-0.0014520789,0.0007143046,-0.0006683013,6.945719e-05,0.0090062115,6.439589e-05,0.003025138,0.0006100766,0.4004815,0.0038076618,-0.004474208,5.7792386e-07,-1.2661444e-05,-0.0010367676,-0.0018791269,0.0018224821
0.0006099988,-0.007854871,0.0014063057,0.0024463101,0.0051043527,-0.0046122884,0.006379862,-0.0055441884,-0.0008046073,0.007934779,-0.0017706692,-0.0017009117,0.0012038731,-0.0006730547,0.0033240737,-0.0012401076,-0.00010806229,-0.0022898733,-0.0010543194,0.0036141998,0.004787523,4.444086e-05,-6.4159176e-05,1.9616394e-07,0.0058180117,0.00058051746,-0.0013626157,0.0011999982,-0.0005832076,-5.0922405e-05,0.01188071,-0.00015093519,-0.0027550776,0.00073025597,-0.026454888,0.002347959,-0.0017630161,-8.299575e-08,-1.1964889e-05,-0.00095928705,0.0033057989,0.0114126215
-0.0018722045,-0.0040996657,-0.0014454522,0.0005246076,0.00429374,-0.004135335,0.0021104058,-0.0064123487,-0.0010989318,0.006622662,-0.0006951556,-3.3597462e-07,0.0023831606,0.0017750872,0.003684593,-0.00047839724,-0.0013050109,-0.003827264,-0.000997849,0.000712392,0.0022879045,-0.0001363976,-3.3486373e-05,-2.0162445e-07,0.001247664,0.00048832654,-0.0012217085,0.0003969495,-0.0006745316,-6.9549766e-05,0.009916083,-5.925637e-05,-5.442e-07,0.0014455987,0.069771044,0.0026026117,-0.0006801201,-1.0022956e-06,-1.9997959e-05,-0.0009079067,0.00065160333,0.005453966
-9.478023e-05,-0.0077016475,0.002278282,0.0020572129,0.0023374234,-0.004706609,0.0023683924,-0.0032588951,-0.002539572,0.008361703,-0.00093001686,0.0020057748,0.0009201671,0.0026761028,0.004551209,-0.0017765071,0.0005883004,-0.0045751273,-0.0016294261,0.004315394,0.0035975156,-6.9051202e-06,-6.290763e-05,3.177949e-07,0.004892629,0.00026583488,-0.001390481,0.0004454746,-0.00034281163,-0.00016072576,0.012519942,-7.927639e-05,0.0032488843,0.0005581631,0.1051861,0.0032147458,-0.002525596,4.51836e-07,-2.3905643e-05,-0.0014825558,0.0039471597,0.008575851
-0.0012024373,-0.006714957,-0.00022244776,0.000785589,0.007383194,-0.005815982,0.0024697497,-0.008188078,0.0005969936,0.00402907,0.001565257,0.00012124126,0.0006594397,0.0051344763,0.0058550355,-0.0035685073,-0.0016139193,-0.0030123803,-0.00022581563,0.0011567352,0.0022500649,-8.7602384e-05,-5.4848264e-05,-3.102898e-08,0.001868351,0.0008396898,-0.0017182247,0.00046453904,-0.0008613252,3.778284e-05,0.006032709,0.00013342545,0.00019638239,0.00040000878,0.20181419,0.0041357037,-0.0050732177,-1.2395484e-06,-1.5740085e-05,-0.00020546146,0.0010580305,0.0053637633
-0.0011590028,-0.005367414,0.00049312547,8.059046e-05,0.0024146722,-0.0026194023,0.0038664457,-0.0025476615,-0.0018939759,0.004427695,-0.00035768555,-0.00066682353,-0.0003373865,-0.0001466659,0.0033349148,-0.002632171,-0.0006027294,-0.0027175304,-0.001640592,0.0019515717,0.0052705533,-8.4438005e-05,-4.3841435e-05,6.8785496e-08,0.00019166671,0.0002746204,-0.00077385415,0.0007272458,-0.00026799514,-0.00011986693,0.006629569,-3.048979e-05,-0.0010800976,-0.00020465489,-0.005764806,0.0023556165,-0.0037420623,-4.62918e-07,-1.4199454e-05,-0.0014927152,0.0017850433,0.012564082
-0.0018080134,-0.0047563124,0.00053781574,0.0022658282,0.007309976,-0.004987469,0.0024484424,-0.006127718,-0.0030914554,0.0023075126,0.0026613555,3.3902703e-05,0.0013699043,0.0046705487,0.0016676756,-0.0024256837,-0.002366946,-0.0037381747,0.00029668934,0.0011955117,0.00037757203,-0.00013172103,-3.8849914e-05,7.501929e-08,0.005388775,0.00083136273,-0.0014734559,0.00046053133,-0.00064459053,-0.00019565363,0.0034550286,0.00022685896,5.491442e-05,0.0008309686,0.18357919,0.0011779624,-0.0034485068,-1.8179003e-06,-1.9532456e-05,0.00026994688,0.0010934982,0.000900066
-0.002747385,-0.0058663585,0.00049112935,0.00041865333,0.0014785595,-0.00284827,0.00043432374,-0.0030080292,-0.00349969,0.003559344,0.00060856063,0.00034251815,0.0020949012,0.0020840745,0.00090492016,-0.0011907327,-0.003073971,-0.003437449,-0.00044505956,-0.00054547435,0.0005437464,-0.00020015803,-4.7916852e-05,6.8507056e-08,0.0009956751,0.0001681564,-0.000841469,8.1692626e-05,-0.0003164224,-0.00022149019,0.0053293905,5.1874853e-05,0.000554799,0.0012707437,0.08191601,0.0006391902,-0.0016928216,-2.360921e-06,-1.7961123e-05,-0.00040494357,-0.0004989288,0.0012961968
-0.0013219207,-0.007319807,0.00077817705,0.0032992866,0.00398968,-0.0048674955,0.0011271397,-0.005497203,-0.003102374,0.0065740803,0.0023920375,-0.00037113338,0.0026046098,0.003455915,0.0016387835,-0.0010446832,-0.0013681488,-0.0046737045,-9.8053424e-05,0.0017865449,0.0018617029,-9.630722e-05,-5.9788727e-05,1.08547006e-07,0.007846629,0.00045374586,-0.0014380119,0.00021200546,-0.00057826506,-0.00019634466,0.009843342,0.00020390179,-0.000601149,0.0015799273,0.13583717,0.0011575544,-0.0014851883,-1.0507878e-06,-2.4420722e-05,-8.921525e-05,0.0016340984,0.0044379756
-0.0023765638,-0.0036771658,-8.2348684e-05,0.00090813206,0.0038895016,-0.003694896,0.0017452603,-0.004309714,-0.003572541,0.004433086,8.737898e-05,0.0009772439,0.002230455,0.0020483762,0.0020432847,-0.0010938833,-0.0025407998,-0.0029930533,-0.0011820886,0.0017069065,0.0011067255,-0.00017314221,-3.0035364e-05,-1.1486722e-08,0.0021597927,0.00044235255,-0.001091589,0.00032826874,-0.00045335,-0.00022610083,0.0066376408,7.448349e-06,0.0015829057,0.0013529691,0.08051287,0.0014432739,-0.0015551344,-1.9514262e-06,-1.5639098e-05,-0.0010755396,0.0015612555,0.002638241
-0.0024724663,-0.0039508184,-0.00044912653,-0.00085624866,0.002405462,-0.0033927786,0.0014258558,-0.0030986653,-0.0025356105,0.0022874074,-0.00094867847,0.00054146885,0.0013994961,-0.00026172667,0.0019095904,-0.0016481623,-0.0021047327,-0.002969808,-0.00055333873,0.0010127274,0.0013531158,-0.0001801291,-3.227058e-05,-6.2648134e-08,-0.0020363994,0.00027357292,-0.001002334,0.00026819142,-0.00032595664,-0.00016047503,0.0034249253,-8.086714e-05,0.00087705243,0.0008489187,-0.01028735,0.0013488389,-0.0023431326,-1.6165109e-06,-1.5517637e-05,-0.00050346286,0.00092631095,0.0032255927
-0.001406628,-0.0055310847,-0.0004818865,-0.0006733895,0.0011589448,-0.0034678741,0.0012837767,-0.003932973,-0.0014685573,0.0043912265,-0.0027056,0.0008606541,0.0004007608,0.0018065468,0.0036010845,-0.001943945,-0.0013205841,-0.0023810086,-0.0012536156,0.002350681,0.0027086672,-0.0001024785,-4.517831e-05,-6.721778e-08,-0.0016015092,0.00013180666,-0.0010245196,0.00024146755,-0.00041371962,-9.294281e-05,0.006574964,-0.00023063045,0.0013940576,0.00024309702,0.07100759,0.0025436254,-0.0027636364,-1.0142563e-06,-1.24410835e-05,-0.0011406194,0.0021500965,0.006456991
0.00021588593,-0.005523527,0.0021873575,0.00041028214,0.0042472454,-0.005629131,0.00577929,-0.00233116,-0.0028558357,0.0036548832,-0.0005882222,0.0029340035,-0.00026168372,0.00057358685,0.0043330374,-0.0020028993,-0.0011695424,-0.0032946232,-0.0014110889,0.003218989,0.0024233647,1.5728156e-05,-4.511658e-05,3.0511194e-07,0.00097576604,0.00048303872,-0.0016630231,0.0010870356,-0.00024522078,-0.00018074161,0.0054724407,-5.0141167e-05,0.004752397,-0.00015873442,0.022545233,0.0030606403,-0.0028474496,-8.982509e-07,-1.721484e-05,-0.0012838986,0.0029443114,0.00577688
-0.0011532546,-0.003934402,0.0006757251,0.002186741,0.007957878,-0.0072304374,0.0034478386,-0.0059454073,-0.002695791,0.004095114,0.0028333755,-0.000646227,0.0013675783,0.0022538868,0.0023105193,-0.0020969105,-0.0016843416,-0.0045299167,-0.00060359604,0.0023467983,-0.0001164221,-8.401923e-05,-3.2136486e-05,9.425611e-08,0.0052006836,0.0009050485,-0.0021360996,0.0006485093,-0.00062541285,-0.00017061262,0.0061315964,0.00024152226,-0.001046736,0.0008295577,0.0885906,0.001632035,-0.0029811019,-1.2936353e-06,-2.366941e-05,-0.00054919015,0.002146545,-0.00027753002
0.0015289574,-0.015843663,0.004306727,0.009987167,0.006060074,-0.0038542924,-0.0006021848,-0.010897937,0.00030052452,0.0082986,0.0058059334,0.004788774,-0.0007049835,0.014900412,0.005157792,-0.0033057632,-0.0010945657,-0.0016933315,0.00043563847,0.0034732483,0.0042813555,0.000111390684,-0.00012941222,6.0074035e-07,0.023752285,0.00068921153,-0.0011386797,-0.00011326587,-0.0011463823,1.9019752e-05,0.012425458,0.0004949087,0.00775669,-0.0004276351,0.5856712,0.0036432056,-0.004699684,-8.406661e-07,-8.84788e-06,0.00039637164,0.0031768747,0.0102060065
-0.0019563986,-0.004855062,-0.00010487879,0.0014026556,0.0011633952,-0.0027752817,0.001034033,-0.0018500834,-0.0047695036,0.005990016,0.00045253316,0.00065475685,0.0031208568,0.0016697225,0.0012070301,-0.0009042684,-0.002338814,-0.0034678997,-0.001352503,-0.0005778695,-0.00013564512,-0.00014253148,-3.9656505e-05,-1.46294195e-08,0.0033359085,0.00013231281,-0.0008199059,0.00019449288,-0.00019461507,-0.0003018548,0.0089688245,3.8574777e-05,0.0010605524,0.0018930769,0.06562962,0.00085258554,-0.0012855658,-1.7962939e-06,-1.8120232e-05,-0.0012305934,-0.00052855967,-0.00032335438
-0.0018869049,-0.0034416104,0.0003561301,0.0010942761,0.0038195797,-0.005683372,0.0010285268,-0.0024805116,-0.0027667293,0.0061393036,0.0025968868,-6.585702e-05,0.00434264,0.0020697862,0.0017746727,-0.0031666066,-0.0016258439,-0.0045774826,-0.0008238385,-0.0002606667,-0.0015018178,-0.0001374686,-2.8111328e-05,4.967617e-08,0.0026024955,0.00043440037,-0.0016790476,0.0001934572,-0.00026093144,-0.00017510219,0.009192353,0.00022136352,-0.00010667292,0.0026341968,0.081354395,0.0012535398,-0.0045018503,-1.248707e-06,-2.391795e-05,-0.0007495808,-0.00023842392,-0.0035800724
-0.0015757192,-0.0038866855,0.001010091,0.00038559156,0.005254565,-0.004123737,0.004757517,-0.0021271543,-0.0028912919,0.0015831518,0.00068849884,0.00091547763,-0.0011414711,-0.0021831533,0.002108191,-0.00219743,-0.0026700636,-0.0031087892,-0.0013834795,0.0025822944,0.0027462326,-0.00011479747,-3.1746735e-05,1.4089642e-07,0.0009170449,0.00059760106,-0.0012182822,0.0008948488,-0.00022376089,-0.00018298558,0.0023704462,5.8688936e-05,0.0014828589,-0.00069240364,-0.08581037,0.0014891203,-0.0031240068,-2.0507055e-06,-1.6243834e-05,-0.0012587778,0.0023619463,0.0065465407
-0.0024327897,-0.003977128,0.00028781866,-0.0005057863,0.0039586322,-0.005064808,0.0013642658,-0.0028070225,-0.0030075675,0.004919947,0.00021504951,0.00034055352,0.0035208547,0.0009830013,0.0023058197,-0.001965181,-0.0018928449,-0.0040612766,-0.00045807828,0.00040808774,-0.00032050422,-0.00017723849,-3.2485474e-05,4.014749e-08,-0.0012029016,0.00045021478,-0.0014963042,0.00025660687,-0.00029527798,-0.0001903445,0.0073666153,1.8331226e-05,0.0005516168,0.0021357113,0.038637556,0.0016287153,-0.0027938269,-1.4537734e-06,-2.1220705e-05,-0.00041678883,0.00037326547,-0.0007640263
0.0062962314,-0.018598808,0.0068115983,0.009029491,0.00886458,-0.008986633,0.0053540836,-0.0101502165,0.0040413346,0.014293417,0.00784174,0.0059257243,0.0004145524,0.013755886,0.007735822,-0.0047934838,0.00537889,-0.0064946734,-0.00054924557,0.004337359,0.0057019964,0.00045870573,-0.00015191644,9.501419e-07,0.021474661,0.0010081676,-0.0026549352,0.001007058,-0.0010677276,0.00025577008,0.021401472,0.00066844467,0.009598282,0.00025146286,0.54068476,0.0054641967,-0.006814723,4.131182e-06,-3.3935525e-05,-0.0004997386,0.0039672507,0.013592567
-0.00038137403,-0.00476572,-0.00058235414,0.002138221,0.008299769,-0.0065724785,0.0033631697,-0.008136426,0.00127444,0.008973322,0.0005333347,0.00214596,0.003549365,0.004996463,0.008471762,-0.0030151934,0.00072183134,-0.0050780782,-0.00087997,0.0016534042,0.0014362056,-2.7784628e-05,-3.8926755e-05,-8.1231896e-08,0.005085289,0.00094393175,-0.0019417177,0.0006325838,-0.0008558918,8.065742e-05,0.013435716,4.5462453e-05,0.0034759515,0.0021530052,0.1963895,0.005984028,-0.0042865914,5.543926e-07,-2.6533628e-05,-0.0008006528,0.0015123186,0.0034236643
-0.0012268708,-0.007450889,0.0006692266,0.0030832603,0.0030202558,-0.003727819,0.0017417792,-0.004066205,-0.00438959,0.007837445,0.00018863636,-0.00029754394,0.003048343,0.002936994,0.0035538697,-0.0004757184,-0.001075648,-0.004468864,-0.0010817745,0.0003618238,0.0017183891,-8.938246e-05,-6.0859413e-05,9.3349634e-08,0.0073328577,0.00034349333,-0.0011013155,0.00032761396,-0.00042773466,-0.00027781064,0.011734972,1.6079719e-05,-0.00048195134,0.0018490908,0.11544061,0.0025102752,-0.00067631167,-8.261366e-07,-2.3350402e-05,-0.0009842673,0.00033094923,0.0040963404
0.005818355,-0.014680369,0.00992842,0.011079872,0.017874079,-0.015889155,0.008192947,-0.013672013,0.007831428,0.009157183,0.0136622675,0.0044477717,-0.00043706084,0.0140937865,0.008726684,-0.008280674,0.004714459,-0.008099828,0.0021227868,0.0020763865,0.001952753,0.0004238905,-0.00011991034,1.3849037e-06,0.026351044,0.0020328169,-0.004694158,0.0015410242,-0.0014381945,0.00049563946,0.01371101,0.0011645975,0.007204346,-0.00026511622,0.55396616,0.006164092,-0.0117723355,3.6208753e-06,-4.2322667e-05,0.0019314467,0.0018992076,0.0046550236
-0.0022430643,-0.0038978898,0.00038722044,0.00089721964,0.004839478,-0.0045523904,0.0029492085,-0.005160021,-0.0043792953,0.003420428,0.0011933593,0.0011370091,0.0024976914,0.001685115,0.002253571,-0.00093221886,-0.0023524957,-0.0034511406,0.00047265703,0.00021518381,-0.0010454032,-0.00016341623,-3.183825e-05,5.4012926e-08,0.00213384,0.0005503933,-0.0013449199,0.0005547212,-0.00054279604,-0.0002771591,0.0051213917,0.00010172419,0.0018416878,0.0015150717,0.066234626,0.0015918096,-0.0013253018,-1.8068018e-06,-1.8032664e-05,0.0004300535,0.0001968221,-0.0024920593
-0.0018828632,-0.006067762,0.001835122,0.0021774748,0.004358843,-0.0030517508,0.003551186,-0.0032353925,-0.004826967,0.006295705,-0.0011615355,0.0007596392,0.002926563,0.0011236782,0.0017913356,-0.000111877685,-0.003115288,-0.00345421,-0.00011855885,0.00062442466,0.0007032629,-0.00013717414,-4.956193e-05,2.5597902e-07,0.0051786457,0.0004957307,-0.0009015836,0.0006679481,-0.00034033935,-0.0003054916,0.009426532,-9.901147e-05,0.0012304372,0.0017752204,0.04416696,0.0012653096,-0.00015905246,-2.3926539e-06,-1.8048702e-05,-0.000107872394,0.00057114224,0.0016764564
-0.0009941754,-0.006121194,0.002327416,0.0031814096,0.0061173514,-0.0064144023,0.0019778698,-0.0045724083,-0.0028271524,0.0058190203,0.0038875018,0.00048239,0.002249349,0.0037508737,0.001801551,-0.0030518135,-0.0010130662,-0.005469205,-9.374067e-05,0.0019698297,0.0009773102,-7.242967e-05,-4.9998365e-05,3.2464854e-07,0.0075662844,0.00069572567,-0.0018950171,0.00037202062,-0.0004809835,-0.00017892629,0.008712794,0.00033137796,0.00078135857,0.00136443,0.14743072,0.0012725253,-0.004338653,-7.7807147e-07,-2.8577315e-05,-8.529124e-05,0.0018017434,0.0023297376
-0.0007518253,-0.005599118,-5.8281912e-05,0.001715525,0.0070816344,-0.0054602223,0.0030527771,-0.008479746,-3.7518097e-05,0.006064811,0.0010535488,-0.00045872014,0.0019135394,0.0019024536,0.0027880683,-0.0014380373,-0.0001633938,-0.0033978908,-0.0010401285,0.0018798748,0.002738501,-5.477349e-05,-4.573401e-05,-8.129676e-09,0.00408,0.00080539344,-0.0016131222,0.0005742016,-0.0008920065,-2.3744647e-06,0.009080815,8.980648e-05,-0.0007430189,0.0011607317,0.074777275,0.0019693517,-0.0020444056,-1.2549235e-07,-1.7754428e-05,-0.00094637525,0.0017194644,0.00652811
-0.0016743941,-0.0069322195,0.0006557336,0.0019543753,0.0027879486,-0.0038509602,0.0004881514,-0.005510163,-0.0015120478,0.005791002,0.0017449014,0.0005715866,0.0020919635,0.005146078,0.0018609341,-0.0016796131,-0.0019970997,-0.0032292362,-0.0010746554,0.000747862,0.0021639823,-0.00012198633,-5.6622885e-05,9.146751e-08,0.0046480526,0.00031707308,-0.0011376953,9.181716e-05,-0.00057962834,-9.5695264e-05,0.008670842,0.00014873868,0.0009258361,0.0012689617,0.2022702,0.0013144705,-0.0023878454,-1.5338449e-06,-1.6873184e-05,-0.00097779,0.00068404665,0.005158557
-0.0007484914,-0.006096468,0.00088820985,0.0025962526,0.0025285962,-0.0053752554,0.0021372363,-0.0032484697,-0.0021851722,0.0047911517,0.0023676753,0.000685822,0.002280594,0.0047239186,0.002487297,-0.0022432408,-0.00097317994,-0.0035183239,-0.00046040735,0.0006396511,-7.042443e-05,-5.45306e-05,-4.9796403e-05,1.2389535e-07,0.006174617,0.00028757696,-0.0015880202,0.0004019961,-0.00034171497,-0.00013829631,0.0071737706,0.0002018251,0.0011108706,0.001383383,0.18567693,0.0017569019,-0.0031891344,-7.474374e-07,-1.8383706e-05,-0.00041890796,0.0005850694,-0.00016787958
-0.0016011498,-0.0072213504,0.0013986469,0.001459198,0.0030764285,-0.0043097674,0.0013178638,-0.0025035767,-0.0028148147,0.0030939733,-0.00026025815,-0.00025180826,0.0022293,0.0042597475,0.0025473563,-0.0014727986,-0.0027581786,-0.0032300963,2.4561072e-05,-0.0021771872,-0.0002524839,-0.00011665019,-5.8984526e-05,1.9509562e-07,0.003470382,0.00034988186,-0.0012732415,0.00024787904,-0.00026335774,-0.00017814545,0.0046325927,-2.2184895e-05,-0.00040787028,0.0013522685,0.16743237,0.0017993248,-0.0020938246,-2.118381e-06,-1.6877679e-05,2.2347229e-05,-0.001991407,-0.0006018777
-0.00082376716,-0.007089402,0.0008830446,9.181016e-05,0.008042945,-0.0066953166,0.0028060968,-0.007024149,0.0022890386,0.006695108,0.003584434,-0.00105228,0.0012544108,0.0040213736,0.004511734,-0.004801105,-0.00014270307,-0.004691731,-0.0006011683,0.002103154,0.0038995494,-6.0014743e-05,-5.7906764e-05,1.2317486e-07,0.00021835031,0.00091472315,-0.001978008,0.0005278031,-0.00073888846,0.00014486986,0.010024556,0.00030554392,-0.0017044465,0.0007609116,0.1580629,0.0031868627,-0.006825557,-1.0960112e-07,-2.4514913e-05,-0.00054698123,0.0019236911,0.009295847
0.003465047,-0.015128887,0.002913976,0.0072099436,0.0090978965,-0.005728987,0.0040532392,-0.014644815,0.004274675,0.011879679,0.0034411806,0.004681182,0.00062188087,0.012315072,0.00884245,-0.0043305526,0.003362931,-0.003046509,-0.00035325182,0.0038816682,0.0049493713,0.00025244258,-0.00012357387,4.064671e-07,0.01714727,0.0010347028,-0.0016925237,0.0007623801,-0.001540526,0.00027053786,0.017787391,0.0002933327,0.0075824163,0.00037722598,0.48405254,0.006245863,-0.0061565903,2.5828529e-06,-1.5918411e-05,-0.00032141103,0.003550444,0.0117984405
-0.0018957362,-0.006265484,0.00044061628,0.0032062768,0.0048740734,-0.0035813153,0.0018179322,-0.006498034,-0.0039745113,0.0045565753,0.0023154307,0.00016629431,0.0039722105,0.004593403,0.0019825837,-0.0006723321,-0.0028637948,-0.0019951488,0.0005543686,-0.0017539916,-0.001463742,-0.000138112,-5.1176936e-05,6.146105e-08,0.0076254257,0.0005543278,-0.0010580337,0.0003419377,-0.0006835451,-0.00025154094,0.0068225404,0.00019737167,0.00026935776,0.0024094984,0.18054692,0.0014003976,-0.00095583027,-2.199498e-06,-1.0424916e-05,0.0005043999,-0.0016043228,-0.0034893062
-0.0010859235,-0.0041654226,-0.0012801337,0.0012205748,0.0037440602,-0.004346287,0.002662714,-0.005750357,-0.00069787446,0.007604729,-0.0006959401,0.0009125385,0.003181813,0.0016432294,0.004817897,-0.0008359106,-0.00064936257,-0.0033175806,-0.0012941469,0.00044580226,0.0008020452,-7.911389e-05,-3.402348e-05,-1.7856436e-07,0.0029028694,0.00042581154,-0.0012840304,0.000500834,-0.000604895,-4.4167442e-05,0.011386528,-5.9323243e-05,0.0014780982,0.0019300523,0.064588286,0.003403121,-0.0011883839,-4.98734e-07,-1.7334796e-05,-0.0011774973,0.00040776178,0.0019119362
-0.0012080278,-0.007296016,0.0019892459,0.004514947,0.006564157,-0.004255481,0.0020258063,-0.0073880255,-0.0022247043,0.00495731,0.002549469,0.0020569596,0.0026031388,0.005372632,0.003001423,-0.0022801682,-0.0016718054,-0.0036776527,0.0007725492,0.0010122732,0.00064756314,-8.800968e-05,-5.95944e-05,2.774776e-07,0.01073781,0.00074654084,-0.0012572035,0.00038103707,-0.0007771656,-0.00014079823,0.0074225585,0.00021732153,0.0033317916,0.001579035,0.21117505,0.0021200548,-0.0032416328,-1.284007e-06,-1.9216219e-05,0.0007029145,0.0009258956,0.0015436779
-0.0004370953,-0.004345675,0.0009439137,0.0032974652,0.004584968,-0.005628805,0.0049526333,-0.0039842445,-0.0048147137,0.005962622,0.0047830585,0.00024427962,0.0041399687,0.0019963684,0.0009737823,-0.00043370307,-0.0012788189,-0.004110815,-0.0003666697,8.1916776e-05,-0.0016350605,-3.1844145e-05,-3.5495796e-05,1.3166542e-07,0.007842297,0.0005214479,-0.0016629269,0.0009315485,-0.00041911303,-0.0003047161,0.008927808,0.00040771693,0.00039567566,0.0025112587,0.07846866,0.000687831,-0.00061657996,-9.821792e-07,-2.147955e-05,-0.00033361948,7.4926786e-05,-0.0038976998
-0.0007197254,-0.00524715,-0.0016675595,2.2795313e-05,0.0060356976,-0.00564571,0.0027403533,-0.0081864,0.0010060333,0.0071409005,-0.0030099484,-0.00042106985,0.0017379788,0.0042922115,0.0073479395,-0.0008137078,0.00019846507,-0.004193217,-0.00097343914,0.002237036,0.0036951627,-5.2434883e-05,-4.2859112e-05,-2.3260593e-07,5.4213648e-05,0.0006864392,-0.0016679211,0.00051543734,-0.00086114864,6.3670355e-05,0.0106920395,-0.00025657366,-0.0006820343,0.0010542385,0.16870838,0.005190216,-0.001156819,1.5242836e-07,-2.1910111e-05,-0.00088569697,0.0020461488,0.008808625
-0.0007716329,-0.005528765,0.000704002,0.00030905582,0.0026898317,-0.004043977,0.002672729,-0.0032065127,-0.0020931317,0.0048649693,-0.0010330898,0.0018759656,-0.00073729386,0.0018065049,0.0035478547,-0.0016279574,-0.0011271003,-0.0035802883,-0.0018546418,0.0040441696,0.0035816734,-5.621655e-05,-4.5159362e-05,9.820042e-08,0.00073502143,0.00030591423,-0.0011947185,0.0005027178,-0.0003373014,-0.0001324712,0.0072842976,-8.806252e-05,0.003038624,-0.00044723423,0.07100594,0.0025060268,-0.0023144083,-8.656538e-07,-1.8707478e-05,-0.0016874714,0.0036990792,0.008538086
-0.0009323696,-0.005673051,0.00059573277,-0.00022127153,0.0022803345,-0.0024096502,0.0046454724,-0.002744222,-0.0023071347,0.006677746,-0.0037752788,-0.00046057504,0.0013140233,-0.001523149,0.0031491122,-0.0010064482,-0.00063810847,-0.0019734348,-0.0012848066,0.001952535,0.0043028696,-6.792687e-05,-4.63379e-05,8.3098065e-08,-0.0005262458,0.00025934217,-0.0007118868,0.0008737741,-0.00028867184,-0.00014601514,0.00999856,-0.00032181188,-0.00074602343,0.00079707184,-0.059868436,0.002224375,-0.001430831,-4.900904e-07,-1.0311457e-05,-0.001168999,0.0017859244,0.010257293
-0.00236301,-0.0037497184,0.0010840215,0.00018836043,0.0032622756,-0.00463378,0.0016133582,-0.0020491732,-0.0037172514,0.0040668678,1.0997552e-05,0.00065650645,0.002745186,0.00074394786,0.0016254974,-0.001833021,-0.0020194731,-0.004163631,-0.00058155414,-0.0002596542,-0.00032961697,-0.00017215476,-3.062798e-05,1.512089e-07,0.00044797393,0.00037101822,-0.001368965,0.00030345903,-0.00021555785,-0.00023525933,0.0060893036,9.37452e-07,0.0010633863,0.0016651992,0.029241392,0.0011481699,-0.0026059397,-1.5510285e-06,-2.1755519e-05,-0.00052913505,-0.0002374978,-0.0007857495
-0.0027764854,-0.0058354777,0.0005129941,0.00030521248,0.0021431693,-0.003988136,-0.00022667449,-0.0025046284,-0.0030212721,0.0024105671,0.0011124868,3.5294477e-05,0.0015546952,0.0027300194,0.0014111485,-0.0020319598,-0.003198199,-0.0034037998,-0.0003403821,0.00096177595,0.0008523636,-0.0002022781,-4.7664616e-05,7.1556954e-08,0.0007258809,0.0002437424,-0.0011782214,-4.263556e-05,-0.00026346836,-0.00019121183,0.0036093318,9.483047e-05,5.7168767e-05,0.00094306073,0.107305326,0.0009967645,-0.0028887638,-2.4563326e-06,-1.7785302e-05,-0.00030970134,0.0008797072,0.0020318865
-0.000405655,-0.0068913875,0.0009247618,0.0049964096,0.005820532,-0.003936826,0.0034300564,-0.007190969,-0.0045333696,0.0057295077,0.0015583443,0.00045904145,0.003052596,0.004800706,0.0028568367,-5.1776064e-05,-0.0024957203,-0.0021896367,-3.8389117e-06,0.0019550605,0.00054762285,-2.9553596e-05,-5.6289366e-05,1.2899395e-07,0.011882864,0.0006619684,-0.0011630626,0.00064516463,-0.00075643667,-0.00028691025,0.008578767,0.00013283621,0.00074353936,0.0018516707,0.18869512,0.0020179262,-7.360816e-05,-1.9168035e-06,-1.14411405e-05,-3.4928864e-06,0.0017882345,0.0013054376
-0.0021921252,-0.006521892,0.00097438914,0.0014961608,0.0048870207,-0.0038622378,0.0010944773,-0.0057123415,-0.0024157686,0.005005792,0.000959308,0.0004801827,0.002088192,0.0025673301,0.0012278603,-0.0012390991,-0.002642568,-0.003302343,-0.00038144036,0.001094574,0.001304688,-0.00015970512,-5.3271295e-05,1.3591641e-07,0.00355829,0.0005558003,-0.0011410271,0.00020586193,-0.000600896,-0.00015289041,0.0074951504,8.177322e-05,0.0007777833,0.0012666739,0.10091071,0.000867299,-0.0017615823,-2.029588e-06,-1.7255177e-05,-0.00034705875,0.0010011736,0.0031101492
-0.002082475,-0.0036153723,-0.0008947187,0.00012724035,0.008502471,-0.005449918,0.0013019666,-0.00661736,-0.0008815627,0.003990926,-0.0015074201,-0.00043766835,0.00083786447,0.0032004334,0.0037608761,-0.0025574593,-0.0015050971,-0.004432667,-0.0010352812,0.002296544,0.0023883663,-0.00015171665,-2.9530629e-05,-1.2480326e-07,0.00030261325,0.00096698507,-0.0016100779,0.0002448889,-0.00069609727,-5.5792796e-05,0.005975596,-0.00012849533,-0.00070892,0.00050823926,0.12579527,0.0026564943,-0.0036358475,-1.1559691e-06,-2.3161268e-05,-0.00094196486,0.002100579,0.0056934496
-0.0011798644,-0.005068052,0.00019329786,0.0014082731,0.004482949,-0.0045027533,0.003232311,-0.0054224283,-0.0009443995,0.0062160227,0.0023424912,-0.0020336194,0.0022366417,-0.0002625723,0.00054363505,-0.0012712767,-0.00066920463,-0.0034319882,-0.0011289358,0.0014885302,0.0025194748,-8.595786e-05,-4.1396226e-05,2.6962892e-08,0.0033492686,0.00050984527,-0.0013302555,0.0006079704,-0.0005703993,-5.9769645e-05,0.009307223,0.00019967835,-0.0032939862,0.0013567219,-0.010320589,0.00038399652,-0.0018073282,-5.1397336e-07,-1.793259e-05,-0.0010271778,0.0013615134,0.0060059894
-0.0008447836,-0.0072625326,0.0011160433,0.0006543568,0.0023910904,-0.0044095134,0.0017292638,-0.0025862234,-0.0012656129,0.002108348,0.0009489601,0.00265162,0.00038579747,0.0025744373,0.004271081,-0.002260029,-0.0010909757,-0.004581359,0.00039592246,0.0032959748,0.0034217215,-6.154588e-05,-5.9320904e-05,1.5567558e-07,0.001556244,0.00027193842,-0.0013027096,0.00032525993,-0.00027205155,-8.009876e-05,0.0031568205,8.089114e-05,0.0042950017,0.00023402044,0.10119006,0.0030168775,-0.0032130016,-8.3790883e-07,-2.3938204e-05,0.00036023548,0.003014728,0.008156789
-0.0026009236,-0.0042602196,9.921619e-05,0.000775301,0.0042705685,-0.0030530063,0.0010661847,-0.00386784,-0.0036178385,0.004328209,-0.0010255557,0.0016391559,0.002075634,0.0016846545,0.0032287887,-0.0014331951,-0.0026759251,-0.0031829139,-0.0007732377,0.0012571989,0.0011698847,-0.00018948772,-3.479779e-05,1.383955e-08,0.0018438833,0.00048569127,-0.0009019545,0.00020054034,-0.00040686812,-0.00022896763,0.0064806086,-8.7420296e-05,0.0026550477,0.0012590564,0.06621653,0.0022806544,-0.0020375217,-2.0552075e-06,-1.6631144e-05,-0.000703541,0.0011499216,0.0027888014
-0.00079281,-0.0059232116,0.0017410382,0.0011611313,0.0029604165,-0.0048633683,0.0029767258,-0.0029975635,-0.0025649667,0.006842686,-0.0019454742,0.000578672,0.0023222272,0.0034017786,0.003360493,-0.0013691687,-0.0006839016,-0.0035084754,-0.0012691913,-0.00036210573,0.00034140525,-5.775939e-05,-4.8381233e-05,2.4285538e-07,0.002761496,0.00033668784,-0.0014367927,0.000559897,-0.0003153215,-0.00016233294,0.010245524,-0.00016583588,0.0009373128,0.0014086372,0.1337093,0.0023736837,-0.0019464977,-5.2526116e-07,-1.8332246e-05,-0.0011547911,-0.00033120712,0.0008138507
-0.0014813454,-0.0057517714,0.0007602755,0.0012069346,0.005971603,-0.005322368,0.00109882,-0.005939968,-0.0012355144,0.006282217,-0.0005883211,0.0010796132,0.001281805,0.00070371747,0.0033366838,-0.0016710635,-0.00065749395,-0.005391431,-0.0003257366,0.002964938,0.0035279598,-0.00010792196,-4.6980895e-05,1.06049946e-07,0.002870429,0.00067914976,-0.0015723956,0.00020667877,-0.0006248407,-7.819388e-05,0.009406337,-5.01496e-05,0.00174872,0.0007775286,0.02766011,0.0023568661,-0.0023756905,-5.0497914e-07,-2.8170938e-05,-0.00029637592,0.0027119387,0.008410042
-0.0025772192,-0.0047881473,0.00068966585,0.000252814,0.004441845,-0.004864682,0.0007985148,-0.0031154098,-0.0027506666,0.0041158814,0.0008341498,-7.8769925e-05,0.0025569855,0.0013980364,0.0014775151,-0.0019404544,-0.0023493292,-0.004195645,-0.00045773986,-0.00019520195,7.165418e-05,-0.00018776076,-3.9109942e-05,9.620069e-08,0.0006012626,0.00050517055,-0.0014371807,0.0001501939,-0.00032771804,-0.00017408561,0.0061626914,7.11045e-05,-0.00012758879,0.0015510388,0.0549508,0.0010436425,-0.0027586739,-1.8043698e-06,-2.1922797e-05,-0.0004164809,-0.00017854529,0.00017081111
-0.0022770404,-0.0059465477,0.000901397,0.0024413539,0.0029807668,-0.0033966578,0.00053358753,-0.0031509215,-0.0039213584,0.005334621,-0.00043343243,-7.38487e-05,0.002275471,0.002654483,0.00241171,-0.0015956454,-0.002746161,-0.002999704,-0.0014560141,0.0008461497,0.0008530188,-0.00016589153,-4.8571845e-05,1.2573481e-07,0.0058062244,0.00033900226,-0.00100348,0.00010036331,-0.00033145363,-0.00024817695,0.007987505,-3.6946596e-05,-0.00011961756,0.0013802754,0.10433632,0.0017035111,-0.0022684715,-2.1091512e-06,-1.567385e-05,-0.0013247745,0.0007739474,0.0020334483
-0.003271277,-0.0028054628,-0.00014591988,-0.0012106234,0.00357431,-0.004545471,0.00075529906,-0.0030525175,-0.0026888556,0.0027840994,0.0005492505,-0.0004306257,0.002564101,0.0009244367,0.0010672435,-0.0018301104,-0.0028910367,-0.0036403004,-0.0002942679,-5.7919533e-05,-0.00029844718,-0.00023832567,-2.2915228e-05,-2.0354195e-08,-0.0028792021,0.0004065059,-0.0013428758,0.00014206537,-0.00032110224,-0.00017017369,0.00416862,4.6819147e-05,-0.0006975125,0.001555355,0.036335632,0.0007538473,-0.0026018019,-2.2204208e-06,-1.9021049e-05,-0.0002677437,-5.2977237e-05,-0.00071144616
-0.0016894367,-0.004850461,0.0007273421,-0.0004621024,0.0024783355,-0.0040676706,0.003310537,-0.0031382383,-0.0014273146,0.004631695,0.0018488389,-0.0023632247,0.0007802227,0.00029163808,0.0007161938,-0.002184059,-0.0010704224,-0.0029794988,-0.0012500682,0.0014673381,0.0031956735,-0.00012308224,-3.9618928e-05,1.014561e-07,-0.0010990092,0.00028186082,-0.0012017183,0.000622684,-0.00033011945,-9.033262e-05,0.0069350167,0.00015759851,-0.0038278694,0.00047327438,0.011463039,0.00050588336,-0.0031049978,-8.221231e-07,-1.5568274e-05,-0.0011373918,0.0013421295,0.0076179295
-0.0031055105,-0.0038680076,-0.00044997764,-0.000573045,0.0024300825,-0.0032987632,0.00038436646,-0.0035667694,-0.003063639,0.0042314925,-5.437024e-05,-0.00018336915,0.0025862688,0.00021273107,0.00044587578,-0.0014537052,-0.0025370591,-0.003710235,-0.0004852859,0.00071201124,0.0007802529,-0.0002262489,-3.1594172e-05,-6.276686e-08,-0.0013628617,0.000276373,-0.0009745588,7.229608e-05,-0.00037519773,-0.00019389317,0.0063357954,-4.6346217e-06,-0.00029701498,0.0015688018,0.0083615435,0.00031494428,-0.0020666802,-1.9485533e-06,-1.9386467e-05,-0.00044154405,0.0006512551,0.0018599872
0.00018897397,-0.0053808466,-0.00070791994,0.00057406083,0.006652231,-0.008177083,0.0025858455,-0.0077800155,0.0010613445,0.008127691,-0.00012634296,-1.1301483e-05,0.0022520141,0.0048363544,0.0074388655,-0.0034556673,0.0009804757,-0.004618967,-0.00072481274,0.0027420945,0.0016359594,1.37675115e-05,-4.3951153e-05,-9.874692e-08,0.0013652777,0.00075655745,-0.0024157686,0.0004863757,-0.0008184,6.717092e-05,0.012169557,-1.07697115e-05,-1.830575e-05,0.0013660466,0.1900963,0.0052544414,-0.0049127974,7.530408e-07,-2.413471e-05,-0.0006594808,0.0025081106,0.0038998425
-0.0013602374,-0.0060830363,0.00053148443,0.0011891306,0.0050243353,-0.0034753091,0.0020857113,-0.005208243,-0.0032060044,0.0047817533,-0.003782732,0.0007648301,0.0032636295,0.0020751157,0.0041667763,-0.0015441692,-0.001252895,-0.0027308716,0.00036246813,0.00017480663,0.0016443575,-9.9098754e-05,-4.9686692e-05,7.413614e-08,0.002828086,0.0005714171,-0.0010267161,0.0003923047,-0.0005478686,-0.00020290326,0.0071596983,-0.0003224472,0.0012388452,0.0019796812,0.081563875,0.002943202,-0.0021952896,-9.622687e-07,-1.4269163e-05,0.0003297966,0.00015989032,0.003919862
-0.0020021754,-0.0040879333,-0.0003042551,-0.00030342716,0.003764581,-0.0039301612,0.0024786624,-0.004184407,-0.003119208,0.0036821302,-0.0013238201,-0.00089011475,0.0016069642,0.00020743755,0.0022133943,-0.0011124557,-0.0023042571,-0.0020835535,-0.001031575,0.0019610655,0.0016784781,-0.00014586652,-3.3390545e-05,-4.244019e-08,-0.0007216349,0.00042814534,-0.0011610938,0.00046621548,-0.00044016866,-0.00019741005,0.005513238,-0.000112844915,-0.001441777,0.0009747665,0.008153479,0.0015634308,-0.0015815381,-1.7697529e-06,-1.0886842e-05,-0.0009385927,0.001793727,0.0040011997
0.0036727372,-0.010575093,0.0031701166,0.0055602663,0.010279204,-0.00978289,0.0073319334,-0.011464503,0.005182822,0.0056951996,0.004769265,0.003308392,-0.0027152293,0.011386221,0.008840055,-0.0043843873,0.0021431155,-0.0040929,0.00040172494,0.0021368235,0.0031160158,0.00026757363,-8.6378146e-05,4.4219587e-07,0.013223873,0.0011690527,-0.0028901747,0.0013790748,-0.0012059808,0.00032801312,0.008527398,0.00040654113,0.0053588185,-0.0016470278,0.4475434,0.006244172,-0.006233125,1.6459903e-06,-2.1385942e-05,0.00036551498,0.0019544875,0.0074280393
-0.0014871733,-0.005700514,0.00021556555,0.0012393787,0.00781507,-0.0054184515,0.0019171834,-0.008654876,-0.0012081375,0.0049014986,0.0007895762,-0.00045000034,0.0011734631,0.0018529901,0.001641589,-0.000847943,-0.0009051901,-0.004404488,-0.00011233491,0.0017709603,0.002268355,-0.00010834654,-4.656222e-05,3.0068986e-08,0.0029475903,0.00088880706,-0.0016007817,0.000360606,-0.0009104288,-7.6461234e-05,0.007338993,6.7304965e-05,-0.0007288949,0.0007118096,0.072833076,0.0011595362,-0.00120549,-6.952188e-07,-2.301403e-05,-0.00010220946,0.0016198435,0.005407364
-0.0013887347,-0.006261658,0.0005677233,0.001322384,0.0050176927,-0.004618962,0.0012015909,-0.005399578,-0.0017026871,0.005366956,0.00019777694,5.799852e-05,0.0014613951,0.0029354673,0.0016220082,-0.0017863931,-0.0012057185,-0.0039485805,-0.001299096,5.4354517e-05,0.0014511421,-0.00010117489,-5.1145686e-05,7.919106e-08,0.003145,0.0005706616,-0.0013645872,0.0002260091,-0.0005679956,-0.00010776054,0.00803592,1.685888e-05,9.394399e-05,0.00088646595,0.1153806,0.0011457052,-0.0025396505,-9.2603545e-07,-2.0631853e-05,-0.0011820004,4.9716426e-05,0.0034592703
0.0013745949,-0.010469316,0.0021022363,0.0037606694,0.0068718763,-0.005309553,0.0029594712,-0.005712397,0.0010534711,0.0037994524,0.002262804,0.005040619,-0.0013798459,0.004124786,0.009177538,-0.0037026987,0.0013209062,-0.0058543603,0.001355391,0.006712057,0.0075322366,0.00010014475,-8.551415e-05,2.932385e-07,0.008943927,0.0007815377,-0.0015686096,0.00055665156,-0.00060090184,6.667263e-05,0.005688904,0.00019288567,0.00816462,-0.0008369991,0.1621276,0.0064825523,-0.005263993,1.0145038e-06,-3.0589803e-05,0.0012332211,0.0061393147,0.017955542
0.00048042554,-0.0056130434,0.0013198821,-0.00022419603,0.0030634522,-0.004235629,0.0054215733,-0.0025091101,-0.0015129858,0.003313316,-0.00011305837,0.0015087985,-0.0029292016,7.614039e-05,0.0029763673,-0.0024005007,-4.6049943e-05,-0.0030047675,-0.0019095689,0.004301945,0.005142023,3.500093e-05,-4.5847755e-05,1.8410881e-07,-0.00053320103,0.00034840606,-0.0012513386,0.0010197521,-0.00026393982,-9.575463e-05,0.004961014,-9.637309e-06,0.0024438994,-0.001776821,0.0029927515,0.0021023566,-0.0034127051,-3.536802e-08,-1.5700305e-05,-0.0017374476,0.003934859,0.012257688
0.001995863,-0.013601503,0.0029021606,0.005450676,0.007988209,-0.0051945304,0.004018625,-0.012348179,0.0022975365,0.006792361,0.0032371972,0.003276642,-0.0012922268,0.011952713,0.008022466,-0.0043397616,0.00074417866,-0.0009867905,-3.5809877e-05,0.002604594,0.0038135091,0.00014540662,-0.00011109809,4.04819e-07,0.012963237,0.00090849807,-0.0015346283,0.0007558694,-0.001298937,0.00014540768,0.010170173,0.0002759448,0.005307391,-0.0007838504,0.46980977,0.0056666676,-0.0061696824,5.7155614e-07,-5.1561105e-06,-3.258211e-05,0.002382343,0.009090742
-0.002158247,-0.0028872513,-0.00011718895,0.00023193422,0.0033887313,-0.004710109,0.0013861079,-0.003246106,-0.00230949,0.0049039954,0.00026143048,0.00063857087,0.0016759345,0.0009131033,0.0029736403,-0.0017361732,-0.0014371576,-0.00440694,-0.0011672108,0.0015940911,0.0009941513,-0.00015723695,-2.3583283e-05,-1.634655e-08,0.0005516046,0.00038540002,-0.001391515,0.0002607152,-0.0003414663,-0.0001461642,0.007342731,2.2284827e-05,0.0010343349,0.0010166032,0.035890166,0.0021004304,-0.0024682547,-1.103789e-06,-2.3026843e-05,-0.0010620027,0.0014580666,0.0023698837
-0.0011780544,-0.005614642,-0.0009085433,0.0021104503,0.0066875676,-0.004492095,0.0029451065,-0.008835115,-0.001746494,0.0050033345,0.0006620545,0.0015015837,0.0018826821,0.006719573,0.0056697694,-0.0012232596,-0.001084361,-0.0034287728,-0.00032613132,0.0011666833,0.0012099701,-8.582599e-05,-4.5860812e-05,-1.2673165e-07,0.005019243,0.0007605763,-0.0013271068,0.0005539497,-0.0009293886,-0.000110533016,0.0074914712,5.6434772e-05,0.0024322132,0.0011420139,0.26411754,0.0040048407,-0.001739064,-8.328285e-07,-1.7915789e-05,-0.00029673506,0.0010671298,0.0028843582
-0.00336883,-0.0040791226,-0.0002328085,-0.00080541335,0.0032200294,-0.004428873,7.75326e-06,-0.0030547075,-0.0020884566,0.0036889582,0.0011659939,-0.0010579114,0.0030002943,0.0011593377,0.00016716134,-0.0021243428,-0.0033439356,-0.0036324593,-0.00019565079,-0.0003132918,-0.00016870533,-0.00024543278,-3.3318574e-05,-3.2474187e-08,-0.0019154989,0.0003662136,-0.0013084289,1.4583228e-06,-0.00032133263,-0.00013217532,0.0055234614,9.939151e-05,-0.0017135682,0.001819945,0.04556858,0.00011807439,-0.0030201015,-2.5682637e-06,-1.8980078e-05,-0.00017801556,-0.0002865585,-0.00040216415
-3.4910627e-05,-0.0075566517,0.0005197931,0.003653977,0.004098112,-0.0050196126,0.0040756566,-0.0072398097,-0.0007048622,0.009852327,0.0025628225,0.00028536926,0.0033592572,0.004309764,0.004495672,-0.0002633169,0.0006748291,-0.0044680266,-0.0009066215,0.0023166349,0.0035708887,-2.5433792e-06,-6.1723294e-05,7.250533e-08,0.008690182,0.00046607782,-0.0014829522,0.0007665966,-0.00076157437,-4.4609682e-05,0.014751847,0.00021845981,0.0004622312,0.002037688,0.16939831,0.0031755173,-0.00037434814,5.182932e-07,-2.3346027e-05,-0.00082490203,0.0021189556,0.008512377
-0.001848103,-0.004306395,-0.00058897544,0.00048371646,0.0024621524,-0.0042000883,0.0019867914,-0.00503917,-0.0017800046,0.005256246,0.00023045277,1.6277481e-05,0.0027194833,0.0015697606,0.0020587351,-0.0010208398,-0.0013919546,-0.0029730343,-0.0006784759,0.0004286944,0.0005546877,-0.00013464173,-3.5174955e-05,-8.2155495e-08,0.0011504134,0.0002800203,-0.0012408388,0.00037369868,-0.0005300834,-0.000112653855,0.007870154,1.9644229e-05,2.6365698e-05,0.0016496083,0.06170054,0.0014541872,-0.001451291,-1.0690715e-06,-1.5534495e-05,-0.0006173206,0.00039211372,0.001322279
-0.00111372,-0.00588666,0.00091423537,0.000131765,0.0056278836,-0.006024719,0.0028445814,-0.005608281,-0.0003900868,0.005012307,0.0030752423,-0.0020069145,0.001005447,0.0033582875,0.0022406254,-0.0028245044,-0.0003625697,-0.003922316,-0.0006837457,0.0017411322,0.0028186976,-8.113897e-05,-4.8082675e-05,1.2752562e-07,0.00031337413,0.00064005854,-0.0017798924,0.00053504173,-0.00058994966,-2.4688015e-05,0.0075049056,0.00026213945,-0.0032507305,0.00060989294,0.13199985,0.0015826655,-0.004015496,-2.7846664e-07,-2.0494617e-05,-0.00062211545,0.0015925608,0.0067192847
-0.0020466568,-0.0061589396,-0.000380146,0.001280769,0.002619255,-0.0027713724,0.0015172947,-0.005212377,-0.0027731028,0.005486443,-0.00044072027,0.0006592015,0.0024386903,0.0022908081,0.0022233007,-0.0003945107,-0.002330168,-0.0023402357,-0.0007905798,-0.00042728253,0.0008486438,-0.00014910716,-5.0306677e-05,-5.302612e-08,0.003046028,0.00029788757,-0.00081875094,0.00028539033,-0.0005483035,-0.00017550557,0.008214828,-3.7567825e-05,0.0010677518,0.0014792823,0.090041816,0.0015704281,-0.0005608616,-1.7896533e-06,-1.222804e-05,-0.0007193199,-0.00039082236,0.0020230191
-0.002182879,-0.004438387,0.0005262265,0.0011791593,0.0052708155,-0.0039928015,0.0018292483,-0.0052068876,-0.003021826,0.0031087876,0.00012299989,0.0006433618,0.002363157,0.0009264097,0.00092224334,-0.001161257,-0.0026749643,-0.0030411473,-0.0002543509,5.3498632e-05,2.792009e-05,-0.0001590315,-3.6253077e-05,7.340272e-08,0.0028043715,0.0005994492,-0.0011795997,0.00034406615,-0.000547726,-0.00019124689,0.004654774,1.0484742e-05,0.0010420951,0.0014334647,0.03641318,0.00065142644,-0.0016509172,-2.0544694e-06,-1.5890395e-05,-0.00023142465,4.8933573e-05,6.655664e-05
-0.0013321993,-0.0074544298,0.0014617183,0.0011036663,0.0009991968,-0.004938161,0.0012814815,-0.0012322041,-0.0019527872,0.0025999034,0.0033729067,-0.0024681294,0.0001923698,0.0046097273,0.0010989099,-0.0022685952,-0.0027354714,-0.0040820045,-0.0007481033,-0.0025333827,0.0010695328,-9.7056065e-05,-6.0888335e-05,2.0389338e-07,0.002624828,0.00011363853,-0.0014588888,0.00024103584,-0.00012961875,-0.00012358901,0.003892824,0.00028751293,-0.00399779,0.00011668937,0.18118857,0.0007762148,-0.0032251799,-2.100941e-06,-2.1329011e-05,-0.00068067206,-0.0023172083,0.00254958
0.0062068393,-0.009579636,-0.00046066352,0.004895006,0.005893616,-0.010335451,0.009531249,-0.010017414,0.0058907806,0.015292471,-0.002300088,0.0040650195,0.00050930027,0.012421336,0.013800513,-0.00015243446,0.0057479357,-0.002951055,-0.0024190892,0.00282904,0.0006051537,0.00045219314,-7.8247176e-05,-6.4257414e-08,0.011641697,0.00067028025,-0.0030534186,0.0017927475,-0.0010537577,0.0003728188,0.022897352,-0.00019606383,0.0065843775,0.00030893585,0.48822933,0.00974799,-0.00021671056,4.4146227e-06,-1.5419651e-05,-0.0022010417,0.002587637,0.0014425811
0.0015414339,-0.013794555,0.002501773,0.0076666614,0.0063712522,-0.0037068464,0.0012380185,-0.010833547,-0.00014813524,0.0063097468,0.0028780857,0.0044547333,-0.00016915076,0.011480171,0.008842541,-0.0025876286,0.00012252433,-0.001998622,0.00028045266,0.005578711,0.0065086344,0.00011229964,-0.00011267495,3.489694e-07,0.01823347,0.0007246018,-0.0010951195,0.00023286082,-0.001139609,-9.37526e-06,0.009447557,0.00024533345,0.0072156223,-0.000102604965,0.4512362,0.0062459274,-0.0036787381,9.410312e-08,-1.0443063e-05,0.0002551737,0.0051026777,0.015515452
-0.0006678412,-0.0071935244,0.0009569711,0.001102105,0.005180453,-0.005416684,0.0017187643,-0.0048546307,-0.0014893829,0.0071020005,0.0006846498,0.0004645795,0.0019263556,0.002980553,0.00352366,-0.0024083096,-0.0001685794,-0.004973967,-0.0010731525,0.0029427256,0.0031397534,-4.865491e-05,-5.875724e-05,1.3348678e-07,0.002621115,0.0005891723,-0.0016002596,0.00032328506,-0.00051067123,-9.426084e-05,0.010633795,5.8360838e-05,0.00075250975,0.0011685059,0.11715273,0.0024889365,-0.0034238067,-1.2947508e-07,-2.5989633e-05,-0.00097642257,0.0026916217,0.0074846256
0.00016808254,-0.00422697,-0.0025469847,0.0008494144,0.002960031,-0.0051308204,0.0032737819,-0.0070563955,0.00084052887,0.009968111,-0.0019970362,-0.0010060598,0.0026775256,0.0016084928,0.005490806,-0.00045530708,0.0010875503,-0.002988117,-0.00226198,0.0026603197,0.003720589,1.2245488e-05,-3.4526205e-05,-3.5527592e-07,0.0020201458,0.00033664398,-0.0015158064,0.0006157707,-0.00074228056,5.3195825e-05,0.01492521,-0.00017023113,-0.0016295807,0.0016241572,0.06322294,0.00387843,-0.00064729364,8.35278e-07,-1.5613305e-05,-0.0020580937,0.0024333135,0.008869236
-0.0019943719,-0.005104418,0.0009091812,0.002470309,0.0040724953,-0.0032835328,0.0014827881,-0.005143995,-0.0037831105,0.0042851004,-0.0009801382,0.001299167,0.0031752647,0.0022117689,0.0022681793,-0.0007738998,-0.0021953061,-0.0026184812,0.000900339,0.0016587354,0.0015677131,-0.00014529799,-4.1693263e-05,1.2682062e-07,0.0058750873,0.0004631644,-0.0009700593,0.0002788999,-0.0005411102,-0.00023942746,0.0064160624,-8.3548824e-05,0.0021043457,0.0019260801,0.086935125,0.0016021281,-0.0011002254,-1.6860746e-06,-1.3681909e-05,0.0008191858,0.0015171949,0.0037371553
-0.0010206844,-0.008293604,0.00031601876,0.002140365,0.0065859957,-0.0050465316,0.0015412061,-0.007399757,-0.0019390909,0.007431052,-0.0011362955,-0.00073135394,0.00041755743,0.0049152826,0.005214836,-0.0012433458,-0.00014474243,-0.004891307,-0.0013616777,0.003538127,0.0050814147,-7.436095e-05,-6.774277e-05,4.4081087e-08,0.0050903885,0.0007490245,-0.0014909048,0.00028988786,-0.00077839964,-0.0001227222,0.011126482,-9.685997e-05,-0.0011846217,0.0002532857,0.19319864,0.0036834986,-0.0017676197,-1.11167424e-07,-2.5557723e-05,-0.0012389411,0.0032362174,0.012113209
-0.0015570549,-0.003480509,-0.00085444923,0.00061940623,0.0049442723,-0.005363498,0.002322516,-0.0063771745,-0.001630037,0.0050180545,0.00030579296,0.00032389135,0.0029977132,0.0027170382,0.003094682,-0.0013013795,-0.0013830187,-0.0034795033,0.00029141153,0.0007348277,6.924631e-05,-0.0001134377,-2.8429055e-05,-1.19186126e-07,0.0014731218,0.0005623115,-0.0015845466,0.00043684564,-0.00067083153,-0.00010316262,0.0075135115,2.6066367e-05,0.000524628,0.0018183794,0.10679509,0.0021859282,-0.0018501242,-1.0622084e-06,-1.8180863e-05,0.0002651448,0.0006721246,0.00016507115
-0.0012306338,-0.007016898,0.0006525742,0.0026621397,0.004874496,-0.0036019443,0.0027186023,-0.007719022,-0.0037926752,0.0037032415,0.00018185805,0.0016465944,0.00177785,0.0045777634,0.0039196545,-0.0005869797,-0.0016745193,-0.002391651,0.0007054956,0.0011731116,0.0009885362,-8.965661e-05,-5.7314544e-05,9.102681e-08,0.006331315,0.0005543758,-0.0010641281,0.00051134615,-0.000811984,-0.0002400328,0.0055448473,1.5501922e-05,0.0026670964,0.0010784239,0.17993219,0.0027686474,-0.0008344878,-1.2860914e-06,-1.2496692e-05,0.0006419049,0.0010730096,0.0023564983
-0.0032363238,-0.003809586,5.783065e-05,-7.7626755e-05,0.003312281,-0.0030950897,0.0017860834,-0.0025336482,-0.0039764293,0.002033384,0.0004982096,-0.00013869698,0.0017672688,-0.000259527,0.00015194039,-0.0014664206,-0.004342764,-0.0027483446,-0.00094483985,7.262782e-05,-0.0004668228,-0.00023577918,-3.111698e-05,8.0667295e-09,-0.0001846182,0.00037670534,-0.0009143873,0.0003359472,-0.00026652103,-0.0002516623,0.003044577,4.2468324e-05,-0.00022465656,0.0010720055,-0.010200891,0.000107323074,-0.0020847572,-3.3354002e-06,-1.4360462e-05,-0.0008596755,6.643046e-05,-0.0011128243
0.0033767037,-0.012186548,0.0032610039,0.0034156102,0.0013237225,-0.0063206176,0.00492583,-0.004771383,-0.00046402775,0.011704022,-0.00238257,0.0007952408,-0.000105067855,0.007829135,0.007734262,-0.00048996555,0.0034582356,-0.00354765,-0.0029272577,0.0050342614,0.0046066823,0.0002460064,-9.954062e-05,4.5487363e-07,0.00812328,0.00015054681,-0.0018673101,0.000926507,-0.0005019142,-2.9367628e-05,0.017524382,-0.00020309475,0.0012881034,-6.373299e-05,0.30772966,0.005463095,-0.0006965663,2.6560501e-06,-1.8536939e-05,-0.0026634056,0.004604686,0.010981529
-0.00051644305,-0.0028869007,-0.0001620354,0.0032310197,0.0036310372,-0.005647191,0.0040162955,-0.00437636,-0.002627225,0.006778596,0.003922426,-0.00048833207,0.0035172272,0.0028054558,0.0012915006,-0.00061874697,-0.00057522766,-0.0034488358,-0.0018814629,0.0008684482,-0.00077813433,-3.7624948e-05,-2.3580418e-05,-2.2602128e-08,0.0076842713,0.00041295745,-0.0016683586,0.00075543125,-0.0004603607,-0.00016627317,0.010149563,0.000334355,-0.0007909833,0.0021335108,0.11027041,0.0009122513,-0.00087965024,-4.4179566e-07,-1.802062e-05,-0.0017118749,0.0007943432,-0.0018549368
-0.0031850114,-0.0030857055,0.0003876004,0.00010056351,0.0034797199,-0.0041034445,0.0009902049,-0.0033628964,-0.0035877943,0.0021834457,0.003742616,-0.0015476013,0.0022019565,0.0021890937,-0.0005940945,-0.0012884144,-0.0030547795,-0.0032758606,-0.00019055439,-0.0006021353,-0.0006366832,-0.00023204087,-2.5204272e-05,5.4065925e-08,0.00023916825,0.00039574812,-0.0012122871,0.00018624918,-0.0003537518,-0.00022706618,0.0032692638,0.00031902763,-0.0025067509,0.0013356822,0.086043864,-0.00041963856,-0.0018316922,-2.3461812e-06,-1.7116803e-05,-0.00017337853,-0.0005507549,-0.0015177419
-0.0005662469,-0.008469248,0.00076273165,0.005016965,0.0075955945,-0.0044440352,0.0028925631,-0.010735196,-0.0012150777,0.007048367,0.0017630528,0.0021213375,0.0023618906,0.008443499,0.0066766087,-0.0006588803,-0.00047655962,-0.0032676498,2.968969e-05,0.0028632083,0.0040228805,-4.125336e-05,-6.917745e-05,1.0639255e-07,0.01193175,0.0008638461,-0.0013129084,0.0005440667,-0.0011292632,-7.690047e-05,0.010553489,0.00015028594,0.0034360688,0.0014326965,0.33187765,0.0047160215,-0.00093670626,-3.6601503e-07,-1.70739e-05,2.7013573e-05,0.0026188896,0.009589847
-0.0012992395,-0.0056058113,0.0002905119,-0.0008074024,0.0027053664,-0.0043456806,0.0024434603,-0.003202363,-0.0014807669,0.0038426816,-0.0007089465,0.00042687787,0.0009393628,0.001572572,0.0031815586,-0.0016771416,-0.000703912,-0.0032435239,-0.0007429697,0.0021524723,0.0020777588,-9.465481e-05,-4.578868e-05,4.0523165e-08,-0.0019202294,0.000307681,-0.0012838513,0.00045959424,-0.00033686488,-9.371554e-05,0.005753631,-6.0431932e-05,0.00069144194,0.00056980696,0.06181105,0.0022472935,-0.0023843318,-5.406299e-07,-1.6947839e-05,-0.0006760012,0.001968801,0.0049530156
6.359047e-05,-0.009544229,0.0005250135,0.00032126272,0.006750436,-0.007634638,0.0016261066,-0.008385517,0.0025094738,0.008917088,0.002622878,-0.002273791,0.00069450645,0.007664101,0.0057100127,-0.002934985,0.0003697849,-0.005889278,-0.0007110634,0.0024309196,0.0048249923,4.632821e-06,-7.795797e-05,7.3233515e-08,0.00076405285,0.00076772633,-0.002255513,0.0003058569,-0.00088209426,0.00015882088,0.013351517,0.00022357906,-0.0036830078,0.00042127987,0.30124286,0.0040332666,-0.004172562,2.8400817e-07,-3.077225e-05,-0.0006469708,0.0022234882,0.011501942
-0.0021227766,-0.0059294766,0.00035706017,0.00071537006,0.0021306046,-0.0038244668,0.00054261985,-0.003997891,-0.0030237543,0.004670495,0.00046171396,-0.00023231056,0.0024122864,0.0017648528,0.0009247799,-0.0009199756,-0.0022782907,-0.003573765,-0.0005094389,0.0013137455,0.0011397456,-0.0001546528,-4.8432405e-05,4.9805905e-08,0.0017013507,0.00024231341,-0.0011298683,0.00010206221,-0.00042054855,-0.00019136893,0.006993112,3.935737e-05,-0.00037628858,0.001463266,0.06936878,0.0006532181,-0.001307896,-1.7498097e-06,-1.8673392e-05,-0.00046352,0.0012016431,0.0027169553
-0.0020785206,-0.007866866,0.0035614213,0.0049508885,0.0075515024,-0.004575271,0.00023622808,-0.0059210304,-0.00086677703,0.003319536,0.0035608385,0.0030293453,0.0029233065,0.004479777,0.0018439832,-0.0038690465,-0.0025868344,-0.004761548,0.0021450575,0.00010078412,0.0014266717,-0.00015142857,-6.425715e-05,4.967785e-07,0.011774601,0.0008588315,-0.0013516797,4.4432505e-05,-0.0006228486,-5.4857035e-05,0.004970327,0.00030353258,0.0049068285,0.0017732452,0.17608078,0.0013024972,-0.005500484,-1.9867823e-06,-2.4879715e-05,0.0019517101,9.218417e-05,0.0034009372
-0.0009850892,-0.0054190536,0.0007457843,0.0013293654,0.0033524686,-0.0029521994,0.0029029506,-0.0037629833,-0.0031220873,0.0052883863,-0.00033014687,0.0012709608,0.001967719,-0.000109234476,0.0013948777,-0.0016798788,-0.0010881494,-0.0028467888,-0.0010233748,0.0011169154,0.0021609352,-7.17677e-05,-4.4263234e-05,1.0402859e-07,0.0031616038,0.00038127587,-0.00087217294,0.0005460205,-0.00039583797,-0.00019759228,0.007918278,-2.814234e-05,0.002058658,0.0011935964,-0.0042935377,0.0009852716,-0.002388223,-8.357381e-07,-1.4874847e-05,-0.00093113165,0.0010216086,0.0051512937
0.001769695,-0.008783942,0.0029124147,0.006256606,0.005605298,-0.00629051,0.0036112801,-0.0033978892,-0.0042267777,0.0110935755,-1.4479156e-07,0.0019684487,0.0027659778,0.007168605,0.006518548,-0.0019553185,0.0012645868,-0.005453611,-0.0022339392,-0.00025868864,0.0007426666,0.00012892937,-7.174789e-05,4.0624934e-07,0.014879964,0.0006374899,-0.0018584153,0.0006792513,-0.0003574328,-0.0002675065,0.016610363,-1.2342305e-08,0.003188425,0.0016778113,0.28176704,0.0046043755,-0.0027798056,9.712485e-07,-2.8495835e-05,-0.0020325803,-0.00023661464,0.001770388
-0.0020675862,-0.0026159163,-0.0002645689,-0.00065504585,0.008006654,-0.0059236265,0.0017501779,-0.0051567694,-0.00088888686,0.0032875028,0.00016951835,-0.0016112833,-0.0007666531,3.6616984e-05,0.0016630434,-0.002656758,-0.001845836,-0.0039870963,-0.001224248,0.001994988,0.0029452313,-0.00015063195,-2.1367e-05,-3.6904407e-08,-0.0015578828,0.0009105958,-0.0017500264,0.0003291937,-0.00054245396,-5.6256333e-05,0.004922364,1.4450063e-05,-0.0026099007,-0.0004650432,0.0014392562,0.0011746904,-0.003777017,-1.417669e-06,-2.0833102e-05,-0.0011138988,0.0018247549,0.0070209187
-0.0012641922,-0.0069300113,-0.00125479,0.00018257761,0.004059536,-0.0047470015,0.0006506047,-0.007773174,-0.001421176,0.0026249269,-8.906041e-05,-0.0005921834,0.0009196779,0.0059477193,0.0038007516,-0.0020101708,-0.002053,-0.0016644526,-3.3524935e-05,-0.00020910305,0.000711927,-9.210147e-05,-5.6604847e-05,-1.7502919e-07,0.00043422077,0.00046169056,-0.0014024142,0.00012237325,-0.0008176803,-8.994412e-05,0.0039302916,-7.5916773e-06,-0.00095919805,0.00055786635,0.23377928,0.0026846603,-0.0028577873,-1.5767783e-06,-8.696984e-06,-3.0503123e-05,-0.0001912602,0.0016971101
-0.0003101437,-0.0066493745,0.0004390621,0.0023453417,0.005099137,-0.00510444,0.0021973636,-0.0049095657,-0.0020485993,0.008870151,0.0006725902,0.0012105491,0.0036305543,0.003594142,0.0045452304,-0.0021455477,0.00015185657,-0.004835614,-0.00095773116,0.00080257904,0.0011177898,-2.2595212e-05,-5.4312583e-05,6.124426e-08,0.0055778804,0.00057992426,-0.0015080128,0.00041330553,-0.00051645,-0.00012965282,0.013281238,5.7332858e-05,0.0019608054,0.0022022538,0.14127026,0.003210523,-0.0030502477,1.1663134e-07,-2.526672e-05,-0.00087140483,0.00073409465,0.0026646163
-0.0010894362,-0.0067231525,0.0013544385,0.0023887972,0.004922474,-0.003935489,0.002791001,-0.004894669,-0.0031953896,0.005866798,-0.0015692601,0.0018053968,0.0020630518,0.004544181,0.005117382,-0.0006420326,-0.0018628868,-0.0032573945,-0.0002821083,0.000749459,0.000898103,-7.93698e-05,-5.4915206e-05,1.8892904e-07,0.0056812298,0.0005598324,-0.0011626678,0.0005249637,-0.00051488297,-0.00020223147,0.008784331,-0.00013376669,0.002924319,0.0012514242,0.17861222,0.003614662,-0.00091275456,-1.4307645e-06,-1.7020315e-05,-0.0002566801,0.00068550743,0.0021409213
0.0002103122,-0.010426402,0.0036064452,0.0053231735,0.008640744,-0.005677037,0.003399307,-0.0073406296,0.0015970678,0.0068497327,0.0026261152,0.0028758089,0.0031636483,0.0073217787,0.005261118,-0.0042640283,2.885866e-05,-0.004741595,0.0007953753,-0.0021795426,0.0014797121,1.5322088e-05,-8.516363e-05,5.030588e-07,0.01266,0.0009827107,-0.001677176,0.00063938095,-0.00077217986,0.00010107605,0.010256075,0.00022385501,0.004658135,0.0019190337,0.28778765,0.0037161899,-0.006062015,2.2164496e-08,-2.477546e-05,0.00072368316,-0.0019935614,0.003527376
-0.0015750029,-0.004078093,-0.0008102172,-4.5343448e-05,0.0034090122,-0.0048686108,0.0014083597,-0.005419935,-0.0010442939,0.005094539,-0.0021325096,2.9135379e-05,0.0017806167,0.0009937725,0.0032526366,-0.0011352341,-0.0011554218,-0.0032253254,-0.0003725164,0.0021596425,0.0025961683,-0.00011474528,-3.3310167e-05,-1.13016256e-07,-0.00010783944,0.00038770656,-0.0014383415,0.00026490056,-0.00057013705,-6.609181e-05,0.007628031,-0.00018177913,4.7192476e-05,0.0010801022,0.039060924,0.0022974994,-0.0016139214,-8.874058e-07,-1.685275e-05,-0.00033893916,0.0019753594,0.0061888136
-0.0022149952,-0.005777382,0.000931365,0.0023181394,0.0031397457,-0.0032739115,0.0013153724,-0.0034257413,-0.0044055325,0.0036707565,0.0018007428,0.0003746589,0.0028148058,0.0023482451,0.0003442485,-0.0019343002,-0.003192128,-0.0032047282,-0.00015975849,-0.0005612917,-0.00057281926,-0.0001613713,-4.7190082e-05,1.2991502e-07,0.0055131856,0.0003570829,-0.0009672169,0.00024741044,-0.00036036264,-0.0002788196,0.0054962076,0.00015349871,0.0006068595,0.0017074298,0.092299424,0.00024315987,-0.0027499248,-2.4516698e-06,-1.6745127e-05,-0.00014535846,-0.00051339646,-0.0013655014
-0.0005414258,-0.004786969,0.0011194905,0.003335716,0.0046761283,-0.005685686,0.00400991,-0.004144079,-0.0040079416,0.006324958,0.003937853,0.00013954935,0.00360943,0.0010854157,0.0011761247,-0.0012655102,-0.0006354989,-0.004857021,-5.6487857e-05,0.0010071418,3.892326e-05,-3.944504e-05,-3.910032e-05,1.5615642e-07,0.007933268,0.0005318155,-0.0016797313,0.0007542302,-0.00043592643,-0.00025365668,0.009470332,0.00033567002,0.00022603718,0.00218944,0.042663027,0.0008307555,-0.0017991301,-4.8808613e-07,-2.5378575e-05,-5.1396255e-05,0.000921202,9.278628e-05
0.00062511116,-0.009549029,0.0012721657,0.0016574393,0.0013100312,-0.004200393,0.0024305296,-0.0048328023,-0.0015374534,0.008777652,-0.002029762,-0.0005443033,0.00054113544,0.004933777,0.0043999427,-0.00039776566,0.0009611135,-0.0027751576,-0.0026772753,0.0041781086,0.0042541726,4.5541856e-05,-7.799718e-05,1.774529e-07,0.0039418554,0.0001489897,-0.0012409288,0.0004571621,-0.000508375,-9.730315e-05,0.01314274,-0.00017302073,-0.00088164356,0.0003282467,0.19392556,0.0031078989,-0.00056548906,7.3816994e-07,-1.4500563e-05,-0.0024359557,0.003821589,0.010141207
-0.0022271397,-0.0046678106,0.00061063,0.0019253606,0.003567067,-0.0031415208,0.0020853465,-0.0035004679,-0.004551312,0.0036161914,0.0012371491,0.00068020425,0.002526072,0.0024125557,0.00038227916,-0.0014598288,-0.0024889773,-0.003661315,-3.1084288e-05,-0.0003966801,-0.00020059847,-0.00016225607,-3.8127022e-05,8.517607e-08,0.0045790477,0.0004056821,-0.00092810445,0.00039223608,-0.0003682233,-0.0002880458,0.005414508,0.00010545692,0.0011017713,0.0015322871,0.0948272,0.00027002284,-0.0020753858,-1.9116246e-06,-1.9130854e-05,-2.8282466e-05,-0.00036283123,-0.00047819185
0.0007452662,-0.007940346,0.0013964728,0.002644142,0.0053259535,-0.0045346348,0.0068024066,-0.0056789643,-0.00067959144,0.008213361,-0.0014347937,-0.0017967005,0.0011562984,-0.0009146391,0.0032763458,-0.0012377375,-1.055887e-05,-0.0022400322,-0.0012649926,0.003629556,0.0049884235,5.4295633e-05,-6.485734e-05,1.9479236e-07,0.006288511,0.0006057201,-0.0013396743,0.0012794753,-0.000597385,-4.3010336e-05,0.01229783,-0.00012230451,-0.002910233,0.0007013977,-0.03595053,0.0023142463,-0.0017596467,-8.109594e-09,-1.1704463e-05,-0.0011509709,0.0033198446,0.011891534
-0.0019214285,-0.0034724872,0.0006323323,-0.00014464858,0.0077294484,-0.0051397188,0.0023966383,-0.0058973012,-0.00087851053,0.0036783176,0.0019613293,-0.0012106115,-0.0002464964,-0.00031856447,0.0012132097,-0.0029973313,-0.0008755729,-0.0037665465,-0.001164898,0.0021189344,0.0034342026,-0.00013998378,-2.8363533e-05,8.8203294e-08,-0.0003440149,0.00087906927,-0.0015184353,0.00045078743,-0.00062035245,-5.559963e-05,0.0055075292,0.0001671874,-0.0019609064,-0.00014952196,-0.0125214,0.0008569505,-0.0042611975,-6.724717e-07,-1.9680701e-05,-0.0010598985,0.0019381249,0.0081865415
-0.0028378256,-0.0052009677,0.00017827656,-0.0005281781,0.002664498,-0.0029719004,0.00035076123,-0.0038480938,-0.0028059073,0.0019940448,-0.0009972518,-7.38824e-06,0.0009109038,0.002754895,0.00068167766,-0.0018085134,-0.0028820771,-0.0020070225,-0.00081011094,2.7012225e-05,0.0009084974,-0.00020674698,-4.248189e-05,2.4867589e-08,-0.0012561558,0.00030303307,-0.00087799324,6.5975226e-05,-0.00040479098,-0.0001775817,0.0029856747,-8.5007625e-05,-1.1967215e-05,0.0005525441,0.10828308,0.0004815029,-0.0025710983,-2.2135396e-06,-1.0486957e-05,-0.0007370906,2.4707262e-05,0.0021656996
-0.0005382444,-0.0041355663,-0.00026480798,0.0006882739,0.010473538,-0.0057128565,0.0033165184,-0.008661902,0.00063980697,0.0055296514,-0.0012822073,-0.0007590601,-0.0006302376,-0.0005397678,0.0031804,-0.0028440547,0.0006230625,-0.003987653,-0.0014112187,0.0036769714,0.0055120066,-3.9213264e-05,-3.3779612e-05,-3.6937756e-08,0.0016369085,0.0011911542,-0.0016877583,0.0006238091,-0.00091116794,4.0492436e-05,0.008279523,-0.00010929777,-0.0012294991,-0.0003822951,-0.021215951,0.002246475,-0.00404329,4.7853456e-07,-2.0836012e-05,-0.0012840166,0.003363214,0.013139664
0.0016868166,-0.009781016,0.003190279,0.0028781074,0.0027204957,-0.0067534745,0.0041039875,-0.0030837753,-0.0013111399,0.008334848,-0.00024046228,0.001541418,0.0006011664,0.004891502,0.0059611253,-0.0017163048,0.0013100712,-0.004507904,-0.0023127394,0.0025386624,0.0021513994,0.00012289136,-7.989207e-05,4.4500828e-07,0.0068449466,0.00030940166,-0.0019951896,0.0007719254,-0.00032439033,-8.29801e-05,0.012479732,-2.0497457e-05,0.0024967354,0.0003646608,0.19226393,0.0042106397,-0.0024400086,1.0061821e-06,-2.3554392e-05,-0.0021042777,0.0023220375,0.005128562
-0.0017158502,-0.0049605384,0.00024689504,0.00073523493,0.0070969034,-0.00665831,0.0012613761,-0.0057091713,-0.00068339263,0.006197054,0.0018163802,-0.0014041972,0.0022425728,0.004020914,0.00320182,-0.0035072581,-0.000837591,-0.005178797,-0.0010714746,0.0019171507,0.0022604908,-0.00012500657,-4.0518044e-05,3.44391e-08,0.0017485949,0.00080713,-0.001967075,0.0002372542,-0.00060056255,-4.3250908e-05,0.009278822,0.00015483166,-0.00227447,0.0013603197,0.15804484,0.002261605,-0.0049861423,-6.433002e-07,-2.7059896e-05,-0.0009748959,0.0017535595,0.0053886166
0.00059511093,-0.010072182,0.0021911596,0.0039137746,0.0053090067,-0.0061207367,0.0038912422,-0.0064554987,0.001950088,0.006036124,0.0022066592,0.0023515383,0.0011808806,0.008106653,0.0067094164,-0.0027025999,0.0002159141,-0.0032714596,-0.00022332289,0.0019904333,0.002007502,4.335622e-05,-8.227033e-05,3.056423e-07,0.009308054,0.0006037927,-0.0018082589,0.0007319098,-0.00067907065,0.00012341818,0.0090378625,0.00018809979,0.00380894,0.000716309,0.31863767,0.004739195,-0.0038421885,1.6582985e-07,-1.7093807e-05,-0.0002031934,0.001820589,0.0047855354
-0.001059327,-0.005464233,0.0012625518,0.0014039226,0.004883518,-0.006676042,0.0014130471,-0.0036912453,-0.002052309,0.0067397943,0.002155919,-9.4287156e-05,0.0024632004,0.0031000834,0.0023634038,-0.0028211824,-0.00077100284,-0.005139121,-0.0010253472,0.0016433346,0.0008513535,-7.717623e-05,-4.463226e-05,1.7611187e-07,0.0033389216,0.00055540196,-0.0019723137,0.00026578223,-0.0003882917,-0.0001298876,0.010091465,0.00018377461,-0.00015272306,0.0014941498,0.12185095,0.0016693899,-0.0040107733,-5.921581e-07,-2.6852584e-05,-0.0009329262,0.0015031083,0.0020294785
-0.0013392974,-0.0060803303,0.0013284633,0.00095135847,0.001971134,-0.002819218,0.0029032817,-0.0020955212,-0.0024037315,0.0042378865,-0.00030748645,-0.00082983664,0.00019484293,0.0013772543,0.0020648139,-0.0023205138,-0.0015255944,-0.0024812142,-0.0012284343,0.00024506176,0.003466626,-9.757319e-05,-4.9664588e-05,1.853058e-07,0.0022625972,0.00022417684,-0.000832886,0.0005460828,-0.00022043331,-0.0001521286,0.006345369,-2.6210724e-05,-0.0013441406,0.00011818954,0.054133944,0.001458481,-0.0032989907,-1.1717117e-06,-1.2964671e-05,-0.0011177078,0.00022415054,0.008263833
-0.0014810691,-0.0042370893,0.00041479775,0.0012822138,0.0036594535,-0.0058990717,0.0014847182,-0.0038553332,-0.0019623945,0.005441389,0.0012457003,-4.3500273e-05,0.0024638847,0.0030608063,0.0023415117,-0.0025179656,-0.0015121497,-0.003670777,-0.0010319715,0.00012561053,-0.00044326464,-0.00010790183,-3.460886e-05,5.785965e-08,0.0030494642,0.00041618923,-0.0017427722,0.00027926295,-0.0004055525,-0.00012419703,0.008147368,0.000106185835,-7.046023e-05,0.0014945649,0.12030714,0.0016539264,-0.0035797008,-1.1613857e-06,-1.9180294e-05,-0.0009389535,0.00011489214,-0.0010566658
-0.0021392102,-0.00579903,0.0011410326,0.00030936845,0.0030030352,-0.004042833,0.0015551858,-0.0039731544,-0.0029185174,0.0041072667,-0.0015798662,-0.0010242786,0.001809241,0.0015426887,0.00075192505,-0.000580744,-0.0027972953,-0.0027340672,0.00014316523,0.0010605716,0.0011524557,-0.00015585005,-4.7366906e-05,1.591613e-07,0.000735765,0.00034153485,-0.0011943806,0.0002925173,-0.00041794643,-0.00018470864,0.0061497926,-0.00013467077,-0.0016590909,0.0010974654,0.06063646,0.00053112215,-0.00082562276,-2.148424e-06,-1.4285861e-05,0.00013026086,0.00097007264,0.0027472537
-0.0012187974,-0.0046571353,-0.00081555627,-0.000861384,0.0034610736,-0.0047499165,0.0028227996,-0.00512561,-6.2095234e-05,0.0062988615,0.0024137562,-0.0026597849,0.0017950841,0.0012432871,0.0020911489,-0.0030337805,-9.4369054e-05,-0.002961532,-0.0016766385,0.0019674012,0.0037775366,-8.879428e-05,-3.8039827e-05,-1.1376099e-07,-0.0020486128,0.0003936275,-0.0014032754,0.0005309448,-0.0005391762,-3.9299152e-06,0.009431258,0.00020575312,-0.004308227,0.001088878,0.048868272,0.0014770827,-0.0043130163,-7.247885e-08,-1.5474394e-05,-0.0015255125,0.0017995222,0.00900499
0.00046197348,-0.0073124506,0.0023085095,0.001619884,0.009381604,-0.0058780657,0.00612744,-0.0066232765,0.001756541,0.0062531033,0.00017451253,0.0013453449,-2.6061665e-05,-0.0011331063,0.003763143,-0.003450906,0.0010045876,-0.00301126,-0.00064012007,0.002353506,0.004962597,3.3656623e-05,-5.9728638e-05,3.220113e-07,0.0038525388,0.0010669688,-0.0017365663,0.0011525197,-0.0006967196,0.000111168876,0.009362744,1.4875777e-05,0.002179143,-1.5808715e-05,-0.044537537,0.0026580954,-0.004906028,7.7155966e-07,-1.573423e-05,-0.000582422,0.0021526804,0.011829968
