AGE,CREDIT_SCORE,VEHICLE_VALUE,ENGINE_SIZE,MILEAGE_K,NCD_CAPPED,VEHICLE_AGE,LICENCEHELD_YEARS,UKRESIDENCY_YEARS,CLM_NUM_L5Y,DTI,NUMBER_OF_DRIVERS,OVERNIGHT_LOCATION,LICENCE_TYPE,MONTHOFINCEPTION,GROSSVEHICLEWEIGHT_K,AGE_SQUARED,AGE_X_NCD,LOG_VEHICLE_VALUE,EXPERIENCE_RATIO,NCD_RATE,AGE_raw,CREDIT_SCORE_raw,VEHICLE_VALUE_raw,ENGINE_SIZE_raw,MILEAGE_K_raw,NCD_CAPPED_raw,VEHICLE_AGE_raw,LICENCEHELD_YEARS_raw,UKRESIDENCY_YEARS_raw,CLM_NUM_L5Y_raw,DTI_raw,NUMBER_OF_DRIVERS_raw,OVERNIGHT_LOCATION_raw,LICENCE_TYPE_raw,MONTHOFINCEPTION_raw,GROSSVEHICLEWEIGHT_K_raw,AGE_SQUARED_raw,AGE_X_NCD_raw,LOG_VEHICLE_VALUE_raw,EXPERIENCE_RATIO_raw,NCD_RATE_raw
-0.004255497,-0.0030321663,0.0015093209,-0.0061793798,0.0015497128,-0.0024517637,0.0015878439,-0.0066120075,-0.001816627,0.0054395297,-0.001883367,0.005032204,0.0034047936,-0.00019103434,-0.00039329962,-0.0016501944,-0.004264272,-0.0021720796,-0.0008404649,0.0017781013,0.005060149,-0.00031003004,-2.476696e-05,2.1053341e-07,-0.014696298,0.00017624866,-0.00072432845,0.00029866002,-0.0006955342,-0.000114971626,0.0081445845,-0.00016054175,0.008150989,0.0020653098,-0.007508739,-0.00027780712,-0.0023460218,-3.2751152e-06,-1.13494025e-05,-0.00076470856,0.0016263752,0.012062514
-0.00340092,-0.001496827,0.0005234742,-0.0011030245,0.0037153424,0.0005520593,-0.0006001387,-0.0021398154,-0.0059456164,0.005971858,-0.00061961217,0.0062015657,0.0024686032,0.0044581783,-0.00011294562,-0.0016330315,-0.0038689298,-0.00092074875,-0.0002282692,-0.00043925596,0.0032069483,-0.00024777066,-1.2226194e-05,7.30188e-08,-0.0026233017,0.00042254545,0.00016309577,-0.00011288102,-0.00022509274,-0.00037628924,0.008941636,-5.2816908e-05,0.01004508,0.0014974271,0.17523183,-7.977912e-05,-0.0023216219,-2.9714781e-06,-4.8110333e-06,-0.00020769387,-0.0004017741,0.0076448065
-0.0033460984,-0.002671586,0.0005966377,-0.0016646055,0.0030386248,-0.0009474827,-0.0016283754,-0.0023567916,-0.0025190662,0.0031390805,-0.0015525874,0.0052687437,0.0019835418,0.0029817475,0.0011752187,-0.001783047,-0.0036649385,-0.0019468906,-0.00024374941,0.0021082405,0.0037629823,-0.0002437767,-2.1821712e-05,8.32243e-08,-0.0039588986,0.00034558243,-0.00027991633,-0.00030628365,-0.00024791702,-0.00015942796,0.0047001317,-0.00013234548,0.008534128,0.0012031943,0.117199674,0.0008301156,-0.0025348936,-2.8148054e-06,-1.017276e-05,-0.00022177876,0.0019283436,0.008970295
-0.004258708,-0.0039409827,0.0012368205,-0.0029322407,0.0017380794,-0.0014196413,-0.002530606,-0.004265627,-0.0013497553,0.0037998427,-0.0041433927,0.0066795363,0.0011963319,0.0004108743,0.0028230804,-0.0011523244,-0.0035738638,-0.0029355655,-0.0010035068,0.0054109436,0.0058987956,-0.00031026397,-3.219024e-05,1.7252265e-07,-0.006973691,0.00019767156,-0.0004194069,-0.0004759856,-0.00044871238,-8.542401e-05,0.005689488,-0.00035319058,0.0108192805,0.0007256816,0.016149702,0.0019940825,-0.001638218,-2.7448568e-06,-1.5338717e-05,-0.0009130545,0.0049492256,0.014061702
-0.002789129,-0.0023744986,0.0007774724,-0.00011153368,0.0024346188,-0.002040673,-0.00044607662,-0.0016372667,-0.0030236142,0.0013442427,-0.0006630828,0.0050684204,0.0012691148,0.0014583503,-8.0631726e-05,-0.00132507,-0.003081839,-0.0021299012,0.00045649032,0.0018169095,0.00272593,-0.00020319925,-1.9395082e-05,1.0844872e-07,-0.00026525836,0.00027688892,-0.00060287927,-8.3903244e-05,-0.00017222833,-0.00019136006,0.0020127287,-5.652243e-05,0.008209651,0.00076983083,0.05732148,-5.6954206e-05,-0.0018838042,-2.366964e-06,-1.1129015e-05,0.000415344,0.0016618719,0.0064981426
-0.0041381074,-0.00079926755,-1.8991414e-06,-0.0040245466,0.00034603936,-0.00067336747,0.0019015203,-0.0032421965,-0.001390385,0.0033462804,-0.0016884891,0.00069714565,0.0009735117,0.00021766475,0.00019596856,-0.0022836602,-0.0031962562,-0.0012197809,-0.00183696,0.0018636312,0.0029070764,-0.00030147773,-6.5284767e-06,-2.64909e-10,-0.009571501,3.9355018e-05,-0.00019893402,0.0003576599,-0.00034105507,-8.79954e-05,0.005010371,-0.00014393,0.0011292123,0.0005905213,0.008555465,0.00013842236,-0.0032465972,-2.4548406e-06,-6.3735156e-06,-0.0016713833,0.0017046068,0.0069299643
-0.0033341984,-0.0012134411,0.00044607883,-0.0029583173,0.002591562,-0.0012544636,-1.1749158e-05,-0.0031162752,-0.0040548258,0.004293377,-0.00021770061,0.0030099514,0.0021219463,0.0019289386,-0.00054905115,-0.0020726079,-0.0034506745,-0.0010321612,-0.00023140432,-0.0020061473,0.0021285699,-0.00024290974,-9.911477e-06,6.2223016e-08,-0.0070357085,0.00029473804,-0.00037060818,-2.2099175e-06,-0.00032780907,-0.0002566239,0.006428455,-1.855721e-05,0.004875415,0.0012871489,0.075818285,-0.0003878222,-0.0029465517,-2.6502428e-06,-5.393178e-06,-0.00021054641,-0.0018349619,0.00507414
-0.0052010957,-0.0039151222,0.0025559193,-0.003917589,0.005358237,-0.0031992565,-0.00071493606,-0.005886061,-0.001951352,0.00568045,-0.001702788,0.009640394,0.0020846983,0.0032690787,0.00018899122,-0.0006891261,-0.0056368127,-0.0042295945,0.00011419598,0.0030622832,0.0070652445,-0.0003789207,-3.197901e-05,3.565222e-07,-0.009317125,0.00060939166,-0.00094516145,-0.00013447343,-0.00061917,-0.00012349818,0.008505313,-0.00014514886,0.015615175,0.0012645547,0.12849343,0.00013349393,-0.0009797057,-4.329276e-06,-2.2100188e-05,0.000103902785,0.0028009773,0.016842313
-0.0028017233,-0.0019895197,6.7718036e-05,-0.00066055596,0.0016834128,0.00020276877,-7.227465e-05,-0.001695368,-0.0035901177,0.0015981309,-0.002006522,0.0018894025,0.0014851945,-0.0009276046,-0.001083652,-0.0017280665,-0.0037626901,-0.00030174432,-0.00096380064,0.000628039,0.0018508486,-0.00020411679,-1.6250544e-05,9.44591e-09,-0.0015709874,0.00019145434,5.99043e-05,-1.3594251e-05,-0.00017834015,-0.00022721323,0.0023928746,-0.0001710397,0.0030603886,0.00090090244,-0.03646015,-0.00076543743,-0.0024567298,-2.8898821e-06,-1.5766539e-06,-0.0008769273,0.0005744482,0.004412101
-0.0029066943,-0.0019077698,-0.000280832,-0.00035029644,0.0022833538,-0.0001469797,-0.00072161166,-0.0016103794,-0.0052806777,0.0040798807,-0.0010053753,0.0023517597,0.0020061089,0.001602919,-0.0004060549,-0.0011673126,-0.0035563197,-0.0009969001,-0.0009902435,-0.0006209186,0.0012490407,-0.00021176435,-1.5582806e-05,-3.9172928e-08,-0.0008331032,0.00025968556,-4.3422446e-05,-0.00013572906,-0.0001694,-0.00033420627,0.006108788,-8.5700085e-05,0.0038092986,0.0012168832,0.06300385,-0.00028681682,-0.0016595261,-2.7313822e-06,-5.2089345e-06,-0.00090098666,-0.00056793535,0.0029774958
-0.0020035277,-0.0019051154,-2.9800576e-06,-0.0013768859,0.0015730783,-0.00011567626,0.0002884015,-0.00142326,-0.002413408,0.0012498415,-0.00071261567,0.0021722997,0.00073445565,0.0005197366,0.0001907398,-0.0009702487,-0.0021093665,-0.00015929108,0.0002826905,-0.00039546407,0.0014667232,-0.00014596504,-1.5561125e-05,-4.1568476e-10,-0.003274621,0.00017890602,-3.417442e-05,5.4245887e-05,-0.0001497164,-0.000152741,0.0018713824,-6.07447e-05,0.0035186156,0.0004455126,0.020428613,0.00013472902,-0.0013793675,-1.6200698e-06,-8.323169e-07,0.00025720985,-0.00036171896,0.003496413
-0.0049132723,-0.0031724079,0.0024271456,-0.003776933,0.002381458,-0.000820787,-0.0012977051,-0.0049703363,0.0003277883,0.0020406004,-0.0028901913,0.00955195,0.0011391015,0.0017800526,0.0010604946,-0.004400287,-0.0040596263,-0.0021839524,0.00030746753,0.0046504615,0.0075698956,-0.0003579516,-2.5912463e-05,3.3855972e-07,-0.008982606,0.00027084292,-0.0002424864,-0.00024408736,-0.0005228426,2.0745236e-05,0.003055382,-0.00024636535,0.015471917,0.0006909662,0.06996621,0.0007490802,-0.0062557287,-3.11794e-06,-1.1411439e-05,0.00027975356,0.0042536356,0.018045314
-0.0037730797,-0.0040464103,0.0015083458,-0.000741094,0.0035990174,-0.0018697433,-0.00052485743,-0.0037164928,-0.0030551855,0.005620456,-0.0010716384,0.006264974,0.0013990197,0.0033103416,0.0006762538,-0.0012442458,-0.0034733894,-0.0030583402,-0.0012765267,0.0027551334,0.0050577656,-0.000274884,-3.305138e-05,2.103974e-07,-0.0017625294,0.00040931583,-0.0005523813,-9.872125e-05,-0.00039094753,-0.00019335817,0.008415484,-9.134848e-05,0.010147787,0.00084862974,0.1301153,0.00047767177,-0.0017688993,-2.6676887e-06,-1.598023e-05,-0.0011614654,0.002520037,0.012056833
-0.0035455215,-0.0030489457,-0.00028558134,-0.0020326502,0.0016004352,-0.0025423658,0.00074192305,-0.0045851297,-0.0030964676,0.0018386785,-0.0012935875,0.004342248,0.0027561183,0.0010403194,0.00062512344,-0.00026831758,-0.0038484335,-0.0022060806,-0.0005972321,0.0005015251,0.0022073572,-0.00025830546,-2.4904015e-05,-3.9835406e-08,-0.0048342124,0.00018201732,-0.0007510952,0.00013954946,-0.0004823217,-0.00019597085,0.0027530454,-0.000110267836,0.0070334226,0.0016718305,0.040890485,0.00044155587,-0.00038145742,-2.9557361e-06,-1.1527061e-05,-0.00054339983,0.0004587298,0.0052619553
-0.005098068,-0.0014942145,0.0015310582,-0.0031029084,0.0003396565,-0.0017508338,-0.0004889482,-0.0043424023,-0.0008640344,0.0036090259,-0.002112088,0.010139234,0.0024761658,0.005495947,6.474691e-05,-0.004134743,-0.00447742,-0.0017319722,0.00029609294,0.0043905615,0.006526252,-0.00037141473,-1.2204855e-05,2.1356553e-07,-0.0073795863,3.8629092e-05,-0.0005172516,-9.196703e-05,-0.00045678858,-5.4683456e-05,0.005403779,-0.00018003836,0.016423179,0.0015020145,0.21602204,4.5733974e-05,-0.0058782147,-3.4388206e-06,-9.049783e-06,0.00026940423,0.0040159132,0.015557448
-0.004037261,-0.002393633,-0.00023695707,-0.0016015946,0.002699379,-0.003408594,0.00070471346,-0.0054307906,-0.0064637754,0.005321952,0.00062830374,0.0039610253,0.0036620453,0.0005649166,-0.0021028167,0.00085127086,-0.00425543,-0.0035050428,-0.0011693549,-0.00031574123,0.0016197393,-0.00029413067,-1.9551371e-05,-3.3052864e-08,-0.0038090413,0.00030700007,-0.0010070064,0.00013255065,-0.000571279,-0.00040908277,0.007968536,5.3557793e-05,0.006415931,0.002221356,0.022204442,-0.0014853242,0.001210221,-3.2683242e-06,-1.831431e-05,-0.0010639536,-0.0002887989,0.0038611768
-0.003966239,-0.0011023772,0.0012024181,-0.0037601595,0.0028382016,-0.00029800407,0.00020220241,-0.0040064827,-0.0040450995,0.0037065372,-0.0013374669,0.0037989025,0.0024756244,0.0029804173,-0.0009780787,-0.0021222695,-0.005265727,0.0003717665,-0.0003749351,-0.0024506296,0.0022415086,-0.00028895642,-9.004299e-06,1.677239e-07,-0.008942714,0.00032278834,-8.8039815e-05,3.8032565e-05,-0.0004214523,-0.00025600835,0.005549782,-0.000114008195,0.00615333,0.0015016862,0.11714739,-0.00069086574,-0.0030171538,-4.044269e-06,1.942529e-06,-0.00034113985,-0.0022415165,0.0053433664
-0.003517751,-0.0011144731,-0.00034946878,-0.002422427,0.0027100744,-0.0015096248,6.403297e-05,-0.0042555933,-0.006383106,0.003990871,9.2493836e-05,0.0044871946,0.0035907733,0.0022727589,-0.001134549,-0.0007270104,-0.003680741,-0.0015958656,-0.0004721331,-0.0024755641,0.00066544407,-0.00025628228,-9.103099e-06,-4.8746994e-08,-0.0057612113,0.00030821646,-0.00044599085,1.204406e-05,-0.0004476569,-0.00040397732,0.0059755137,7.884349e-06,0.007268202,0.002178123,0.08933238,-0.0008013885,-0.0010335644,-2.8269424e-06,-8.338608e-06,-0.0004295768,-0.0022643234,0.0015863029
-0.0035625775,-0.0017074943,0.0008605495,-0.003002782,0.002875368,-0.0015384323,-0.002593128,-0.0032737022,-0.003444369,0.0024170876,0.0008440298,0.0040425826,0.0008985788,0.0034127792,0.0006410381,-0.0011660091,-0.0040099537,-0.0009015114,0.0008169202,-0.0023709428,0.0010367375,-0.00025954808,-1.3946939e-05,1.2003704e-07,-0.007141458,0.0003270153,-0.0004545015,-0.00048774548,-0.00034436924,-0.000217989,0.0036190948,7.194669e-05,0.006548035,0.0005450679,0.13414168,0.0004527972,-0.001657673,-3.0797896e-06,-4.710516e-06,0.00074328604,-0.0021686293,0.0024714018
-0.004064752,-0.00329582,0.00019742746,-0.0030471515,0.0013381866,-0.002558983,0.00025046838,-0.0049859704,-0.0035624118,0.0014419988,-0.0019360497,0.0045148074,0.002839656,0.00035199,0.0011473694,-0.0005315921,-0.004573776,-0.0020688993,-0.0009717988,0.000997375,0.0021908013,-0.00029613348,-2.6920503e-05,2.7538926e-08,-0.007246981,0.0001521918,-0.0007560044,4.711099e-05,-0.0005244872,-0.00022545976,0.0021590984,-0.00016503251,0.0073129283,0.0017225037,0.013835213,0.0008104442,-0.0007557453,-3.5128255e-06,-1.0810271e-05,-0.00088420446,0.0009122686,0.005222489
-0.0045213625,-0.0036469814,0.002411255,-0.004016866,0.00575387,-0.0028380943,-0.0016116605,-0.0073158527,-0.0057387613,0.006662269,-0.0010585046,0.010455191,0.0052537024,0.006525303,-0.00047764706,-0.002196012,-0.005292835,-0.003085902,-0.0014895145,-0.0006404078,0.006466169,-0.0003293994,-2.9788815e-05,3.3634313e-07,-0.009553234,0.000654387,-0.00083846267,-0.00030313974,-0.00076957355,-0.0003631977,0.009975387,-9.0228925e-05,0.016934955,0.0031868373,0.2564816,-0.00033738592,-0.003121991,-4.065089e-06,-1.6124244e-05,-0.0013552553,-0.00058576156,0.015414221
-0.004187798,-0.0027165972,0.00226638,-0.004874181,0.0025357897,-0.00048714192,-0.0007451235,-0.00525767,-0.004303825,0.0048108594,-0.0017673002,0.004164934,0.0015358615,0.00015475013,0.00052012963,-0.0024389422,-0.0040094927,0.00015038718,-0.0005095588,-0.0030242929,0.0037652669,-0.0003050979,-2.2189368e-05,3.161347e-07,-0.011592169,0.00028839507,-0.00014391712,-0.00014015143,-0.00055306795,-0.00027238272,0.007203279,-0.00015064799,0.0067462157,0.00093163643,0.0060825623,0.00036739348,-0.003467356,-3.0794356e-06,7.857928e-07,-0.0004636291,-0.0027662287,0.008975741
-0.008850267,-0.007867391,0.002999499,-0.00914067,-0.00180834,-0.003439378,-0.0044210497,-0.011799436,0.00091506145,0.008005998,-0.007590115,0.013844238,0.0031835327,0.004313445,0.005344753,-0.0050378237,-0.007307986,-0.0054941373,-0.0034637896,0.00972297,0.011894177,-0.0006447775,-6.426143e-05,4.183966e-07,-0.021739079,-0.00020566229,-0.0010161009,-0.0008315621,-0.0012412133,5.7912883e-05,0.011987346,-0.0006469957,0.022424415,0.0019310954,0.16954298,0.0037752655,-0.007162092,-5.6127974e-06,-2.870759e-05,-0.0031515765,0.008893305,0.028353648
-0.0053851353,-0.0036657033,0.00075293635,-0.004598236,0.003144628,-0.0033913534,-0.0010169648,-0.0064272797,-0.0067195445,0.0060361684,0.0006913183,0.003352574,0.0025054258,-0.0018036978,-0.00091808575,-0.00030406629,-0.0052665286,-0.0031207725,-0.0009431467,-0.0025344195,0.002156202,-0.00039232871,-2.9941737e-05,1.0502621e-07,-0.010935895,0.00035763817,-0.0010019129,-0.0001912825,-0.00067610224,-0.00042527,0.009037929,5.8929272e-05,0.005430383,0.0015197634,-0.070895605,-0.00064848975,-0.00043228004,-4.0448845e-06,-1.6306447e-05,-0.000858135,-0.0023181567,0.0051400103
-0.0024479842,-0.0017436333,-0.00015084905,-0.00021999032,0.0022373097,-0.00081405113,-0.0004271604,-0.00124624,-0.0037859695,0.0017563999,-0.001317387,0.002412873,0.0014588007,0.0008716367,-0.0005571778,-0.0011006447,-0.0032375385,-0.001134102,-0.0005504736,0.0005770466,0.001616062,-0.00017834546,-1.4242126e-05,-2.1041759e-08,-0.0005231987,0.00025444897,-0.00024049642,-8.0345264e-05,-0.00013109522,-0.0002396084,0.0026298498,-0.00011229655,0.003908288,0.00088489224,0.03426029,-0.00039356246,-0.0015647468,-2.4865467e-06,-5.9258323e-06,-0.00050085597,0.000527807,0.0038524107
-0.0032594334,-0.0017285699,-0.00060587545,-0.0019258766,0.0018453165,-0.00079528894,0.00085302047,-0.0024206135,-0.004770374,0.0039205593,0.00043828343,0.0014311813,0.0014332074,-5.9113896e-05,-0.0004554009,-0.0005889183,-0.0031334916,-0.0014556181,-0.0008797669,-0.0016439061,0.0005572276,-0.00023746281,-1.4119087e-05,-8.451286e-08,-0.0045802747,0.00020986763,-0.00023495348,0.00016044594,-0.00025463064,-0.0003019099,0.0058702365,3.7360103e-05,0.0023181778,0.0008693676,-0.0023235132,-0.00032167236,-0.00083724386,-2.406635e-06,-7.6057963e-06,-0.00080046797,-0.001503631,0.0013283336
-0.004428011,-0.0027674055,0.0008102171,-0.0012974511,0.004033612,-0.0030615176,0.0005980794,-0.0058179814,-0.00849812,0.005741248,0.0012091879,0.0058400417,0.0038942876,0.0035292339,-0.0017864946,0.0007348764,-0.005852138,-0.0028617391,-0.0017648028,-0.001672995,0.0015632457,-0.00032259835,-2.2604374e-05,1.1301624e-07,-0.0030857027,0.00045874223,-0.000904469,0.00011249368,-0.00061200856,-0.00053783343,0.008596346,0.00010307346,0.0094594965,0.0023622315,0.138719,-0.0012618902,0.0010447472,-4.4946537e-06,-1.4952964e-05,-0.0016057302,-0.0015302377,0.0037265057
-0.0024397245,-0.0010464994,-0.00078554044,-0.002123962,0.00065391575,-0.0010327881,0.0015323076,-0.0022315218,-0.002119008,0.002017908,-0.00043432543,0.0003365773,0.0011349588,-0.0011657026,-0.00038917083,-0.0007064729,-0.0020159779,-0.0012578907,-0.0004278237,4.374153e-05,0.0009091679,-0.00017774371,-8.547884e-06,-1.0957412e-07,-0.005051377,7.436976e-05,-0.0003051182,0.00028821413,-0.00023473956,-0.00013410888,0.003021405,-3.7022717e-05,0.0005451762,0.0006884533,-0.045818757,-0.00027489077,-0.001004367,-1.548344e-06,-6.5726445e-06,-0.00038926126,4.0009047e-05,0.0021672982
-0.0066289045,-0.0036234325,0.0031539258,-0.00256018,0.0028423304,-0.0039996407,0.00081909413,-0.0074139237,-0.0040989406,0.005251552,-0.0010854956,0.009178716,0.0030816004,0.0041071614,-0.0012765294,-0.003582664,-0.006370567,-0.0035839933,-0.001981424,0.0033744955,0.006020413,-0.0004829423,-2.9596466e-05,4.3993742e-07,-0.006088826,0.0003232579,-0.0011816202,0.00015406469,-0.0007798899,-0.0002594159,0.007863126,-9.2529684e-05,0.014867365,0.0018692644,0.16143486,-0.00090167637,-0.005093344,-4.892826e-06,-1.8726836e-05,-0.0018028258,0.0030865485,0.014351617
-0.0025334037,-0.0020361522,-9.427598e-05,-0.0007987522,0.0016188107,-0.0018488187,-0.000411493,-0.0025166702,-0.00300542,0.0028079723,0.00042641954,0.0016790595,0.0009950798,0.0019201171,9.754134e-05,-5.366595e-05,-0.0024988824,-0.001771472,-0.00073230884,-0.00029319664,0.00059569173,-0.00018456862,-1.6631442e-05,-1.3150446e-08,-0.0018996567,0.00018410715,-0.00054619944,-7.739836e-05,-0.00026473508,-0.00019020858,0.0042043645,3.6348803e-05,0.0027196822,0.00060360425,0.07547155,6.889831e-05,-7.629494e-05,-1.919232e-06,-9.256175e-06,-0.00066630123,-0.00026817806,0.0014200255
-0.005144746,-0.0046941857,0.001449516,-0.0060248245,0.0017598344,-0.00337201,-0.0024112635,-0.006560089,-0.0029444105,0.0065983497,-0.0009707588,0.006563755,0.0018278989,0.0016503488,0.0008802266,-0.0015746843,-0.004471266,-0.0038799183,-0.00074064423,0.0012225942,0.0046738293,-0.0003748154,-3.8342456e-05,2.021913e-07,-0.014328723,0.00020014576,-0.0009961983,-0.00045353832,-0.0006900728,-0.00018634737,0.00987968,-8.2749306e-05,0.010631743,0.0011087831,0.064868115,0.0006217479,-0.0022386718,-3.4340942e-06,-2.0273084e-05,-0.00067388534,0.0011182697,0.011141595
-0.0024001284,-0.0024835935,0.0008954911,-0.00096632005,0.0016636497,9.785284e-05,0.0004007106,-0.0020356078,-0.0021055297,0.0056043947,-0.00059511827,0.0035452384,0.0010545091,0.00302083,0.0015736185,-0.00094164035,-0.001782548,-0.000737393,-0.0015421822,0.0016951498,0.0027137701,-0.00017485899,-2.0286176e-05,1.2491101e-07,-0.0022981802,0.00018920668,2.890882e-05,7.537028e-05,-0.00021413087,-0.00013325585,0.008391436,-5.0729002e-05,0.005742454,0.0006396534,0.11873584,0.0011115252,-0.0013386961,-1.3690614e-06,-3.8529756e-06,-0.0014031756,0.001550502,0.0064691557
-0.003310271,-0.0024497712,0.0005457031,-0.0020891053,0.0025572274,-0.0025798066,-0.0010790919,-0.00477528,-0.0033186139,0.003798501,-0.0008546182,0.004541273,0.0030010182,0.002328234,-0.00057194865,0.0001555325,-0.0041536503,-0.0022759927,-0.0011353673,0.0007476585,0.0027830335,-0.00024116653,-2.0009913e-05,7.611949e-08,-0.0049684783,0.00029083318,-0.0007621564,-0.00020296808,-0.00050232414,-0.00021003015,0.0056874794,-7.284927e-05,0.0073557966,0.0018203842,0.091512874,-0.00040399586,0.00022111494,-3.1901536e-06,-1.1892362e-05,-0.0010330295,0.0006838605,0.0066342675
-0.0119776055,-0.01888872,0.0016703724,-0.0050539887,0.0062073683,0.01048131,-0.030199979,-0.029881882,-0.010741475,0.042290818,-0.025785431,0.035287187,0.02215752,0.030477554,0.014463961,0.0044174325,-0.020411005,-0.006878936,-0.020500094,0.031372305,0.03148131,-0.0008726166,-0.00015428445,2.329983e-07,-0.012019803,0.0007059633,0.0030965102,-0.005680361,-0.0031433527,-0.00067981204,0.06332186,-0.0021979988,0.057156958,0.013440505,1.1979417,0.010216617,0.006280104,-1.567639e-05,-3.5943347e-05,-0.018652292,0.028695295,0.075045966
-0.0026797361,-0.0015521125,-0.0010134957,-0.0019756597,0.0010231893,-0.000434181,0.0008025367,-0.002057481,-0.0022558074,0.0026315702,-0.00077946513,0.0017235412,0.002270252,0.0010493749,0.00084888213,-0.0015291248,-0.0023022103,-0.0012785144,-0.0013191354,0.0005146244,0.0013543578,-0.00019522953,-1.267777e-05,-1.4137133e-07,-0.0046986733,0.0001163672,-0.00012827078,0.00015095038,-0.00021643178,-0.0001427667,0.0039402386,-6.644308e-05,0.002791732,0.0013771096,0.041246418,0.00059960777,-0.0021739015,-1.7681808e-06,-6.680406e-06,-0.0012002335,0.00047071133,0.0032285533
-0.0024412388,-0.0012329808,-0.0005928688,-0.0014052782,0.0011508965,-9.195809e-05,0.00044477274,-0.002137205,-0.0034635095,0.0022195966,-0.00021425198,0.0036820343,0.0017497791,0.0022517883,-8.741635e-05,-0.00046464335,-0.002948824,-0.0003060451,0.0006067597,-0.0012668315,0.0012053093,-0.00017785405,-1.0071079e-05,-8.269857e-08,-0.0033421458,0.00013089133,-2.7167325e-05,8.365799e-05,-0.00022481816,-0.00021920039,0.0033233925,-1.8263243e-05,0.0059640314,0.0010613964,0.088508114,-6.174653e-05,-0.0006605667,-2.2648037e-06,-1.599126e-06,0.00055206864,-0.0011587323,0.0028732477
-0.0021673876,-0.0012461711,-0.00092509645,-0.00026877277,0.0013921,-0.0006345068,0.0006231731,-0.0014335641,-0.0033754264,0.0015264184,-2.2717228e-05,0.0006622743,0.001417066,0.0006654962,-0.0005909709,-0.00050783204,-0.0024921736,-0.00091198325,-0.000234787,-0.001225078,0.0002937444,-0.00015790289,-1.0178817e-05,-1.2904063e-07,-0.00063921703,0.00015832337,-0.00018745335,0.000117213596,-0.00015080033,-0.00021362574,0.0022854996,-1.9364593e-06,0.0010727289,0.0008595764,0.026157796,-0.00041743222,-0.00072196644,-1.9140796e-06,-4.7652325e-06,-0.00021362418,-0.0011205416,0.00070023554
-0.0026417146,-0.0014700968,-0.0011154122,-0.0024622288,0.0004035071,-0.00058802904,0.0014432464,-0.002240826,-0.0020429576,0.0030941567,-0.0007388775,0.0016109971,0.0021716682,0.0010969213,0.0012268543,-0.00064356986,-0.0021827442,-0.0011711477,-0.0011331467,0.0005987383,0.0014630602,-0.00019245951,-1.2007859e-05,-1.5558754e-07,-0.005855871,4.5890814e-05,-0.00017372235,0.00027146246,-0.0002357183,-0.00012929576,0.0046328674,-6.298331e-05,0.002609437,0.0013173097,0.04311526,0.0008665883,-0.00091494,-1.6764266e-06,-6.119401e-06,-0.0010310091,0.00054764777,0.0034876808
-0.0041703135,-0.0025499177,0.00043991767,-0.0018148834,0.002808217,-0.0028230492,0.0006133788,-0.0045871045,-0.0054120193,0.005173327,0.0005866457,0.004214311,0.003115579,0.0020088172,-0.0015475487,-0.0012493245,-0.004390537,-0.0030986578,-0.0013736286,-0.0002448872,0.002283943,-0.00030382408,-2.0827916e-05,6.13636e-08,-0.004316302,0.0003193782,-0.00083401793,0.000115371375,-0.00048252943,-0.00034251867,0.007746,5.0006784e-05,0.0068261945,0.0018898755,0.07895797,-0.0010931108,-0.0017761196,-3.3720912e-06,-1.6190896e-05,-0.0012498149,-0.00022399088,0.0054445225
-0.0022231345,-0.0012936727,-0.0013937128,-0.0017417452,0.0009094017,0.000838728,-2.5918765e-05,-0.0021496196,-0.0021413295,0.00097468955,-0.0027747462,0.0014636437,0.0025552597,0.0014565442,0.0010920635,-0.0016682092,-0.0027937135,-0.00021996436,-0.0004181908,0.0010954333,0.0017466074,-0.00016196427,-1.0566815e-05,-1.9440738e-07,-0.0041423584,0.00010342615,0.00024778675,-4.875101e-06,-0.00022612407,-0.00013552156,0.0014593984,-0.00023652459,0.0023707594,0.001549992,0.05725049,0.00077137887,-0.0023716327,-2.145673e-06,-1.1493428e-06,-0.00038049664,0.0010019596,0.004163608
-0.002927712,-0.002212045,-0.00061644136,-0.00095149304,0.0020027375,0.00015667308,0.0011225401,-0.003198048,-0.005063627,0.0036643804,-0.001429174,0.001438482,0.0028431597,0.0004743463,-0.0008336675,-0.0004994792,-0.004492809,-0.0007220077,-0.0013516322,-0.0007860539,0.0012950914,-0.00021329556,-1.8068147e-05,-8.5986684e-08,-0.0022629173,0.0002277711,4.6286175e-05,0.00021114032,-0.00033641097,-0.00032046944,0.005486661,-0.000121825484,0.002330003,0.001724629,0.018644514,-0.00058886094,-0.0007100915,-3.45064e-06,-3.7725854e-06,-0.0012298011,-0.00071897963,0.0030872724
-0.0050142193,-0.004080907,0.001289665,-0.008765432,0.0010471968,-0.00015529263,-0.0031745292,-0.008380238,0.000276027,0.0067878524,-0.008315029,0.009356336,0.005427066,0.0020467208,0.0061801337,-0.003010443,-0.0040000496,-0.0035370672,-0.0034434528,0.007001345,0.008523882,-0.00036530598,-3.333315e-05,1.7989386e-07,-0.020846656,0.00011909757,-4.5878347e-05,-0.0005971021,-0.000881539,1.7469341e-05,0.010163422,-0.0007087887,0.015155068,0.0032919976,0.0804478,0.0043653366,-0.004279838,-3.0721828e-06,-1.8481642e-05,-0.0031330728,0.0064039174,0.020319453
-0.0032626532,-0.0025341166,-0.00040054342,-0.0007913201,0.00214285,-0.0012103857,-0.001414763,-0.0023832624,-0.0047177905,0.0036599063,-0.00091703463,0.0023920906,0.0019284661,0.0012852771,-8.112422e-05,-0.00093410676,-0.0037352184,-0.001960325,-0.0010066848,-0.00019188673,0.001164043,-0.00023769739,-2.0698853e-05,-5.5871332e-08,-0.0018819812,0.00024370609,-0.00035758616,-0.000266105,-0.00025070156,-0.00029858196,0.005479962,-7.816976e-05,0.0038746253,0.001169786,0.050518718,-5.730208e-05,-0.0013279858,-2.868783e-06,-1.0242957e-05,-0.00091594603,-0.00017551296,0.0027748758
-0.0036336244,-0.0017523166,-3.1460077e-06,-0.0019550251,0.0014720524,-0.0014406727,0.0015327136,-0.0039028176,-0.0011411686,0.002646943,-0.0024920143,0.0038045235,0.0014040733,-0.00022947002,0.000106039544,-0.0010647844,-0.0028012912,-0.0019534063,-0.0013465139,0.0030336282,0.004099413,-0.0002647241,-1.4313052e-05,-4.3883294e-10,-0.004649598,0.00016741635,-0.0004256202,0.0002882905,-0.0004105475,-7.222287e-05,0.0039632563,-0.000212424,0.006162435,0.0008516952,-0.00901948,7.4901014e-05,-0.0015137654,-2.151493e-06,-1.0206805e-05,-0.0012251441,0.0027747676,0.009772287
-0.0042735487,-0.003413678,0.0011620325,-0.004259803,0.002301951,-0.0027660565,-0.0007257237,-0.004871917,-0.0033208644,0.0062226895,-0.00063127937,0.0033755605,0.0022590044,0.00117491,0.0009356573,-0.0016853121,-0.0038948813,-0.0031434437,-0.001063913,0.0006822859,0.0027309852,-0.00031134518,-2.7883174e-05,1.6209056e-07,-0.010131006,0.00026180063,-0.00081718044,-0.0001365025,-0.0005124896,-0.00021017258,0.009317206,-5.3811444e-05,0.0054676156,0.0013702868,0.04618066,0.00066090137,-0.0023959475,-2.99141e-06,-1.6424907e-05,-0.00096801587,0.0006240662,0.0065101935
-0.0067550917,-0.004074945,0.0024585933,-0.014074744,0.0011894795,-0.003962575,0.0010830429,-0.015746776,0.0052614976,0.0111894,-0.0132370945,0.020285377,0.008855628,0.0047463086,0.00769694,0.00013908441,-0.0043047518,-0.0064316075,-0.0038277414,0.017009003,0.017613558,-0.0004921355,-3.3284454e-05,3.4294632e-07,-0.03347369,0.00013527936,-0.0011706698,0.00020371123,-0.0016564443,0.00033299238,0.016753841,-0.0011283548,0.03285755,0.005371725,0.18655698,0.0054367324,0.00019773128,-3.3062051e-06,-3.3605997e-05,-0.0034827231,0.015557619,0.041987658
-0.003781422,-0.0031172277,0.0019001223,-0.0050601116,0.0014056541,-0.00035936304,0.002780955,-0.004733531,-0.0019568512,0.0049458784,-0.0033705174,0.0019257541,0.0019496559,-0.004468541,-0.0012060085,-0.0031962392,-0.0037276347,-0.00077102456,-0.0018910249,0.0022830626,0.005212409,-0.00027549177,-2.5461746e-05,2.6504583e-07,-0.012034365,0.00015986488,-0.000106167194,0.0005230742,-0.0004979324,-0.00012384621,0.007405442,-0.00028730926,0.0031192696,0.0011826395,-0.17563914,-0.00085186394,-0.004543978,-2.8629584e-06,-4.028705e-06,-0.001720575,0.002088248,0.012425476
-0.0036287392,-0.0025480674,0.00018385315,-0.0015526634,0.0032185377,-0.0025416971,-0.0002881224,-0.0028813416,-0.005261101,0.0045864102,0.000100906414,0.0032329077,0.0021535312,0.0018945049,0.00063825364,-0.000767534,-0.0033431216,-0.0026711775,-0.0008278469,-0.00015697343,0.0017409417,-0.0002643682,-2.0812804e-05,2.564546e-08,-0.003692669,0.0003660439,-0.0007508976,-5.4193388e-05,-0.00030309582,-0.00033296726,0.0068672122,8.6014525e-06,0.0052365516,0.001306308,0.07446484,0.00045083035,-0.0010911754,-2.5676384e-06,-1.3957254e-05,-0.00075322785,-0.00014357883,0.004150102
-0.003640411,-0.0021483295,-0.0004964834,-0.0030640909,0.00077469985,-0.0017181737,0.00037863283,-0.0037307648,-0.0028359296,0.002886261,-0.0008449786,0.0027075903,0.0021480143,-0.000592232,0.0006115704,-0.0007451188,-0.0031580878,-0.0019271184,-0.00033594156,-0.00023643905,0.0021158694,-0.00026521855,-1.7547714e-05,-6.925389e-08,-0.0072872676,8.810652e-05,-0.0005076028,7.121764e-05,-0.00039244883,-0.00017948178,0.0043215863,-7.202757e-05,0.004385661,0.0013029615,-0.023278093,0.00043198265,-0.0010593085,-2.4255257e-06,-1.0069448e-05,-0.00030566103,-0.00021626362,0.0050438647
-0.004752773,-0.0031025629,0.00018243655,-0.0026678136,0.0028934772,-0.0029824947,-0.0016038008,-0.0053660376,-0.0062129237,0.0052188206,0.0006327558,0.0046587125,0.003128009,0.0010429228,-0.0011667574,-0.0008686383,-0.0048800264,-0.0034121536,-0.0007328682,-0.001946396,0.0026528179,-0.00034625857,-2.5341964e-05,2.544786e-08,-0.006344809,0.00032907483,-0.0008811231,-0.00030166138,-0.00056446745,-0.00039320672,0.007814118,5.3937296e-05,0.0075460207,0.0018974153,0.040992815,-0.00082413893,-0.0012349116,-3.748037e-06,-1.7828952e-05,-0.0006668102,-0.0017803092,0.0063238563
-0.004291788,-0.0033349155,0.0011411861,-0.0016088545,0.0055321837,-0.0022426525,-0.0015273665,-0.0047580646,-0.0072129006,0.007131085,0.00060937647,0.0047655813,0.002861956,0.0037920587,-0.0011600631,-0.0011202313,-0.00442732,-0.0027663698,-0.0012453528,-0.0015643826,0.0030046832,-0.000312674,-2.7239837e-05,1.5918272e-07,-0.0038263074,0.00062917464,-0.0006625504,-0.00028728473,-0.0005005132,-0.00045649378,0.010677342,5.1944397e-05,0.0077191233,0.0017360304,0.14904952,-0.0008194104,-0.0015925925,-3.400342e-06,-1.4454647e-05,-0.0011331014,-0.0014308932,0.0071626417
-0.0027450013,-0.001985238,0.00014344061,-0.0018478723,0.0018892772,-0.00095485797,0.0007929864,-0.0027047666,-0.00088298984,0.00086189865,-0.0010346875,0.003785429,0.00080286415,0.0010803412,0.00013340678,-0.0015056673,-0.0024947892,-0.0010718212,0.00040353416,0.00087374396,0.002829012,-0.00019998437,-1.621557e-05,2.0008363e-08,-0.0043947585,0.00021486728,-0.0002820952,0.00014915405,-0.00028452143,-5.588312e-05,0.0012905172,-8.8198714e-05,0.0061315065,0.00048700842,0.042463567,9.423186e-05,-0.002140553,-1.9160884e-06,-5.600407e-06,0.0003671611,0.00079918705,0.0067438725
-0.0038334993,-0.0021507395,0.00014574971,-0.003280594,0.0026734252,-0.0013218619,0.00057792093,-0.005949987,-0.0047459407,0.0049020355,-0.0027546256,0.0036990826,0.0041527026,0.0011685156,-0.00042333984,0.00029181584,-0.005054482,-0.0016766675,-0.0029576991,0.0021493337,0.003553594,-0.0002792858,-1.75674e-05,2.0330457e-08,-0.007802173,0.00030404836,-0.00039051974,0.00010870205,-0.0006258946,-0.00030036355,0.0073397965,-0.00023480947,0.0059916456,0.002518983,0.045929328,-0.00029902603,0.00041486404,-3.882025e-06,-8.760809e-06,-0.0026911031,0.0019659302,0.00847115
-0.0039509605,-0.005683042,0.0022336305,-0.00540077,0.0023758872,-0.0029980775,0.00034646623,-0.007588449,-0.0025992356,0.005676474,-0.00501512,0.0120594455,0.0037565534,0.0031604383,0.0031178063,0.00010878302,-0.0035496652,-0.0024870127,1.4105986e-05,0.003884749,0.008093349,-0.00028784332,-4.641951e-05,3.115665e-07,-0.012844546,0.0002702094,-0.0008857268,6.516737e-05,-0.0007982486,-0.00016450178,0.00849936,-0.00042749825,0.01953347,0.0022786832,0.12422324,0.002202262,0.00015465288,-2.7262713e-06,-1.29949685e-05,1.28345255e-05,0.003553262,0.019293135
-0.0039829896,-0.0028313112,0.0009469269,-0.0022128937,0.0022788565,-0.0017350763,-0.00019609329,-0.0033343318,-0.003713557,0.0019004759,-0.0017241379,0.004052713,0.0011335972,-0.0016403128,5.4682605e-05,-0.00093132147,-0.004373174,-0.001629309,0.00015109882,0.0005205546,0.002860819,-0.00029017677,-2.312636e-05,1.3208573e-07,-0.005262882,0.0002591741,-0.00051259634,-3.688349e-05,-0.00035074702,-0.00023502552,0.0028455744,-0.00014696876,0.006564444,0.0006876274,-0.064473644,3.862505e-05,-0.001324026,-3.358756e-06,-8.513354e-06,0.00013747934,0.0004761355,0.006819695
-0.0039177146,-0.0032891743,-0.00078901474,-0.0014362211,0.002461718,-0.0011829052,0.000113731774,-0.0041753333,-0.0047142254,0.005292965,-0.0010020254,0.0031695785,0.002663893,0.0009583838,-0.0005342314,-0.00024174649,-0.004096357,-0.002832645,-0.0014226843,0.00066903065,0.0026098676,-0.00028542124,-2.6866219e-05,-1.1005874e-07,-0.0034157366,0.0002799709,-0.00034946756,2.1391987e-05,-0.00043921414,-0.00029835635,0.007925134,-8.541453e-05,0.005133973,0.0016158877,0.037669946,-0.0003773543,-0.00034368224,-3.1461504e-06,-1.4800944e-05,-0.0012944489,0.000611942,0.0062214704
-0.0046910103,-0.0031734505,-0.0002088313,-0.003312604,0.0016604719,-0.0025308228,-0.0006774232,-0.0052347165,-0.0040340032,0.006847093,-0.00069505186,0.002464266,0.0031420249,0.0016738636,0.00026109396,-0.00031337258,-0.0040489053,-0.0033396226,-0.0025588325,0.0016976271,0.0027347547,-0.00034175892,-2.592098e-05,-2.9129636e-08,-0.007878302,0.00018884528,-0.000747685,-0.00012741759,-0.00055065344,-0.00025530608,0.010252123,-5.924753e-05,0.0039915326,0.0019059172,0.06579238,0.00018442368,-0.0004455105,-3.1097059e-06,-1.7449967e-05,-0.0023281889,0.0015527679,0.0065191793
-0.0036639692,-0.0026512814,-1.101644e-05,-0.003928589,0.0008280757,-0.0017639489,0.0005151786,-0.0048134145,-0.0017934164,0.0017553905,-0.002868384,0.0036027168,0.0028256648,-0.0007383765,0.0020085184,-0.0007121576,-0.0034629018,-0.001871048,-0.001495501,0.0022602018,0.0029181223,-0.00026693486,-2.1655864e-05,-1.5366703e-09,-0.009343287,9.4176954e-05,-0.00052112626,9.6900745e-05,-0.0005063356,-0.00011350267,0.0026283388,-0.00024450643,0.0058355555,0.0017140168,-0.029022407,0.0014187167,-0.0010124487,-2.659634e-06,-9.776472e-06,-0.0013607022,0.002067338,0.006956296
-0.0035130382,-0.0020517404,-0.00073658465,-0.0011983925,0.0034912694,-0.0018415086,-0.0014415614,-0.002873789,-0.005676712,0.0034710928,0.00033510593,0.0024075506,0.0027729298,0.0021156487,-0.0013003147,-0.001856957,-0.0038939216,-0.0023347342,-0.0007108382,-0.0015491196,0.00076160533,-0.00025593894,-1.6758768e-05,-1.0274533e-07,-0.0028501134,0.00039706167,-0.0005440398,-0.00027114552,-0.00030230134,-0.0003592707,0.005197252,2.856506e-05,0.0038996667,0.0016820283,0.083157055,-0.0009184771,-0.0026399686,-2.9906728e-06,-1.2199293e-05,-0.00064676587,-0.0014169327,0.0018155345
-0.003623796,-0.0031411238,0.00024631276,-0.0020409594,0.0016831516,-0.0018407785,0.0006289231,-0.00524149,-0.0052501312,0.007215546,-0.00072570937,0.004139475,0.003203873,0.0019879038,-1.63347e-05,-2.6775408e-05,-0.0038612667,-0.0029777908,-0.001285287,0.0005232302,0.002585666,-0.00026400806,-2.5656933e-05,3.435788e-08,-0.004853974,0.00019142464,-0.0005438241,0.00011829513,-0.00055136596,-0.00033227302,0.010803806,-6.186083e-05,0.0067049777,0.0019434337,0.07813595,-1.1538013e-05,-3.806563e-05,-2.9655926e-06,-1.555935e-05,-0.001169436,0.00047858275,0.006163778
-0.003714975,0.00020445185,0.000436662,-0.0054932674,0.001009302,-0.00029720482,0.001690421,-0.0038020818,-0.0014891803,0.003347725,-0.002177756,0.0035442107,0.0031755066,0.0027741606,0.001105824,-0.0026563038,-0.0029276551,-0.00045419828,-0.0012055208,0.001908089,0.0032121618,-0.00027065084,1.6699779e-06,6.090947e-08,-0.013064531,0.0001147878,-8.7803695e-05,0.0003179539,-0.00039995086,-9.424801e-05,0.005012534,-0.00018563603,0.005740789,0.0019262269,0.10904033,0.0007810986,-0.0037763712,-2.2485451e-06,-2.3732457e-06,-0.0010968597,0.001745271,0.007657235
-0.0036157747,-0.0031851237,0.0016410213,-0.0032157553,0.0024308236,-0.0016601011,-0.00010712468,-0.003781692,-0.0028745327,0.0035004625,-0.0017115746,0.006623088,0.0013540803,0.0013161451,0.0010264282,-0.00078835664,-0.003371607,-0.0014900381,0.0006538065,0.0011112071,0.004539538,-0.0002634237,-2.6016327e-05,2.2890416e-07,-0.0076479684,0.0002764573,-0.0004904463,-2.0149248e-05,-0.000397806,-0.00018192492,0.0052412273,-0.00014589784,0.010727848,0.00082137,0.051732004,0.0007250174,-0.0011207781,-2.5895163e-06,-7.785646e-06,0.00059487484,0.0010163874,0.010821469
-0.0038963715,-0.0032231938,0.0006788238,-0.0010953762,0.0028933063,-0.0026938985,-0.001013359,-0.0031584376,-0.005127618,0.004539272,0.00051805424,0.004080502,0.0015553162,0.0023985112,0.0006545612,-0.00057591096,-0.0037051789,-0.002875839,-0.00066962285,-0.00017149729,0.0019663516,-0.0002838663,-2.6327287e-05,9.468834e-08,-0.0026051118,0.0003290554,-0.0007958627,-0.00019060427,-0.00033224424,-0.00032451935,0.006796632,4.415992e-05,0.006609455,0.0009434374,0.09427516,0.0004623492,-0.0008187518,-2.8457114e-06,-1.5026637e-05,-0.0006092656,-0.00015686336,0.00468744
-0.0016844437,-0.0013036206,-0.0009769225,-0.0007109774,0.0005247353,-0.00041505334,0.0006663619,-0.00073134847,-0.0018698925,0.00038922555,-0.00086380006,2.5434187e-05,0.00039784913,-7.652579e-05,0.0003656336,-0.0009908935,-0.0015202616,-0.00058604445,-0.00031110022,-0.00029135414,0.00022096923,-0.00012271848,-1.064807e-05,-1.3626978e-07,-0.0016909037,5.9678085e-05,-0.00012261987,0.00012533704,-7.693245e-05,-0.00011834272,0.00058278575,-7.363194e-05,4.119741e-05,0.00024133084,-0.0030078997,0.00025826524,-0.0014087175,-1.167616e-06,-3.0621595e-06,-0.00028305882,-0.00026649277,0.0005267522
-0.002975891,-0.0020561314,4.8175687e-05,-0.0017278381,0.0024857314,-0.0011653209,0.00029022445,-0.0032303922,-0.004798496,0.002056739,-0.0005703596,0.0025369097,0.0025288325,7.457577e-05,-0.0011063591,-0.00093002315,-0.003771721,-0.0009223664,-0.00060703093,-0.0019519725,0.0012259559,-0.00021680561,-1.6794633e-05,6.7199704e-09,-0.0041092834,0.00028270195,-0.0003442726,5.4588767e-05,-0.00033981336,-0.0003036897,0.0030795464,-4.8618524e-05,0.004109198,0.0015339616,0.002931253,-0.00078147656,-0.0013221803,-2.8968182e-06,-4.819486e-06,-0.00055231544,-0.00178541,0.0029224656
-0.003912826,-0.0020203644,-0.00028668434,-0.0017935289,0.0029344864,-0.0018793494,-5.2479387e-05,-0.0028532133,-0.0060736313,0.0047825654,0.0007256033,0.0027723508,0.0023040306,0.0017140774,-9.3125855e-05,-0.00046680536,-0.0041588065,-0.002346381,-0.0009571502,-0.0011384632,0.0011231251,-0.0002850651,-1.6502487e-05,-3.9989263e-08,-0.0042655147,0.0003337388,-0.0005552192,-9.87093e-06,-0.00030013692,-0.00038439114,0.0071609146,6.1851795e-05,0.0044905576,0.0013975992,0.067373015,-6.577943e-05,-0.0006636403,-3.194114e-06,-1.22601505e-05,-0.00087087625,-0.0010413177,0.0026773347
-0.004475662,-0.0034675898,0.00038793113,-0.003501696,0.0012454077,-0.0022463335,-0.0015512661,-0.0049207704,-0.0043857004,0.0033139212,-0.0009490177,0.0039746575,0.0021651925,-5.3158554e-05,0.00089402543,-0.0007652356,-0.004496814,-0.0023346033,-8.6695654e-05,-0.0007725608,0.0022710648,-0.00032606995,-2.8323531e-05,5.411206e-08,-0.008328016,0.00014164008,-0.0006636379,-0.00029178004,-0.0005176286,-0.00027756448,0.00496192,-8.0896054e-05,0.0064380122,0.0013133816,-0.0020894343,0.00063149474,-0.0010879078,-3.453716e-06,-1.21986095e-05,-7.888123e-05,-0.00070663786,0.0054138233
-0.005778201,-0.0039074393,0.0013404535,-0.002976316,0.001842157,-0.0023285518,-0.0020311028,-0.0055670408,-0.003837464,0.0054687182,-0.0031333715,0.008331526,0.0018369651,0.003945807,0.0017717769,-0.002221921,-0.0056812773,-0.0034870333,-0.0014286946,0.0048269634,0.0066162017,-0.0004209651,-3.1916254e-05,1.869783e-07,-0.0070785144,0.0002095083,-0.00068792776,-0.0003820333,-0.00058561144,-0.0002428674,0.008188288,-0.0002670945,0.0134951165,0.0011142825,0.15509272,0.0012514944,-0.0031588248,-4.3634263e-06,-1.8220207e-05,-0.0012999173,0.0044150767,0.015771873
-0.004028649,-0.0031632693,-0.0005654163,-0.0013266831,0.002312312,-0.002346846,-0.0002487604,-0.004208275,-0.0059901215,0.004825644,0.000991115,0.0024791528,0.0021369036,0.0018678353,-0.00015749829,0.00024460966,-0.0044101356,-0.0029410436,-0.001276925,-0.0013681068,0.0007200226,-0.00029350325,-2.5837819e-05,-7.8869256e-08,-0.0031552245,0.00026297895,-0.00069333246,-4.678973e-05,-0.0004426794,-0.0003791059,0.007225416,8.4484505e-05,0.0040156455,0.0012962219,0.073416576,-0.00011124889,0.0003477527,-3.3871438e-06,-1.536734e-05,-0.0011618277,-0.0012513658,0.0017164085
-0.0025086754,-0.0025074459,7.085316e-05,-0.0013110628,0.0021013294,0.00013139291,-0.0027390548,-0.0030464127,-0.0023700064,0.0038877567,-0.0025684414,0.0037927825,0.0024875202,0.0034891497,0.0010203817,-0.0002900774,-0.0030159096,-0.0009544091,-0.0009819922,0.0019566684,0.0035597654,-0.00018276708,-2.0481004e-05,9.883224e-09,-0.0031180752,0.00023898395,3.8817616e-05,-0.0005151931,-0.00032046007,-0.00014999419,0.0058211214,-0.00021893879,0.006143417,0.001508902,0.13714348,0.00072074647,-0.00041239258,-2.3163277e-06,-4.986913e-06,-0.00089347915,0.0017897052,0.008485861
-0.0046580075,-0.0040390748,0.0017666284,-0.0039767786,0.002609686,-0.0037059323,-0.002773979,-0.00571155,-0.003351575,0.00618156,-0.001435129,0.0070619574,0.0024752587,0.0031606485,0.0013303377,-0.0008648202,-0.004384112,-0.0042549754,-0.0012009246,0.0027215863,0.004601341,-0.00033935453,-3.2991462e-05,2.4642492e-07,-0.009457895,0.0002967993,-0.0010948494,-0.000521762,-0.0006008128,-0.00021211621,0.009255623,-0.00012233309,0.011438713,0.0015014643,0.1242315,0.0009396839,-0.0012294836,-3.3671568e-06,-2.2232807e-05,-0.0010926778,0.0024893524,0.010968797
-0.0045732018,-0.0038764707,-0.00043730205,-0.0045394087,0.0012476789,-0.0028159139,-0.00095762406,-0.005310735,-0.0037356205,0.0051059807,-0.0005929677,0.00255404,0.002769531,0.0013530753,0.0020838238,0.00035095075,-0.004222313,-0.0031334967,-0.0011563995,0.000414803,0.0020102183,-0.0003331761,-3.16633e-05,-6.099875e-08,-0.010795987,0.00014189837,-0.0008319099,-0.000180121,-0.00055865,-0.00023642188,0.0076451628,-5.0545685e-05,0.004136945,0.0016799666,0.05318357,0.0014719086,0.000498934,-3.242889e-06,-1.6372933e-05,-0.001052166,0.00037940772,0.004792011
-0.002514373,-0.0007334553,3.3874705e-05,-0.0014145891,0.0020635913,-0.00020147394,0.00066113117,-0.0022587304,-0.0038993494,0.0029533827,0.00015267945,0.0036410522,0.0023190854,0.002304588,-0.0012961712,-0.0013520066,-0.0030355274,-0.00061253423,0.0005369998,-0.002416276,0.0016675938,-0.00018318217,-5.990917e-06,4.725143e-09,-0.0033642896,0.000234692,-5.9521768e-05,0.00012435319,-0.00023760171,-0.00024678404,0.004422087,1.3014684e-05,0.00589765,0.0014067313,0.09058344,-0.00091555034,-0.0019220989,-2.3313949e-06,-3.200572e-06,0.0004885966,-0.0022100941,0.0039752536
-0.0031688004,-0.0028035645,0.00067454495,-0.0025627187,0.0027087703,-0.0005310746,0.00047998666,-0.003337368,-0.00377551,0.0035237502,-0.0021177793,0.0025337606,0.0012301798,-0.0011138604,-0.00028470485,-0.002663932,-0.002940507,-0.0013151031,-0.0013458015,0.00038178638,0.0030552289,-0.00023085982,-2.2899723e-05,9.409149e-08,-0.006094864,0.00030806815,-0.0001568962,9.0281435e-05,-0.00035106638,-0.00023894644,0.005276096,-0.0001805235,0.0041040974,0.0007462133,-0.043781064,-0.00020110123,-0.003787216,-2.2584156e-06,-6.871587e-06,-0.001224496,0.0003492084,0.007283134
-0.0023023344,-0.00096675457,-0.0005934096,-0.00065870455,0.0012111376,0.00033403578,0.00060634234,-0.0013452068,-0.0035041678,0.0009943389,-0.00061212864,0.0029845515,0.0019364895,0.0021713662,-0.00017923885,-0.0014344687,-0.0027469695,7.612514e-05,0.0005855934,-0.001460385,0.0012577355,-0.0001677343,-7.896523e-06,-8.277401e-08,-0.0015665842,0.00013774254,9.868472e-05,0.00011404787,-0.00014150579,-0.00022177359,0.0014888194,-5.2179e-05,0.004834273,0.001174653,0.08534707,-0.00012660533,-0.0020393322,-2.109772e-06,3.977639e-07,0.0005328102,-0.0013357699,0.0029982226
-0.0045681503,-0.0024996568,0.0015605327,-0.0059796656,0.0008670932,-0.00093992485,0.0028871985,-0.0067961263,-0.0001321598,0.0053053997,-0.0052053574,0.004888998,0.002800398,-0.002269837,0.00060337444,-0.0025661113,-0.0033002896,-0.0014310845,-0.0023871497,0.005440096,0.0076820897,-0.00033280806,-2.0417381e-05,2.1767688e-07,-0.014221322,9.861441e-05,-0.0002776835,0.0005430576,-0.0007149022,-8.364198e-06,0.007943752,-0.00044371447,0.007919029,0.0016986902,-0.089217536,0.00042619344,-0.0036481477,-2.534742e-06,-7.477605e-06,-0.002171981,0.0049758903,0.018312765
-0.0024773716,-0.0020598955,-0.00047496113,-0.001995222,0.0020215064,-0.00015038793,-0.000570629,-0.003226638,-0.002020683,0.002179594,-0.0017750727,0.0036274882,0.0025826697,0.0034336036,0.0004466826,-0.001429942,-0.003198213,-0.0006647197,-0.00055821415,0.00030185288,0.0026304258,-0.00018048646,-1.682538e-05,-6.625177e-08,-0.0047451975,0.0002299057,-4.4429347e-05,-0.0001073305,-0.00033941845,-0.00012788603,0.0032634968,-0.00015131054,0.005875679,0.0015666186,0.13496019,0.0003155142,-0.0020328967,-2.4563433e-06,-3.4732477e-06,-0.0005078988,0.00027609567,0.0062704775
-0.004165601,-0.0015071068,-0.0016397,-0.0032149572,0.0011131862,-0.002000073,0.0007451869,-0.00490548,-0.0038142204,0.0050010225,-0.00018446488,0.0021404848,0.004023003,-0.00030345825,-0.0017632477,0.0002685797,-0.004131762,-0.002918791,-0.0013298551,-0.00059571327,0.0017889093,-0.00030348075,-1.231016e-05,-2.2871984e-07,-0.00764607,0.00012660254,-0.0005908847,0.00014016336,-0.00051602017,-0.00024139635,0.0074880095,-1.5724134e-05,0.0034670827,0.0024403087,-0.011927639,-0.0012454697,0.00038183006,-3.1733427e-06,-1.5251067e-05,-0.0012099869,-0.0005448808,0.0042644483
-0.0034116227,-0.001931212,-4.2343454e-05,-0.0024269782,0.0020554084,-0.0020239828,0.0008776569,-0.003661906,-0.0023870112,0.0030543068,-0.0014394808,0.0022333781,0.0012114409,-0.0011692065,-4.826364e-05,0.0006056505,-0.003378393,-0.002188655,-0.00081111817,0.0011106615,0.0023452856,-0.0002485504,-1.5774283e-05,-5.906439e-09,-0.005772035,0.00023376137,-0.00059794844,0.00016507985,-0.0003852054,-0.0001510704,0.0045732004,-0.00012270405,0.0036175484,0.0007348465,-0.04595648,-3.4091016e-05,0.0008610314,-2.5947281e-06,-1.1436011e-05,-0.000738007,0.0010158884,0.0055907527
-0.0028864192,-0.0015794092,6.9271715e-05,-0.00052599655,0.003206752,-0.000724548,0.0014646982,-0.0018286214,-0.005275213,0.0034206328,4.4758315e-05,0.0025235908,0.0024433737,0.00054400635,-0.0022222481,-0.00086507795,-0.004012336,-0.001303084,-0.0004335579,-0.0015160746,0.0012520745,-0.00021028722,-1.2900732e-05,9.662631e-09,-0.0012509674,0.00036470353,-0.00021405437,0.00027549735,-0.00019235743,-0.00033386043,0.0051216986,3.815283e-06,0.0040876246,0.0014821232,0.021382552,-0.0015696846,-0.0012298501,-3.0816193e-06,-6.808785e-06,-0.00039447861,-0.0013867074,0.0029847277
-0.0028591482,-0.0035768962,0.000121813384,-0.0014630243,0.0016849991,-0.0010853347,-0.0008792443,-0.0026532528,-0.0026710476,0.004355346,-0.0016821517,0.0013857367,0.0007486804,-0.00013335334,0.0011053197,-0.00077659544,-0.0022702967,-0.0021075802,-0.00200378,0.001911904,0.0023973426,-0.00020830042,-2.9216353e-05,1.6991606e-08,-0.0034794821,0.00019163475,-0.00032064214,-0.00016537843,-0.00027910256,-0.00016904665,0.0065212403,-0.00014338977,0.0022445682,0.00045414115,-0.005241547,0.0007807424,-0.0011040577,-1.74367e-06,-1.1012384e-05,-0.0018231669,0.0017487605,0.0057148477
-0.0031392807,4.1333842e-05,-3.5446254e-05,-0.0022664315,0.0016945507,-0.0013251205,0.0012601765,-0.002159872,-0.0027807765,0.0026677488,0.0013568727,0.0014758161,0.0006920021,0.00282088,-0.0005739697,-0.0011011274,-0.0029948086,-0.00082277204,7.843762e-05,-0.0019722916,0.000717044,-0.00022870919,3.3761788e-07,-4.9443565e-09,-0.0053902096,0.00019272105,-0.00039148243,0.00023702857,-0.00022720256,-0.00017599123,0.003994409,0.000115662384,0.0023904757,0.00041976076,0.110876665,-0.0004054234,-0.001565433,-2.3001214e-06,-4.2990923e-06,7.136755e-05,-0.0018039952,0.0017093081
-0.0021422894,-0.0027645093,0.0009845496,-0.0017475539,0.0018283236,-0.00037115684,-0.00015863345,-0.0024195928,-0.002371448,0.0041238135,-0.0016642852,0.0023216188,0.0009788963,0.00036101925,0.00020767684,-0.0011873713,-0.001856406,-0.0006885579,-0.0011514635,0.00014785932,0.0031083846,-0.00015607438,-2.2580716e-05,1.3733369e-07,-0.0041561737,0.00020793502,-0.00010965145,-2.9837613e-05,-0.00025452324,-0.00015008544,0.006174568,-0.00014186681,0.0037604775,0.0005937875,0.014190115,0.0001466925,-0.0016880429,-1.425787e-06,-3.5978057e-06,-0.0010476749,0.00013524243,0.007409848
-0.0035883784,-0.0013702527,0.00023030146,-0.0038972227,0.0010966475,2.9051851e-05,0.0012299399,-0.0036816522,-0.0018974051,0.0035520117,-0.0014890651,0.0028544064,0.002495387,0.002547852,0.001266944,-0.0014343049,-0.0032925853,-0.0007038382,-0.001830281,0.0023401093,0.003385006,-0.00026142778,-1.11923255e-05,3.2124483e-08,-0.009268689,0.00012472158,8.582834e-06,0.0002313413,-0.00038728255,-0.00012008396,0.0053184116,-0.00012693071,0.0046234685,0.0015136739,0.10014511,0.0008949057,-0.0020390993,-2.5288246e-06,-3.6776473e-06,-0.0016653063,0.002140427,0.008069266
-0.003036001,-0.002343563,-0.00012594555,-0.0015959995,0.0022277979,-0.0014724825,-0.00059464993,-0.0031077517,-0.00302445,0.0014329358,-0.0006903192,0.0041859457,0.0020970958,0.0019941786,-5.8601814e-05,-0.00016844389,-0.0039325044,-0.0016104168,0.0009541308,0.0007005767,0.0021828031,-0.00022118485,-1.9142395e-05,-1.7567997e-08,-0.0037957344,0.0002533672,-0.00043501784,-0.00011184863,-0.00032691247,-0.00019141295,0.0021455286,-5.884411e-05,0.0067802495,0.0012720749,0.07838259,-4.139338e-05,-0.0002394706,-3.0203057e-06,-8.4146395e-06,0.000868129,0.0006407962,0.0052034226
-0.004647846,-0.00220935,-0.00037679114,-0.0047632116,0.0013776924,-0.00075670565,-0.0009701501,-0.0060322024,-0.0032265424,0.0063318606,-0.0025207917,0.0049628452,0.0040631304,0.0027076865,0.0011987421,7.247366e-05,-0.004867998,-0.0025002463,-0.0025755945,0.003441837,0.004535403,-0.00033861422,-1.8046134e-05,-5.2558157e-08,-0.011328253,0.00015668481,-0.00022355474,-0.00018247704,-0.000634543,-0.00020420308,0.009480667,-0.00021487703,0.008038645,0.0024646495,0.10642751,0.0008467313,0.000103033184,-3.7387986e-06,-1.30641165e-05,-0.00234344,0.0031481436,0.010811612
-0.0067715985,-0.0060874587,0.0012025093,-0.008584318,-0.0017181474,-0.00034276582,-0.005672156,-0.014294678,-0.0024068784,0.0063937698,-0.0088781,0.011960114,0.008012216,0.009581963,0.0051546996,-0.0021760138,-0.008098334,-0.0021513486,-0.006256367,0.0056659174,0.009251305,-0.0004933381,-4.9722814e-05,1.6773662e-07,-0.020415915,-0.0001954047,-0.00010126385,-0.0010668846,-0.0015036943,-0.00015232776,0.009573364,-0.0007567859,0.019372579,0.0048601204,0.37662575,0.0036410212,-0.0030935602,-6.2198137e-06,-1.124108e-05,-0.0056924415,0.0051824427,0.0220535
-0.0037804737,-0.0034389675,0.0002549942,-0.0012615676,0.004041122,-0.0014036659,-0.0011744827,-0.003659588,-0.006243077,0.007146676,0.0006995315,0.003531994,0.0024606455,0.0036797496,0.00034589192,-0.00048426556,-0.0040491484,-0.002354668,-0.0015758404,-0.0013207905,0.002008386,-0.00027542267,-2.8089742e-05,3.5568842e-08,-0.0030003616,0.0004595963,-0.00041468724,-0.00022091028,-0.00038496158,-0.0003951151,0.010700687,5.9629383e-05,0.0057210014,0.0014926001,0.14463514,0.00024432072,-0.00068846287,-3.1098925e-06,-1.2303451e-05,-0.0014338001,-0.001208087,0.0047876425
-0.006087291,-0.002859706,0.0016932741,-0.0054900846,0.0024163565,6.435026e-05,-0.0043499153,-0.0067240065,0.00034498377,0.0053986465,-0.0024306148,0.009394318,0.0026258905,0.007869745,0.00026539556,-0.006035423,-0.00569339,-0.0025805263,-0.0013777851,0.0030917416,0.007633836,-0.0004434836,-2.335829e-05,2.3619283e-07,-0.013056961,0.00027481193,1.9011099e-05,-0.00081818237,-0.0007073157,2.1833512e-05,0.00808337,-0.00020719018,0.01521659,0.0015928359,0.30932584,0.00018746211,-0.008580343,-4.3727296e-06,-1.348359e-05,-0.0012535967,0.002827922,0.018197738
-0.003497954,-0.004888435,0.00060068537,-0.002003151,0.0022569061,-0.0019079058,-0.0020794582,-0.004404144,-0.0033209827,0.006193367,-0.002355735,0.0044966913,0.0022058473,0.0032457046,0.0023650776,-1.0306598e-05,-0.003056773,-0.0028420887,-0.002305401,0.0033517322,0.004102382,-0.00025483998,-3.99291e-05,8.37889e-08,-0.004764055,0.00025667768,-0.00056365563,-0.00039112853,-0.00046328333,-0.00021018008,0.009273302,-0.00020080729,0.007283584,0.0013380423,0.1275747,0.0016705722,-1.4652517e-05,-2.3477123e-06,-1.4850288e-05,-0.0020976008,0.0030657277,0.009779365
-0.0039256006,-0.002333079,-0.0011151918,-0.002725514,0.0014414804,-0.0027852915,0.000321437,-0.0050162394,-0.0045486903,0.004307209,-9.737478e-05,0.0021940323,0.0031398307,0.00050764106,-0.00067113695,0.0006605451,-0.0038391664,-0.002873887,-0.0014323406,-0.0007157129,0.0012558091,-0.00028599575,-1.9056763e-05,-1.555568e-07,-0.006482037,0.00016393939,-0.0008228631,6.0459584e-05,-0.00052767125,-0.00028787987,0.0064491653,-8.30041e-06,0.0035538173,0.0019045862,0.019953188,-0.00047405748,0.0009390731,-2.9486187e-06,-1.5016439e-05,-0.0013032347,-0.00065464084,0.0029936305
-0.003175525,-0.0023256633,-0.00031240916,-0.0008721354,0.0031481467,-0.0025734254,0.0009784427,-0.0033126094,-0.0055584423,0.004870471,0.0008895544,0.002737406,0.0027870163,0.0002569361,-0.0013247579,0.00022983283,-0.003418581,-0.0031021195,-0.0006103378,-0.0010393113,0.0014337378,-0.00023134974,-1.899619e-05,-4.357759e-08,-0.0020741825,0.00035803835,-0.00076027116,0.00018403682,-0.000348462,-0.00035178557,0.007292535,7.582729e-05,0.004433955,0.001690573,0.010099053,-0.0009357426,0.00032674504,-2.625594e-06,-1.6208984e-05,-0.00055532425,-0.00095062645,0.0034177816
-0.0034587048,-0.0012371624,-0.0001565938,-0.0025699576,0.0014377052,-0.001420979,0.000989067,-0.0030798572,-0.00055324205,0.0022697141,-0.0024985122,0.0041272803,0.0020570788,0.0013547551,0.002092945,-0.00054151163,-0.0028678426,-0.0018683417,-0.0010231019,0.0037332315,0.003767149,-0.00025198053,-1.0105234e-05,-2.1843086e-08,-0.00611208,0.00016351005,-0.0004198021,0.00018603515,-0.00032397817,-3.501387e-05,0.003398433,-0.00021297789,0.0066852253,0.001247801,0.0532496,0.0014783513,-0.00076984754,-2.202607e-06,-9.7623315e-06,-0.0009308833,0.0034146735,0.008980228
-0.0044971565,-0.004308369,0.00040205498,-0.0041569113,0.0014257556,-0.0019815206,-0.0031596252,-0.0062005445,-0.004131099,0.006966604,-0.0020066113,0.004706978,0.0034331954,0.005181587,0.0029779358,0.00041617814,-0.0047882805,-0.0024382197,-0.0024169874,0.0022372296,0.00322903,-0.0003276359,-3.519108e-05,5.608218e-08,-0.009886301,0.00016215102,-0.00058540376,-0.0005942988,-0.00065225136,-0.00026145115,0.010431066,-0.00017104733,0.007624199,0.002082538,0.2036659,0.0021034644,0.00059166545,-3.6775727e-06,-1.2740019e-05,-0.0021991292,0.002046326,0.0076974453
-0.0028879617,-0.0028874641,0.0014049322,-0.0030855634,0.003409948,-5.1095092e-05,-0.0032231812,-0.0041011907,-0.0013626767,0.00668834,-0.0018206164,0.0044887294,0.0020145765,0.0051349993,0.0014223012,-0.0013923835,-0.0023993724,-0.0013796941,-0.0020282334,0.00017458053,0.004095029,-0.0002103996,-2.3585022e-05,1.9597236e-07,-0.0073383353,0.000387813,-1.5095105e-05,-0.00060625316,-0.0004314149,-8.624179e-05,0.010014422,-0.00015519277,0.007270688,0.0012220195,0.20183475,0.0010046422,-0.0019795012,-1.8428049e-06,-7.2090834e-06,-0.001845416,0.0001596835,0.009761836
-0.0038435217,-0.0024895,0.0002287894,-0.0021791551,0.0029202043,-0.0027975591,0.0002982942,-0.004501039,-0.0051631685,0.0054339753,0.0012724095,0.003905841,0.0030877863,0.00201488,-0.0013664193,-0.00060206716,-0.003991572,-0.0028331662,-0.0010754718,-0.0015365982,0.0023097205,-0.000280016,-2.033442e-05,3.1913565e-08,-0.005182642,0.0003321145,-0.0008264873,5.6106623e-05,-0.000473476,-0.00032676928,0.008136268,0.00010846258,0.0063265455,0.0018730167,0.079196274,-0.00096517004,-0.00085593713,-3.065672e-06,-1.4803666e-05,-0.0009785327,-0.0014054797,0.0055059716
-0.005036141,-0.006585975,0.0040686685,-0.004821836,0.0055466285,-0.00405899,0.0010933859,-0.009924152,-0.0026688455,0.0075417086,-0.004033461,0.014686465,0.00478814,0.0020340267,-0.0010820576,-0.0015932489,-0.005450567,-0.0044055227,-0.0020561514,0.005330801,0.011809707,-0.00036690306,-5.3794734e-05,5.675338e-07,-0.0114676785,0.00063081743,-0.001199154,0.00020565664,-0.0010439473,-0.00016890728,0.011292168,-0.00034381982,0.023788625,0.0029044321,0.07994884,-0.00076431123,-0.0022650645,-4.186233e-06,-2.3019436e-05,-0.0018708176,0.0048759216,0.028152285
-0.0038144044,-0.0024577123,0.0021932672,-0.0044095633,0.0022809296,-0.0005797691,0.00019022985,-0.0050378283,-0.0026448227,0.005586234,-0.001841926,0.00448508,0.0018250011,0.0011549424,-0.00013224204,-0.0032343029,-0.0039149732,-0.00066733954,-0.0009897506,-0.0014118075,0.0046575284,-0.00027789467,-2.0074776e-05,3.0593628e-07,-0.010487178,0.00025940986,-0.0001712821,3.5780628e-05,-0.0005299422,-0.00016738691,0.008364243,-0.00015700924,0.0072647766,0.0011070253,0.04539582,-9.3409144e-05,-0.0045980914,-3.006841e-06,-3.486937e-06,-0.0009005382,-0.0012913374,0.011102737
-0.005393331,-0.0021568132,0.00094454293,-0.0049386593,0.0019362575,-0.0023747075,0.0015483343,-0.0061674714,-0.0020683582,0.0046534766,-0.0030724395,0.004749106,0.0021399064,-0.0006988287,0.00016689578,-0.0010122303,-0.005105011,-0.0028374898,-0.0015556563,0.0036056105,0.005535756,-0.0003929258,-1.761701e-05,1.317532e-07,-0.011745517,0.00022021034,-0.0007015636,0.00029122859,-0.00064877234,-0.00013090333,0.0069676302,-0.0002619005,0.0076924367,0.0012980433,-0.027467953,0.00011788681,-0.0014390512,-3.9208335e-06,-1.4826258e-05,-0.0014154353,0.0032979425,0.013196278
-0.0031258536,-0.0012815299,-5.960348e-06,-0.0005282868,0.003217078,-0.0016030145,0.0016678419,-0.0027317053,-0.0043292292,0.0039803656,0.0006343097,0.002772718,0.0010208338,0.0016914803,-0.0014080915,-9.10614e-05,-0.0031311573,-0.0021528895,-0.00072263496,-0.0003708813,0.0016139175,-0.00022773098,-1.0467631e-05,-8.31402e-10,-0.0012564142,0.0003658779,-0.00047358114,0.000313707,-0.0002873552,-0.0002739905,0.005959784,5.4069755e-05,0.0044911522,0.0006192264,0.06648482,-0.0009946052,-0.00012945871,-2.404842e-06,-1.1249132e-05,-0.00065749936,-0.00033923384,0.0038472984
-0.0023951153,-0.0006737551,-0.0007505331,-0.0004562873,0.0021429341,-0.000647616,0.0009962978,-0.0010126239,-0.002932584,0.0013839963,-4.965719e-05,0.00089632056,0.00082383363,0.00073638494,-0.00091535324,-0.0011796841,-0.0024404884,-0.0009884066,-0.0003353801,-0.00055688823,0.00067369075,-0.00017449376,-5.5032815e-06,-1.0469098e-07,-0.0010851792,0.00024371565,-0.00019132622,0.0001873952,-0.000106520536,-0.0001855989,0.0020722516,-4.232872e-06,0.0014518289,0.0004997283,0.028944127,-0.00064655964,-0.0016771142,-1.8743834e-06,-5.1645548e-06,-0.00030515017,-0.0005093688,0.0016059616
-0.003531023,-0.0025990745,-0.00020138413,-0.0024106281,0.0012842704,-0.0016091681,-0.0019693465,-0.004215316,-0.0045738933,0.004767838,-0.0009364715,0.0029192513,0.0027975752,0.0013687458,0.00032540134,0.00022030529,-0.0038842047,-0.0020339452,-0.0013839486,-0.0005071046,0.0017447642,-0.0002572492,-2.1229433e-05,-2.8090836e-08,-0.00573315,0.00014605993,-0.0004753991,-0.00037041746,-0.00044342002,-0.00028947493,0.007138863,-7.98266e-05,0.004728502,0.0016969779,0.053799514,0.0002298472,0.00031320006,-2.9832097e-06,-1.0627631e-05,-0.0012592047,-0.0004638332,0.004159214
-0.004200166,-0.0045484006,0.0010504286,-0.00377703,0.0015329763,-0.0025080212,-0.0015543636,-0.0047729006,-0.0033356377,0.0060647894,-0.0016409127,0.0039044155,0.0020992246,-0.00031752966,0.0014652368,-0.00020588888,-0.0037831767,-0.003059992,-0.0011637321,0.0018479135,0.0035842555,-0.00030599895,-3.7151673e-05,1.4652306e-07,-0.008982836,0.00017434522,-0.00074094866,-0.00029236267,-0.0005020738,-0.00021110757,0.0090807825,-0.0001398745,0.0063242367,0.0012733662,-0.0124807255,0.0010349698,-0.0002927048,-2.9056166e-06,-1.5988862e-05,-0.0010588376,0.0016902303,0.008544241
-0.003551661,-0.002348879,1.986936e-05,-0.002077313,0.0023186193,-0.0004973638,-0.0009297362,-0.0039765052,-0.004949985,0.006141544,-0.00052592106,0.0048034103,0.0029817843,0.0030968813,-2.7231494e-05,-0.00072157534,-0.0036972496,-0.0019656126,-0.0009079124,-0.00035270868,0.002682784,-0.00025875276,-1.9185816e-05,2.7715539e-09,-0.004940433,0.0002636963,-0.00014693697,-0.00017487553,-0.0004182989,-0.0003132772,0.009195707,-4.48305e-05,0.0077803973,0.001808717,0.12172509,-1.9234962e-05,-0.0010258376,-2.8396214e-06,-1.0270585e-05,-0.00082607655,-0.00032261192,0.0063952906
-0.0033978452,-0.002465351,0.0013168403,-0.0029346293,0.0035002541,-0.0008831118,-0.000849781,-0.004785243,-0.0041254424,0.004912694,-0.00011066452,0.00677193,0.0027215981,0.0061482606,0.00022142073,-0.0006129595,-0.0044523985,-0.0007701628,0.00028151192,-0.0028605678,0.0035296166,-0.00024754665,-2.013717e-05,1.8368452e-07,-0.006979372,0.0003980835,-0.0002608991,-0.00015983662,-0.0005033721,-0.00026109314,0.0073557557,-9.433252e-06,0.010968937,0.001650891,0.2416617,0.0001564005,-0.00087142235,-3.4196032e-06,-4.024202e-06,0.0002561375,-0.0026164744,0.008413992
-0.0035386267,-0.0015847391,-0.00078164437,-0.0023534847,0.0010320107,-0.0012515215,-0.00022372947,-0.003987369,-0.0034928313,0.0032483067,-0.0015265163,0.0027926778,0.0023014443,0.00047841537,-9.5517724e-05,8.5141975e-05,-0.003678968,-0.0016148714,-0.0011486189,0.0007896112,0.0019045874,-0.00025780316,-1.2944266e-05,-1.0903066e-07,-0.005597247,0.00011737045,-0.000369739,-4.2081625e-05,-0.0004194417,-0.0002210561,0.0048636757,-0.00013012312,0.0045234826,0.0013960304,0.018804451,-6.746893e-05,0.00012104327,-2.8255806e-06,-8.437916e-06,-0.0010450867,0.0007222334,0.004540205
-0.0032247773,-0.0016092217,0.0004851917,-0.0008797037,0.0026115407,-0.0017510046,3.7057325e-06,-0.0033836577,-0.0036962284,0.0013876801,0.0015533085,0.0045103673,0.0018620028,0.0022836002,-0.0021585093,-0.0007691651,-0.0044278763,-0.0015616368,0.0007266725,-0.002199582,0.0011847452,-0.00023493796,-1.3144242e-05,6.7678826e-08,-0.0020921822,0.00029701024,-0.0005173021,6.97017e-07,-0.00035593574,-0.00023392882,0.0020777674,0.00013240693,0.007305736,0.0011294701,0.08975851,-0.0015246627,-0.0010934942,-3.4007692e-06,-8.159758e-06,0.00066117296,-0.002011891,0.0028242264
-0.0031825043,-0.0018602316,-0.00089433196,-0.0028783996,0.000725801,-0.0006045698,0.00074751524,-0.003544828,-0.0025909897,0.0046518687,-0.0013924616,0.0034923006,0.0029534155,0.0015177348,0.00063285953,-0.00026543235,-0.0028122512,-0.0016505319,-0.0011727776,0.0019700315,0.0024603135,-0.00023185821,-1.519451e-05,-1.2474932e-07,-0.0068456414,8.254526e-05,-0.00017860901,0.0001406013,-0.00037288966,-0.0001639799,0.006965223,-0.00011869605,0.005656707,0.0017915089,0.059655633,0.00044702023,-0.00037735558,-2.1599108e-06,-8.624246e-06,-0.0010670678,0.001801928,0.005864959
-0.0029797782,-0.0021942926,0.00023204228,-0.00388035,-0.00060976774,0.00069003383,-0.0031174447,-0.005956513,-0.002824537,0.004581662,-0.004637598,0.0074032075,0.0040325215,0.006258641,0.0038259255,-0.00011622312,-0.003553654,-0.00028315815,-0.0028362707,0.0022917865,0.0039158976,-0.0002170888,-1.7923145e-05,3.2367307e-08,-0.00922856,-6.934881e-05,0.0002038578,-0.000586365,-0.0006265811,-0.00017876076,0.0068601025,-0.0003953176,0.011991458,0.0024460824,0.24600028,0.002702442,-0.00016523022,-2.729335e-06,-1.4795386e-06,-0.0025806199,0.0020962274,0.009334818
-0.0035556755,-0.0020967429,-0.0008366635,-0.0017236843,0.0019051149,-0.001861099,0.0012769604,-0.003989405,-0.004080003,0.0041612764,0.00020613498,0.0020413802,0.0019902699,0.00087508524,-0.00076257944,0.00028536387,-0.0034992753,-0.0025467114,-0.0013779498,-0.00017001902,0.0013382568,-0.00025904522,-1.7126351e-05,-1.1670521e-07,-0.0040994044,0.00021666849,-0.00054982747,0.00024018546,-0.00041965587,-0.00025821736,0.006230661,1.7571334e-05,0.0033065567,0.0012072754,0.03439584,-0.0005386479,0.0004056915,-2.68757e-06,-1.33069025e-05,-0.0012537466,-0.00015551122,0.0031901712
-0.0024253894,-0.0014525242,-0.0006279142,-0.001429569,0.0024504508,-0.00016451062,0.00084303995,-0.0014629388,-0.0027858554,0.0028752708,-0.0013621175,0.0013842884,0.0018176946,0.0012658618,0.0005417344,-0.0016841451,-0.0027018932,-0.0010798622,-0.0009795402,0.00031539355,0.0014247149,-0.00017669935,-1.1864326e-05,-8.758702e-08,-0.003399916,0.0002786895,-4.8601636e-05,0.0001585687,-0.00015389033,-0.00017631266,0.0043051303,-0.000116109455,0.0022422222,0.0011025933,0.049755584,0.00038265402,-0.0023942883,-2.0751518e-06,-5.6424224e-06,-0.0008912481,0.0002884809,0.0033962724
-0.003289184,-0.0011942945,-0.000121329154,-0.0012926268,0.0028576148,-0.0015005971,-1.48171675e-05,-0.0029157186,-0.005424008,0.004037279,0.0013925331,0.0037643462,0.0021537817,0.0022986215,-0.001479452,-0.00046355702,-0.0036129742,-0.0018068263,0.00022804958,-0.002497906,0.001250047,-0.00023963026,-9.7550865e-06,-1.6924062e-08,-0.0030742292,0.0003249962,-0.00044332378,-2.7869842e-06,-0.000306712,-0.0003432774,0.0060450006,0.00011870214,0.0060973573,0.0013064599,0.09034893,-0.0010450108,-0.00065902225,-2.774895e-06,-9.440905e-06,0.00020749404,-0.0022847587,0.0029798946
-0.0035899687,-0.0014564942,0.0013559859,-0.003331346,0.0011338519,0.00072981213,0.00019080288,-0.0023348944,-0.0014622847,0.0023545416,-0.0025623627,0.003309721,0.00088398566,-0.00081760774,0.00024816196,-0.004375485,-0.0027984055,-0.00027096045,-0.00037855783,0.0017318702,0.0043725614,-0.0002615436,-1.1896753e-05,1.8914488e-07,-0.007922875,0.00012895284,0.00021560956,3.588841e-05,-0.0002456136,-9.254583e-05,0.003525445,-0.00021842062,0.0053609707,0.00053621584,-0.032136645,0.00017528917,-0.006220469,-2.1492767e-06,-1.415804e-06,-0.00034443603,0.0015840891,0.010423426
-0.0037884472,-0.00077736087,0.00042992143,-0.003088194,0.0012173055,-0.00025350333,0.00094508636,-0.0024771816,-0.0013222399,0.0018280903,-0.0012866496,0.0025958072,0.00095862313,0.002001686,0.00017084785,-0.0033856898,-0.003615239,-0.0007240036,-0.00074172806,0.0014449698,0.0029906477,-0.0002760036,-6.3495413e-06,5.996924e-08,-0.0073445914,0.00013844403,-7.489289e-05,0.00017776276,-0.00026058118,-8.36826e-05,0.0027371917,-0.00010967643,0.0042045983,0.0005814901,0.07867767,0.000120678356,-0.004813313,-2.7766343e-06,-3.783014e-06,-0.0006748715,0.00132167,0.0071291835
-0.0041082,-0.003136464,2.90944e-05,-0.0043739057,0.0015138439,-0.0039113676,-0.0012267692,-0.006518487,-0.0021925294,0.005828509,-0.00066264946,0.0030317989,0.002899387,0.0021403204,0.0005561549,0.0012537688,-0.0039389376,-0.0037808232,-0.002014847,0.0021977248,0.002790324,-0.00029929884,-2.561887e-05,4.058344e-09,-0.010402375,0.0001721693,-0.0011555415,-0.00023074492,-0.00068569655,-0.00013876194,0.008727001,-5.648549e-05,0.0049108025,0.0017587357,0.08412679,0.00039283992,0.0017824378,-3.0252465e-06,-1.97553e-05,-0.0018332362,0.002010192,0.006651647
-0.004863129,-0.0022871837,3.3242453e-05,-0.0018900819,0.0035571344,-0.0027450717,-0.00010471366,-0.005255389,-0.008723537,0.005445315,0.0006233618,0.00512114,0.0046746293,0.001132243,-0.002862161,-0.00016152242,-0.005771771,-0.0030753026,-0.0011664676,-0.0018795652,0.0012920476,-0.00035429845,-1.8681885e-05,4.636951e-09,-0.004495145,0.0004045525,-0.00081098086,-1.9695755e-05,-0.000552828,-0.0005520998,0.008153247,5.3136533e-05,0.008295044,0.002835578,0.044503603,-0.002021687,-0.00022963059,-4.432929e-06,-1.6068861e-05,-0.0010613266,-0.0017191812,0.0030800165
-0.004372968,-0.0028891566,0.00031689927,-0.0014116598,0.0031125871,-0.0016441918,0.0011747598,-0.0035079014,-0.0068968637,0.007144861,0.0009706897,0.005034491,0.0019253341,0.0024168557,-3.3846882e-06,-6.83479e-05,-0.0043176897,-0.0027713415,-0.0010747949,7.2999683e-06,0.0025232732,-0.00031858825,-2.3598845e-05,4.4203908e-08,-0.003357323,0.00035399417,-0.0004857462,0.0002209624,-0.00036900525,-0.0004364923,0.010697969,8.274342e-05,0.008154694,0.0011678862,0.09499621,-2.390774e-06,-9.7167744e-05,-3.316142e-06,-1.44806245e-05,-0.0009779169,6.6770594e-06,0.006015044
-0.0029854917,-0.00066260307,-0.00041451823,-0.0018371961,0.0013035395,0.00030335895,5.0388044e-06,-0.0014530618,-0.0033374454,0.0022155903,-0.0011600062,0.0028411692,0.0020749078,0.001287949,-0.00058462174,-0.0025923941,-0.002973077,-0.000662377,0.00036246155,-0.00038313202,0.0018654445,-0.00021750505,-5.412191e-06,-5.7820664e-08,-0.0043693674,0.00014825139,8.962181e-05,9.477566e-07,-0.00015285134,-0.00021122198,0.0033173938,-9.888111e-05,0.004602027,0.0012586159,0.05062374,-0.00041294747,-0.003685513,-2.2834306e-06,-3.461007e-06,0.00032979064,-0.00035043922,0.004446895
-0.0045276564,-0.0042618196,-3.283564e-05,-0.004560206,0.00089298794,-0.002651455,-0.00079382467,-0.0057714414,-0.002597326,0.00396886,-0.0023419373,0.00358528,0.002822036,0.0004289922,0.0029804658,-9.8562276e-05,-0.0038960609,-0.0031407923,-0.0015786216,0.0020874892,0.0032443018,-0.00032985792,-3.481086e-05,-4.580205e-09,-0.010845449,0.00010155942,-0.0007833236,-0.00014931172,-0.0006071129,-0.00016438091,0.005942557,-0.00019963115,0.0058073117,0.0017118155,0.01686184,0.0021052517,-0.00014012243,-2.9923158e-06,-1.6411053e-05,-0.0014363305,0.001909363,0.0077338507
-0.002957752,-0.001945813,-8.5913634e-05,-0.003166696,0.0013925825,-0.00093136204,0.00030215763,-0.0028802715,-0.0012269218,0.0020431885,-0.0019004593,0.001940619,0.0022999803,0.0006267388,0.001675924,-0.001284769,-0.0027161383,-0.0017487644,-0.0016677679,0.0022854495,0.0026737996,-0.0002154841,-1.5893545e-05,-1.19839925e-08,-0.0075312913,0.00015837826,-0.00027515375,5.6833298e-05,-0.00030298324,-7.765006e-05,0.0030592573,-0.00016199873,0.003143347,0.0013951424,0.02463441,0.0011837888,-0.0018265097,-2.0860925e-06,-9.137524e-06,-0.0015174415,0.0020904313,0.006373873
-0.0021177744,-0.0005514849,-0.0010070694,-0.0013184975,0.0005113637,0.00048975257,0.00035489694,-0.0009359084,-0.0019296638,0.001116754,-0.0017989904,0.0015449796,0.0015957083,0.0008575521,0.0011608703,-0.0012922207,-0.0021926682,-0.0003227028,-0.0005092588,0.0014623231,0.0012181492,-0.00015428837,-4.5045695e-06,-1.4047492e-07,-0.0031357568,5.8157333e-05,0.00014468838,6.675312e-05,-9.845063e-05,-0.00012212557,0.001672111,-0.00015334933,0.0025025043,0.00096793886,0.033706687,0.0008199806,-0.0018371034,-1.6840485e-06,-1.6861646e-06,-0.00046335615,0.0013375425,0.0029038556
-0.0038806698,-0.0026138674,0.0014885834,-0.0026696706,0.004905235,-0.0025538849,-0.0012836771,-0.0048736534,-0.004079899,0.0057255276,0.00016884314,0.007911484,0.003497185,0.005441031,-0.00049038674,-0.002256378,-0.0037403947,-0.0029885885,-0.00039404578,-0.00019468446,0.0051513957,-0.00028272238,-2.1350263e-05,2.0764075e-07,-0.0063492255,0.0005578718,-0.00075449824,-0.00024144881,-0.00051267224,-0.00025821076,0.008572808,1.4392507e-05,0.012814746,0.0021213533,0.21386354,-0.0003463846,-0.0032078112,-2.8727586e-06,-1.561577e-05,-0.00035852796,-0.00017807196,0.012280031
-0.0027733652,-0.002753228,0.00015662401,-0.0018789549,0.0011129052,-0.0012109899,-0.0008882084,-0.002449271,-0.0023004806,0.0027192421,-0.00069767854,0.0019354408,0.00078244874,0.00037096225,0.00045963426,-0.0010711125,-0.0025322866,-0.0016060825,-0.000629397,0.0006493443,0.0015703645,-0.00020205078,-2.248857e-05,2.18473e-08,-0.0044686818,0.00012657058,-0.00035776466,-0.0001670645,-0.00025764518,-0.00014559401,0.0040715095,-5.9471433e-05,0.0031349598,0.00047462469,0.0145809315,0.0003246626,-0.0015227619,-1.9448878e-06,-8.391993e-06,-0.0005726655,0.0005939355,0.0037434755
-0.003676752,-0.0026314766,-0.0005663465,-0.0017033748,0.0031140875,-0.0016821516,-0.0005808796,-0.0043488382,-0.0063875057,0.0054486278,0.0009569797,0.0030147175,0.0030894058,0.0026988995,-0.00060203666,0.00048315653,-0.0043966044,-0.0021351278,-0.001107963,-0.0028806406,0.000786872,-0.00026786615,-2.1494096e-05,-7.8999015e-08,-0.0040511033,0.0003541648,-0.0004969607,-0.00010925855,-0.0004574656,-0.00040425576,0.008158207,8.157475e-05,0.0048831347,0.0018739991,0.106082134,-0.0004252485,0.0006868862,-3.3767512e-06,-1.1156324e-05,-0.0010080955,-0.0026348345,0.001875766
-0.0036352011,-0.002087797,0.000573791,-0.0038088798,0.0012696495,-0.00049002393,-0.0006081873,-0.005385838,-0.0018484313,0.004151117,-0.0025801733,0.0052839904,0.004095192,0.003950655,-0.0003982692,-0.0023080637,-0.0050158687,-0.0011056163,-0.0016141975,0.0018200765,0.0040027215,-0.00026483898,-1.705328e-05,8.003743e-08,-0.009058584,0.00014439708,-0.00014476855,-0.00011439489,-0.0005665503,-0.000116984476,0.0062154494,-0.00021993883,0.008558824,0.0024840978,0.15528326,-0.0002813174,-0.0032812906,-3.8523685e-06,-5.7769907e-06,-0.0014686998,0.0016647687,0.009541792
-0.0034105056,-0.0008824583,-0.00022324725,-0.0016419977,0.0016631864,-0.0011528448,0.0007742141,-0.0028496715,-0.0017356031,0.001434431,-0.00060995674,0.0024088484,0.0003237169,0.0024160622,-0.00010226492,-0.0014194894,-0.0033499883,-0.0012574294,-0.0010257827,0.00092060847,0.002007151,-0.000248469,-7.2079847e-06,-3.1140498e-08,-0.0039051312,0.00018915399,-0.00034058676,0.00014562314,-0.00029976436,-0.00010984375,0.0021477672,-5.1993862e-05,0.003901769,0.00019636306,0.09496502,-7.223481e-05,-0.0020180368,-2.5729123e-06,-6.570234e-06,-0.0009333225,0.0008420526,0.0047846986
-0.0035157474,-0.002821112,0.00020015979,-0.0040114317,0.0012576716,-0.0019178153,0.0011419655,-0.0053845425,-0.0006511889,0.0045515075,-0.0013721813,0.0049689105,0.00245752,0.0026423624,0.000742725,-0.0007040842,-0.0028963592,-0.00235283,-0.0016561453,0.0037901488,0.004930209,-0.0002561363,-2.3043052e-05,2.7920056e-08,-0.00954031,0.00014303485,-0.00056658324,0.00021479407,-0.00056641403,-4.121278e-05,0.0068149525,-0.00011696732,0.008048468,0.0014907042,0.10385991,0.00052462367,-0.0010009711,-2.2245088e-06,-1.2293846e-05,-0.0015068665,0.003466734,0.01175276
-0.004838608,-0.0038747224,0.0014273343,-0.003944281,0.00040517183,-0.0013141184,0.00021157844,-0.006338576,-0.0012328182,0.0032471644,-0.0028891421,0.0064097876,0.00317566,0.0009923567,0.00043896755,-0.004573161,-0.003807413,-0.0016886347,-0.0021248972,0.0031265214,0.0060907127,-0.00035251203,-3.164902e-05,1.9909719e-07,-0.009380607,4.6080146e-05,-0.0003882321,3.979612e-05,-0.00066677126,-7.802324e-05,0.0048619653,-0.00024627591,0.010382351,0.0019263199,0.039005276,0.00031006467,-0.0065014972,-2.924231e-06,-8.823339e-06,-0.0019333669,0.0028597342,0.0145192
-0.004576049,-0.0019137495,-0.00067118317,-0.0020398197,0.0020048602,-0.00249855,0.00067608245,-0.0046308273,-0.0042355945,0.0054650805,-0.0007584883,0.0027633065,0.002187192,0.0004676794,-0.0010336095,0.00011599588,-0.0040750755,-0.0033332254,-0.001382108,0.00084084424,0.0021649105,-0.0003333835,-1.5631647e-05,-9.362255e-08,-0.0048512635,0.00022801252,-0.0007381506,0.0001271654,-0.00048712874,-0.0002680645,0.008182841,-6.4654974e-05,0.004475908,0.0013267263,0.018382467,-0.0007300899,0.00016490715,-3.1298055e-06,-1.7416542e-05,-0.00125753,0.0007690947,0.00516077
-0.0033692322,-0.0015653847,-0.000515303,-0.001407821,0.0016092691,-0.00038946955,0.00033942182,-0.004465824,-0.0055802874,0.00420715,-0.00040903385,0.0036691562,0.0037215536,0.0027000895,-0.0012461811,-0.00015055499,-0.0044165095,-0.00088820886,-0.0008946305,-0.0019709356,0.0010007215,-0.00024546208,-1.2786179e-05,-7.1879015e-08,-0.0033481931,0.00018302198,-0.00011506161,6.384238e-05,-0.00046977162,-0.0003531681,0.0062993476,-3.4866815e-05,0.0059431717,0.0022574528,0.10612891,-0.0008802398,-0.00021403859,-3.3920392e-06,-4.641008e-06,-0.0008139919,-0.0018027549,0.0023855458
-0.0030146488,-0.0036138045,0.00037021458,-0.0008793145,0.0021254276,-0.0007662665,-0.0005932279,-0.0021775507,-0.003234638,0.0027687736,-0.0016147916,0.0017487033,0.0005679288,-0.0010229431,0.0010066167,-0.0012604315,-0.0029232,-0.0015968356,-0.0013064552,0.0011755254,0.0020083662,-0.00021962926,-2.9517823e-05,5.16408e-08,-0.0020912564,0.00024172463,-0.00022637933,-0.00011158116,-0.0002290622,-0.00020471544,0.0041456725,-0.00013764788,0.0028324889,0.00034449925,-0.040207494,0.0007110236,-0.0017919099,-2.2451234e-06,-8.343676e-06,-0.0011886962,0.0010752174,0.0047875955
-0.0032885117,-0.0025653117,0.0006502302,-0.0019467201,0.0017329387,-0.0015215215,0.00023953183,-0.0035787162,-0.0028588236,0.003008355,0.00033257285,0.0027787327,0.0012833374,-0.0007963659,-0.0015138495,-0.00256785,-0.0027925225,-0.0016954064,-0.0004870455,-0.0010519908,0.0026122737,-0.00023958126,-2.0953657e-05,9.069985e-08,-0.004629846,0.00019708692,-0.00044950552,4.5053916e-05,-0.00037645444,-0.00018093071,0.0045043966,2.8349135e-05,0.004500895,0.00077845814,-0.031301722,-0.0010693073,-0.0036506196,-2.1447584e-06,-8.858721e-06,-0.00044314505,-0.00096222403,0.006227206
-0.0021943364,-0.0015728854,-0.0011686131,-0.0010475914,0.000776011,-0.00075377355,5.7076744e-05,-0.0016020827,-0.0022560721,0.0011433002,-0.00044707814,0.0006971671,0.00070180127,0.0009097721,0.00019303418,-0.000502304,-0.0021922202,-0.0011676847,-0.0005113521,-0.00071425,0.00031490275,-0.0001598662,-1.2847445e-05,-1.6300848e-07,-0.0024914662,8.825564e-05,-0.00022268851,1.0735654e-05,-0.00016852724,-0.00014278346,0.0017118584,-3.810978e-05,0.0011292471,0.0004257048,0.03575923,0.00013634967,-0.0007141075,-1.6837045e-06,-6.101306e-06,-0.00046526073,-0.0006533028,0.00075067335
-0.003947346,-0.002888701,0.0006419878,-0.0021085292,0.0021836276,-0.0034805555,0.0015917767,-0.0051486073,-0.0014458622,0.003169823,-0.0017251305,0.008151526,0.0028840299,0.0021971532,0.0006328389,-0.00041927455,-0.003703458,-0.0031111003,-0.00012217573,0.0032129793,0.0051398226,-0.00028757998,-2.3595123e-05,8.955013e-08,-0.005014674,0.0002483437,-0.001028266,0.00029939975,-0.0005415954,-9.150648e-05,0.0047461623,-0.00014705338,0.0132035585,0.0017494203,0.08636065,0.00044700567,-0.00059606746,-2.8443899e-06,-1.6255908e-05,-0.00011116327,0.0029388145,0.012252443
-0.004149042,-0.005317525,0.0017981736,-0.0023215157,0.0031365529,-0.0022521575,-0.0021313434,-0.0044005057,-0.0037465957,0.0040517123,-0.0033498856,0.005120176,0.0008576913,-0.0011766345,0.002470611,-0.0024192722,-0.0034701368,-0.0028228448,-0.0020112374,0.002629552,0.0041976687,-0.00030227436,-4.3433938e-05,2.5082514e-07,-0.0055212155,0.0003567198,-0.0006653585,-0.0004008877,-0.0004629006,-0.00023711649,0.0060666115,-0.00028555054,0.008293483,0.00052026595,-0.046248443,0.0017451156,-0.003439392,-2.6651906e-06,-1.4749736e-05,-0.001829952,0.0024051713,0.010006512
-0.0028966556,-0.0010672341,-0.00059279933,-0.0020354125,0.0010608976,0.00017189287,0.0010658007,-0.0028860448,-0.0030560805,0.0018093279,-0.002311985,0.0032637098,0.002654123,0.0012658986,0.0005845102,-0.0014444903,-0.003080958,-0.0002685259,-0.00067832606,0.0011999279,0.0021682656,-0.00021103298,-8.7172475e-06,-8.2688885e-08,-0.004840782,0.000120655764,5.0782583e-05,0.0002004681,-0.00030359055,-0.0001934148,0.0027090989,-0.00019707796,0.005286444,0.0016099613,0.04975703,0.0004128687,-0.0020535795,-2.3662874e-06,-1.4030833e-06,-0.00061718427,0.0010975376,0.005168768
-0.004160815,-0.0018178968,0.0014883126,-0.002770043,0.0023910142,-0.0010628382,0.002262714,-0.0041732723,-0.0023997524,0.0022031474,-0.0033482006,0.0036720445,0.00091328967,-0.003049184,-0.00091358024,-0.001613623,-0.0038991605,-0.0011492425,-0.0014750392,0.0035000783,0.004613273,-0.00030313205,-1.4848716e-05,2.07603e-07,-0.0065879393,0.00027192978,-0.000313996,0.00042559742,-0.00043899735,-0.00015187677,0.003298763,-0.00028540692,0.00594785,0.0005539913,-0.11985032,-0.00064530724,-0.0022940296,-2.9946964e-06,-6.0049433e-06,-0.0013420846,0.0032014153,0.0109972395
-0.0022390045,-0.0020053138,-0.0007339739,-0.0018165552,0.0011064583,-0.00083460077,0.0012811961,-0.002299372,-0.00190686,0.0034394744,-0.0007701348,0.00069491233,0.0011918956,0.00028287945,0.00055655075,-0.0009781889,-0.0018745136,-0.0017175922,-0.0009710512,0.0010361245,0.0012401696,-0.00016312047,-1.6379552e-05,-1.02381165e-07,-0.004320278,0.00012583737,-0.00024656742,0.00024098218,-0.00024187693,-0.00012068234,0.00514991,-6.564774e-05,0.0011255948,0.00072299055,0.011118775,0.00039311952,-0.0013906559,-1.4396943e-06,-8.974645e-06,-0.0008835243,0.00094771164,0.0029563487
-0.0026497147,-0.0015883658,-0.0012788827,-0.0017316908,-0.00024131197,-0.00026608346,-0.0007237524,-0.0032212595,-0.0016822102,0.0023319947,-0.0019753475,0.00080015365,0.0024621794,0.0018541242,0.0008828678,-0.0011132288,-0.0030287465,-0.00083934586,-0.0020737508,0.0013429753,0.0013276286,-0.00019304235,-1.2973889e-05,-1.7838985e-07,-0.0041184467,-2.7444383e-05,-7.860946e-05,-0.00013613173,-0.00033885264,-0.00010646459,0.0034916855,-0.00016838234,0.0012960611,0.0014935306,0.07287765,0.00062361354,-0.0015826372,-2.3261869e-06,-4.3856926e-06,-0.0018868307,0.0012283787,0.0031648355
-0.0038044748,-0.003032432,0.00055408524,-0.002105834,0.0029445693,-0.0012624986,-0.0007281939,-0.0036805337,-0.0058703274,0.003613134,-0.0002108787,0.0018720622,0.001089915,-0.0024113029,-0.0012294343,-0.0015560198,-0.003809784,-0.0015039735,-0.0009208307,-0.0021557766,0.0016298986,-0.00027717126,-2.476913e-05,7.72887e-08,-0.005008264,0.00033488552,-0.00037298194,-0.00013696712,-0.0003871649,-0.0003715243,0.00540993,-1.7975697e-05,0.0030323013,0.0006611303,-0.09477795,-0.0008684107,-0.002212137,-2.926052e-06,-7.85846e-06,-0.0008378305,-0.0019718234,0.0038853947
-0.0060099885,0.00022356561,0.00019634253,-0.008332368,-0.00045164966,-0.00076782703,0.0019094187,-0.007302616,0.0016926215,0.008213567,-0.005685513,0.0061056,0.005195996,0.0039856015,0.0022446874,-0.003092707,-0.0042734793,-0.0028145532,-0.0030532866,0.007760783,0.008786684,-0.00043785176,1.8261005e-06,2.738759e-08,-0.019816708,-5.1366063e-05,-0.00022684036,0.00035914555,-0.0007681811,0.00010712351,0.012298138,-0.00048464382,0.009889639,0.003151833,0.15665686,0.0015855347,-0.0043967897,-3.2821868e-06,-1.4706411e-05,-0.0027780747,0.007098553,0.020945925
-0.0038334825,-0.0018837461,0.00033383933,-0.0024501616,0.0019835616,-0.0027178237,0.001023734,-0.0049830396,-0.0015332752,0.0030235318,-0.0010177691,0.0065930407,0.0019637765,0.0029876048,0.00026195246,-0.00047232193,-0.0036551324,-0.002583703,0.00034188293,0.0015351444,0.00408214,-0.00027928458,-1.5386579e-05,4.6566857e-08,-0.0058271717,0.00022559022,-0.00080293097,0.00019255572,-0.00052417885,-9.703872e-05,0.004527121,-8.6756554e-05,0.010679178,0.0011912049,0.117429905,0.00018503008,-0.00067148305,-2.8072739e-06,-1.3500188e-05,0.0003110669,0.0014041499,0.009731111
-0.002506162,-0.0028263223,0.0021253284,-0.002843114,0.0026260568,-0.00022893632,0.00022810683,-0.0031046453,-0.0029597066,0.00422476,-0.001874244,0.0042753746,0.0009417045,-0.001028557,0.00016076466,-0.0017618795,-0.0016927973,-0.00023911189,-0.0007002573,-0.00051305577,0.004385838,-0.00018258396,-2.3085611e-05,2.9645958e-07,-0.0067617227,0.00029866112,-6.763502e-05,4.290497e-05,-0.0003265857,-0.00018731544,0.0063257148,-0.00015976408,0.0069251033,0.00057122746,-0.040428154,0.00011355609,-0.0025048004,-1.3001296e-06,-1.2493911e-06,-0.0006371387,-0.00046927654,0.010455074
-0.002773963,-0.0031758104,0.001121953,-0.0018933408,0.0014329557,-0.00072243734,0.00028522726,-0.0019372737,-0.0026718928,0.0022827042,-0.0023804097,0.003024758,0.00037854095,-0.001558152,0.0007075696,-0.002091839,-0.0022607571,-0.0010423774,-0.00090586895,0.001725086,0.003063948,-0.00020209434,-2.5940255e-05,1.5649992e-07,-0.0045028958,0.0001629699,-0.00021343082,5.364884e-05,-0.00020378684,-0.00016910014,0.003417883,-0.00020291061,0.004899398,0.00022961872,-0.061244257,0.0004997917,-0.0029738918,-1.7363433e-06,-5.4465595e-06,-0.00082421734,0.0015778837,0.0073039187
-0.0044991337,-0.0013638542,-2.2674794e-05,-0.0028332414,0.0020911777,-0.0021077076,-0.0003417905,-0.0044886917,-0.0048126224,0.0040130327,0.00078858854,0.0052465303,0.0030619337,0.0038659715,-0.00060749444,-0.0013213606,-0.0045058634,-0.0020108349,-0.0004937746,-0.0009789481,0.0026568067,-0.00032777994,-1.1140062e-05,-3.1628806e-09,-0.0067382427,0.0002378294,-0.0006226834,-6.428791e-05,-0.00047217714,-0.00030458375,0.0060086963,6.7220775e-05,0.008498147,0.0018573347,0.15195473,-0.00042910362,-0.0018785306,-3.4606662e-06,-1.0506877e-05,-0.0004492676,-0.0008954141,0.006333365
-0.003851377,-0.00083526643,0.00013049337,-0.00092652376,0.002442811,-0.0011007584,0.0021777404,-0.0033874987,-0.004535867,0.004696786,-0.001098389,0.0038276305,0.0018925566,0.0018782865,-0.0014924731,-0.0009770563,-0.0035317736,-0.0017760932,-0.0017434172,0.0017010176,0.002128849,-0.00028058825,-6.822518e-06,1.8202368e-08,-0.0022035334,0.0002778206,-0.0003251988,0.0004096146,-0.0003563398,-0.00028706828,0.0070324773,-9.362875e-05,0.006199863,0.0011480036,0.07382736,-0.0010542081,-0.0013890457,-2.71253e-06,-9.28032e-06,-0.0015862721,0.0015558691,0.0050748056
-0.0038981144,-0.0011959211,-0.00055457006,-0.0013700558,0.0022697719,-0.002172823,0.0010351628,-0.0038229697,-0.0033574014,0.0036277848,-0.00071889505,0.0023233404,0.0016007505,0.00076334894,-0.0013357976,-0.00046110316,-0.0033704434,-0.002579541,-0.0014053441,0.0011395928,0.0021066833,-0.0002839933,-9.768372e-06,-7.7356326e-08,-0.003258377,0.0002581409,-0.00064192055,0.00019470538,-0.0004021481,-0.00021248496,0.0054318663,-6.127997e-05,0.0037632661,0.0009709974,0.030003965,-0.0009435404,-0.0006555337,-2.5886225e-06,-1.3478441e-05,-0.0012786717,0.001042351,0.0050219665
-0.0029580456,-0.0028814173,0.00057963445,-0.0024463253,0.0019967419,-0.0014159384,-0.00083678367,-0.0029332787,-0.0024457774,0.004685274,-0.00031502324,0.0024851083,0.0011010873,0.0021618642,0.00096117775,-0.0009754664,-0.0023915216,-0.0018116534,-0.00073606876,8.275856e-05,0.0023441724,-0.00021550548,-2.353563e-05,8.085253e-08,-0.0058180476,0.00022708921,-0.00041831293,-0.00015739194,-0.0003085592,-0.00015478962,0.0070152404,-2.6853173e-05,0.004025292,0.0006679073,0.08497359,0.00067892775,-0.0013867853,-1.8367751e-06,-9.466127e-06,-0.00066972227,7.569674e-05,0.0055880994
-0.0030516363,-0.0019393852,0.0006620076,-0.00269571,0.0014060844,8.646707e-05,-0.00055947073,-0.003014193,-0.0020574636,0.0015252555,-0.0025851664,0.0071459217,0.0018479214,0.001769079,0.00054279785,-0.0016721399,-0.0031677466,-0.00054776395,0.0017824357,0.0011144402,0.004729313,-0.00022232394,-1.5841042e-05,9.234267e-08,-0.0064111543,0.00015991382,2.5545105e-05,-0.000105231724,-0.00031707078,-0.00013021383,0.0022837585,-0.00022036445,0.011574715,0.0011209284,0.06953489,0.0003834052,-0.002377221,-2.432944e-06,-2.8621387e-06,0.0016217736,0.0010193445,0.011273859
-0.004832672,-0.0025671194,0.00079232303,-0.0029840046,0.0024412647,-0.0008404596,-0.001991406,-0.005088492,-0.0031162486,0.0048443363,-0.0011118976,0.007629478,0.0027939542,0.0057163713,-0.000730816,-0.0036569766,-0.0048412876,-0.0021717167,-0.00066530984,0.0011775508,0.005299596,-0.00035207954,-2.0968422e-05,1.1052021e-07,-0.0070968,0.00027764475,-0.0002482983,-0.00037456668,-0.00053527165,-0.00019722276,0.007253404,-9.478025e-05,0.012357963,0.0016947815,0.22468598,-0.0005162118,-0.0051989914,-3.718284e-06,-1.1347505e-05,-0.0006053413,0.0010770699,0.012633315
-0.0024036227,-0.0018910846,-0.0003812999,-0.0009942941,0.002466369,-0.0006801407,0.0005341036,-0.0018358987,-0.004190759,0.0020396626,-7.1026094e-05,0.0009295537,0.0014023476,0.00053646066,-0.00042413973,-0.0010161318,-0.003032636,-0.00059059524,-0.0008386882,-0.0020338423,0.00033695207,-0.00017511356,-1.544652e-05,-5.318708e-08,-0.0023647102,0.00028049987,-0.00020093504,0.00010046038,-0.00019312295,-0.0002652269,0.0030539779,-6.054398e-06,0.0015056588,0.0008506484,0.021085963,-0.00029959102,-0.001444598,-2.329174e-06,-3.0859378e-06,-0.000763092,-0.0018602938,0.0008032351
-0.0029783135,-0.0032969876,6.240129e-05,-0.0042970907,0.00031598815,-0.0018767018,-0.00015937391,-0.0071080737,-0.0037568898,0.0031804969,-0.003185244,0.0056266626,0.004523252,0.002349137,0.0012989128,0.0011472986,-0.0036259908,-0.00075607037,-0.0026182826,0.00077852776,0.0024424065,-0.0002169821,-2.693004e-05,8.704283e-09,-0.010219687,3.5937293e-05,-0.000554437,-2.9976887e-05,-0.00074771675,-0.00023776799,0.0047621443,-0.0002715162,0.009113872,0.0027437543,0.09233448,0.00091748685,0.001631073,-2.784892e-06,-3.950567e-06,-0.0023822803,0.0007120957,0.005822272
-0.0039862087,-0.002753268,-0.000913795,-0.0016791845,0.0026033637,-0.0010360257,-0.0011976534,-0.004169641,-0.006591118,0.006737054,0.00022225769,0.003117562,0.0030043102,0.0022023784,-0.000631979,-0.00025648158,-0.004336578,-0.002681437,-0.0010056449,-0.0022542407,0.0016097489,-0.0002904113,-2.2488897e-05,-1.274642e-07,-0.0039935717,0.00029608025,-0.0003060747,-0.00022526848,-0.00043861536,-0.0004171421,0.010087362,1.8945664e-05,0.0050497185,0.001822381,0.08656602,-0.00044639828,-0.0003646306,-3.3306487e-06,-1.4010861e-05,-0.00091499987,-0.0020618855,0.0038373612
-0.029732877,-0.02686081,0.021201227,-0.07320094,-0.0032200709,-0.00096964487,-0.021985056,-0.0653634,0.047566667,0.07177556,-0.06845235,0.081854895,0.035376444,0.022612512,0.04198039,-0.0148647595,-0.013946386,-0.030378249,-0.02542456,0.09233522,0.098694876,-0.0021661595,-0.00021940109,2.9573343e-06,-0.17409237,-0.00036621827,-0.00028646374,-0.0041352035,-0.0068757455,0.0030104239,0.10746924,-0.0058350074,0.13258572,0.021458955,0.8888006,0.029652841,-0.02113269,-1.0711329e-05,-0.00015873036,-0.023132887,0.08445622,0.23527141
-0.002929336,-0.0019254383,-0.00045398658,-0.0005852673,0.0024295012,-0.0012761725,0.00057270366,-0.0015108873,-0.0034394478,0.002564643,-0.0010293308,0.00097074517,0.00085237226,0.0006550158,0.0010475687,-0.001065796,-0.002457335,-0.0019255558,-0.001401105,0.0013126356,0.0012096976,-0.00021341388,-1.5727122e-05,-6.3326056e-08,-0.0013919298,0.00027630688,-0.00037702167,0.00010772072,-0.00015893416,-0.00021767756,0.003840029,-8.774209e-05,0.0015723793,0.0005170395,0.025745856,0.00073995005,-0.0015152037,-1.8873221e-06,-1.0061282e-05,-0.0012748146,0.0012006279,0.0028837086
-0.0038263262,-0.0022133156,-0.0003294976,-0.0021670982,0.003055925,-0.002748246,-0.00047069963,-0.0053328853,-0.006647883,0.005722851,0.0018596591,0.0039023403,0.0034219516,0.0017344102,-0.0024121343,0.0003566275,-0.004295733,-0.0030489077,-0.00059222407,-0.00348706,0.0013789719,-0.0002787632,-1.8078526e-05,-4.5961233e-08,-0.0051539675,0.00034755,-0.0008119187,-8.853462e-05,-0.00056098006,-0.00042073466,0.0085688,0.00015852084,0.006320875,0.0020757176,0.06817221,-0.0017038108,0.00050700444,-3.2992782e-06,-1.5930944e-05,-0.0005388432,-0.0031895079,0.003287229
-0.0031745648,-0.0016131122,-0.0006856793,-0.001304283,0.0028660435,-0.0014685094,0.00028776625,-0.003141191,-0.005636332,0.0035266234,0.001262243,0.002437146,0.0025286053,0.0018754228,-0.0013701839,-0.00013436301,-0.0039292197,-0.0017079251,-0.00038490503,-0.0030978196,0.00044498342,-0.00023127979,-1.317602e-05,-9.564461e-08,-0.003101951,0.00032595478,-0.00043384408,5.41264e-05,-0.00033043005,-0.0003567151,0.005280398,0.00010759597,0.0039476044,0.0015338238,0.07371481,-0.0009678292,-0.00019101905,-3.017783e-06,-8.924134e-06,-0.00035021114,-0.0028334814,0.001060763
-0.002745381,-0.000440288,-0.00054547645,-0.0017394492,0.00062308065,-0.00054525206,0.001773226,-0.0015115843,-0.0018722868,0.0012062216,-5.333044e-05,-3.290188e-06,0.00068727904,0.0007377905,-0.0004814868,-0.0020073517,-0.0024369946,-0.0005294848,-0.0008158958,5.0828385e-07,0.00073247304,-0.00020001203,-3.5963049e-06,-7.608787e-08,-0.004136898,7.086289e-05,-0.00016108468,0.00033352882,-0.00015900747,-0.00011849425,0.0018060704,-4.5459874e-06,-5.3293325e-06,0.00041689578,0.028999371,-0.0003400981,-0.0028537794,-1.8717001e-06,-2.7666279e-06,-0.000742354,4.649118e-07,0.0017460883
-0.003824325,-0.0031249912,0.0019006841,-0.0050270134,0.0014654292,-0.00026759272,0.0027805585,-0.00463377,-0.0020653494,0.004798337,-0.0034222982,0.0017955026,0.0019290964,-0.004677997,-0.0012082267,-0.0032552865,-0.003813146,-0.000684251,-0.0019369882,0.0022635914,0.0051597273,-0.00027861743,-2.552516e-05,2.651242e-07,-0.011955648,0.0001666631,-7.9055346e-05,0.00052299956,-0.0004874383,-0.0001307129,0.007184529,-0.00029172315,0.0029082927,0.0011701684,-0.18387195,-0.0008534307,-0.004627923,-2.928634e-06,-3.5753017e-06,-0.0017623954,0.0020704383,0.0122998925
-0.0032036144,-0.0027212491,0.00029391993,-0.0012752647,0.0032179174,-0.0013996743,0.00095658726,-0.0034416635,-0.0037135477,0.0055734073,-0.00027114578,0.0032936553,0.0011941387,0.0019023918,-0.0003864306,-0.00060561683,-0.0028766969,-0.0024651159,-0.0012158544,0.00068417273,0.0029111877,-0.00023339616,-2.2227365e-05,4.0998547e-08,-0.0030329372,0.00036597336,-0.000413508,0.00017992599,-0.0003620375,-0.00023502493,0.008345039,-2.3112976e-05,0.0053349487,0.0007243512,0.07477485,-0.0002729552,-0.00086098356,-2.2094073e-06,-1.2880555e-05,-0.0011062619,0.000625792,0.006939765
-0.003866725,-0.003436541,-0.0005029877,-0.0033604172,0.0011495837,-0.0030757794,-0.00088527694,-0.005388254,-0.00092055637,0.004921526,-0.0004224308,0.0026196542,0.002400898,0.00066878344,0.0011062587,-0.00039410882,-0.0030583737,-0.0042750817,-0.0014648774,0.001839763,0.003019739,-0.00028170642,-2.806992e-05,-7.016117e-08,-0.007992015,0.00013074202,-0.0009086824,-0.00016651311,-0.00056680443,-5.8260648e-05,0.00736898,-3.6008798e-05,0.004243225,0.0014563579,0.026287002,0.00078140566,-0.0005602903,-2.3489417e-06,-2.2337865e-05,-0.0013328388,0.0016827753,0.007198532
-0.005045657,-0.0048512938,0.0025281888,-0.0008574914,0.005660861,-0.0015066555,-0.0042900173,-0.00581628,-0.007811021,0.011997209,-0.001149555,0.0076183043,0.0034051929,0.0069621815,0.0004507402,-0.00080286607,-0.0053512147,-0.0033601308,-0.0027197166,0.00048899226,0.006242632,-0.00036759637,-3.9625727e-05,3.526541e-07,-0.002039355,0.00064380903,-0.00044511363,-0.00080691604,-0.0006118296,-0.00049434794,0.017963368,-9.799023e-05,0.012339865,0.002065552,0.27365342,0.00031838028,-0.0011414057,-4.1099265e-06,-1.7557126e-05,-0.0024745716,0.00044726636,0.014881348
-0.0021023098,-0.0010988903,-0.0009899286,-0.00031296967,0.0012013509,-0.0003783527,0.00063521386,-0.0011239939,-0.0030642073,0.0012856396,-0.00043269465,0.00036701653,0.0011900909,0.00067362597,-0.0001479027,-0.00076361303,-0.0022783843,-0.00071582955,-0.000227943,-0.0010570278,0.00037898647,-0.0001531617,-8.975818e-06,-1.3808399e-07,-0.00074432965,0.0001366295,-0.00011177734,0.00011947836,-0.00011823584,-0.00019392914,0.0019249826,-3.6883706e-05,0.0005944806,0.00072189583,0.02647734,-0.00010447105,-0.001085601,-1.7498816e-06,-3.7403036e-06,-0.00020739708,-0.0009668313,0.0009034378
-0.0029214914,-0.0018295462,-0.00032448294,-0.0022670957,0.0017154678,-0.00014484493,0.0015101356,-0.0036196085,-0.0024676532,0.004012849,-0.0023408919,0.0031208945,0.002434792,0.0012877404,0.00046400446,-0.0003815606,-0.0030337463,-0.0012487759,-0.0021142082,0.0020402381,0.0032985243,-0.00021284237,-1.4943869e-05,-4.5261746e-08,-0.0053917896,0.00019509996,-4.279177e-05,0.00028404375,-0.000380756,-0.00015617412,0.0060084215,-0.00019954203,0.0050551165,0.0014769176,0.05061554,0.0003277495,-0.0005424509,-2.330027e-06,-6.5250183e-06,-0.0019236414,0.0018661438,0.007863108
-0.0026460048,-0.0022846865,-0.00015704916,-0.0048086154,6.878853e-05,0.0009364578,-0.0011896106,-0.0031508603,0.0004164027,0.003973482,-0.0031433462,0.00091908785,0.00284557,-0.00015567063,0.001709478,-0.0033321504,-0.00153941,-0.0010047232,-0.0021612966,0.0026153892,0.0034690783,-0.00019277206,-1.8661489e-05,-2.1906605e-08,-0.011436236,7.8233115e-06,0.00027665924,-0.0002237557,-0.00033144717,2.635351e-05,0.0059494777,-0.00026794474,0.0014887066,0.001726091,-0.006118743,0.0012074895,-0.004737198,-1.1823225e-06,-5.2498112e-06,-0.0019664853,0.002392217,0.008269679
-0.0035082265,-0.002399112,0.0005533793,-0.0019138001,0.0010076758,-0.00023567013,-0.0025778755,-0.0028358344,-0.0030535455,0.002212889,-0.002420322,0.0055870614,0.0017569278,-0.000102473656,0.0010072934,-0.002006678,-0.0034756616,-0.0013817188,0.00061427185,0.0012275914,0.0038913423,-0.00025558838,-1.9596126e-05,7.719023e-08,-0.0045515536,0.00011460285,-6.96244e-05,-0.00048487663,-0.0002983088,-0.00019325437,0.003313349,-0.0002063128,0.009049728,0.0010657328,-0.004027799,0.0007115015,-0.0028528215,-2.669434e-06,-7.2196626e-06,0.0005589037,0.0011228406,0.009276283
-0.0024610425,-0.0019155014,-0.00068350317,-0.0014992185,0.0012410883,-0.00018328958,0.0008911091,-0.0021617017,-0.0035256306,0.0017941338,-0.0013707211,9.932183e-05,0.001690547,-0.00094965403,0.00013119238,-0.00083980465,-0.0030657887,-0.0003766055,-0.0011824174,-0.00071140105,0.00044328423,-0.00017929683,-1.5645957e-05,-9.534106e-08,-0.0035655622,0.00014114882,-5.4149532e-05,0.0001676101,-0.00022739501,-0.00022313194,0.0026863487,-0.00011684285,0.00016087804,0.001025467,-0.037326816,9.2667724e-05,-0.0011939199,-2.3546365e-06,-1.9678132e-06,-0.0010758387,-0.0006506969,0.0010567125
-0.002533429,-0.0015105503,-0.00047187554,-0.0007586513,0.0015217345,-0.0010952346,0.0018954783,-0.003193863,-0.004081943,0.0020626234,-0.00019889779,0.002844677,0.0029424224,0.00041020507,-0.002080574,-0.00052790315,-0.0032369585,-0.0011217115,-0.0009107994,-0.0011481168,0.00045221677,-0.00018457047,-1.2338287e-05,-6.582137e-08,-0.0018042856,0.00017306668,-0.0003235669,0.00035652347,-0.00033597075,-0.00025834012,0.0030883572,-1.6954422e-05,0.004607709,0.0017848406,0.016123397,-0.001469613,-0.0007505008,-2.4861013e-06,-5.86109e-06,-0.0008287034,-0.0010501476,0.0010780061
-0.0031945657,-0.0016505624,-0.00012528605,-0.0017677785,0.001591457,-0.0013353663,0.0005663953,-0.0025667676,-0.0019553548,0.0018530184,-0.0013726366,0.001688761,0.00043683528,-0.00026891916,0.0006732092,-0.00059306924,-0.0026824283,-0.0014055321,-0.00079714286,0.001612331,0.0018344601,-0.00023273693,-1.3481916e-05,-1.7476005e-08,-0.004204273,0.00018099623,-0.00039450938,0.00010653417,-0.00027000494,-0.00012375151,0.0027745164,-0.00011700613,0.0027353964,0.0002649794,-0.010570056,0.00047552123,-0.0008431451,-2.060202e-06,-7.3440906e-06,-0.0007252914,0.0014747502,0.0043730335
-0.0036054535,-0.0032203011,0.00052039395,-0.0022110322,0.002687545,-0.0017144077,0.0018579335,-0.0046893433,-0.0007731471,0.0036179493,-0.003109667,0.005730078,0.0020118947,0.00033593818,0.0006542796,-0.0021082992,-0.0026195045,-0.0025990512,-0.0015276761,0.004481149,0.006012012,-0.00026267176,-2.6303658e-05,7.2589145e-08,-0.005258455,0.0003056542,-0.0005064902,0.0003494616,-0.0004932842,-4.8931335e-05,0.0054171397,-0.00026507388,0.009281381,0.0012203929,0.013204286,0.0004621503,-0.0029972927,-2.0118741e-06,-1.3580385e-05,-0.0013899772,0.0040987707,0.01433159
-0.0036766562,-0.0030364445,0.0018997453,-0.00445396,0.0014885048,-0.00035242276,0.0012254238,-0.005497741,-0.0027751075,0.004799456,-0.0028384763,0.003788071,0.0027942364,-0.0011368112,-0.00074827817,-0.0031155245,-0.003943184,-0.00047880836,-0.0012180004,0.0001304482,0.0049184407,-0.00026785914,-2.4801904e-05,2.6499325e-07,-0.010592766,0.00016928748,-0.000104116814,0.00023049186,-0.00057832163,-0.00017563243,0.0071862047,-0.00024195707,0.006135786,0.0016949526,-0.044683162,-0.00052854617,-0.0044292286,-3.028508e-06,-2.5018367e-06,-0.0011082144,0.000119317,0.011724707
-0.004384379,-0.0025520534,0.00038451445,-0.004010297,0.0023096022,-0.002660272,-0.0026075628,-0.0056788586,-0.0020207162,0.0038102665,0.00093145645,0.0043297787,0.0016982937,0.0051030614,0.0012050201,-0.0008409646,-0.0046277866,-0.0024035932,-0.00051235594,-0.0018125849,0.0016982388,-0.0003194196,-2.0845362e-05,5.363547e-08,-0.009537611,0.0002626708,-0.00078592834,-0.00049046054,-0.0005973739,-0.00012788814,0.0057050954,7.93991e-05,0.007013225,0.001030166,0.2005794,0.0008511658,-0.001195569,-3.5543076e-06,-1.25590905e-05,-0.0004661741,-0.0016579163,0.0040483056
-0.0040548006,-0.0019920012,0.00030911912,-0.0020121145,0.0014521531,-0.0011977791,0.0011259837,-0.003700098,-0.00123357,0.002226199,-0.0016378749,0.0027782314,0.0012490557,-0.00044658256,-0.0007159096,-0.0026471412,-0.0031286883,-0.001487747,-0.0016612846,0.0027686425,0.0037579099,-0.0002954085,-1.6270813e-05,4.3118664e-08,-0.004785373,0.00016515321,-0.00035386177,0.00021178802,-0.00038922293,-7.807082e-05,0.0033332782,-0.00013961554,0.0045000827,0.0007576633,-0.01755324,-0.0005056826,-0.003763345,-2.402946e-06,-7.773674e-06,-0.0015115426,0.0025323932,0.008958203
-0.0033569834,-0.0040435167,0.00017807126,-0.002385268,0.00060359837,-0.00010838627,-0.0034332348,-0.007134592,-0.0039803623,0.0052290475,-0.0054138275,0.0075563225,0.0049123787,0.0057697366,0.0006945734,0.0010518895,-0.005931829,-0.00063982105,-0.0017493148,0.0029524264,0.0055841054,-0.0002445697,-3.3027743e-05,2.4838952e-08,-0.005672836,6.8647176e-05,-3.202073e-05,-0.0006457625,-0.0007505063,-0.00025191123,0.0078294305,-0.00046148486,0.012239468,0.002979794,0.22678354,0.0004906118,0.0014954333,-4.5558595e-06,-3.3431493e-06,-0.0015916382,0.0027004948,0.013311536
-0.0027556978,-0.0016097188,-0.000811326,-0.0009193772,0.001300277,-0.0007396807,0.0010091488,-0.0026751603,-0.003965756,0.0016159948,2.336828e-05,0.0013272206,0.002132957,0.00092598406,-0.00093517936,-0.0009107555,-0.00314155,-0.0009818139,-0.0005424045,-0.001691303,3.4153287e-05,-0.00020076365,-1.3148302e-05,-1.1317092e-07,-0.0021865368,0.00014788035,-0.00021852505,0.00018981236,-0.00028140706,-0.0002509868,0.0024196221,1.9919562e-06,0.0021497859,0.001293828,0.03639645,-0.0006605638,-0.0012947882,-2.4128242e-06,-5.1301067e-06,-0.0004935142,-0.0015469835,8.141549e-05
-0.003577535,-0.0029416326,0.0011026013,-0.003222566,0.0017601172,-0.00019973179,0.0018719706,-0.004731761,-0.003362942,0.0043580453,-0.0031639321,0.0029438252,0.003217337,-0.0013220202,-0.0011506241,-0.0025882754,-0.004352352,-0.00052387593,-0.0017635741,0.0008986697,0.0042810687,-0.00026063778,-2.4027473e-05,1.5380057e-07,-0.007664166,0.00020017794,-5.900708e-05,0.00035210187,-0.0004977462,-0.00021283561,0.0065252823,-0.00026969952,0.004768306,0.0019516007,-0.05196293,-0.0008127432,-0.0036796576,-3.3427639e-06,-2.7373208e-06,-0.0016046121,0.0008219859,0.010205323
-0.0022115628,-0.0012532292,-0.0002948347,-0.00029152416,0.0022226772,-0.0008294957,0.00058266957,-0.0021594188,-0.0037552537,0.002742529,0.00045386062,0.0026833618,0.0018893499,0.0015863077,-0.0010933434,-0.00014833285,-0.0026292293,-0.0012664342,0.00021932682,-0.0013937617,0.0011818294,-0.00016112122,-1.0236469e-05,-4.1126146e-08,-0.00069332623,0.0002527848,-0.00024505923,0.000109595225,-0.00022715487,-0.00023766444,0.004106377,3.8687933e-05,0.0043464163,0.0011460586,0.062350936,-0.00077228295,-0.00021087946,-2.0193434e-06,-6.6172856e-06,0.00019955751,-0.0012748315,0.0028172755
-0.0046343207,-0.0027140086,0.0002859389,-0.003987747,0.002424838,-0.00282954,-0.00088232383,-0.0056807064,-0.005277073,0.0046076514,0.00014538132,0.0045022108,0.0030086725,0.001648065,5.6645746e-05,-0.00060027884,-0.004647379,-0.0024907468,-0.0007488637,-0.0018516295,0.0022718515,-0.00033762885,-2.2168224e-05,3.9885283e-08,-0.00948398,0.00027577655,-0.0008359355,-0.00016595767,-0.0005975682,-0.00033397813,0.0068990164,1.2392577e-05,0.0072925244,0.0018250272,0.06477835,4.0011713e-05,-0.00085339474,-3.5693552e-06,-1.301448e-05,-0.0006813639,-0.0016936292,0.0054156985
-0.0035186526,-0.00065753714,-0.00020760394,-0.0041580624,0.0007562718,-0.001037858,0.0021353993,-0.0036743302,-0.0014665651,0.002435081,-0.0013424789,0.0015097948,0.0021265475,0.0014274121,0.001068918,-0.0010656241,-0.0027768025,-0.000910347,-0.0020582601,0.0018970177,0.0025249214,-0.00025634796,-5.3708122e-06,-2.895843e-08,-0.009889039,8.601071e-05,-0.000306616,0.00040165056,-0.00038651234,-9.281673e-05,0.0036460361,-0.00011443543,0.0024455131,0.00128994,0.056105435,0.0007550301,-0.0015149593,-2.1326848e-06,-4.7566828e-06,-0.0018727363,0.0017351445,0.0060189734
-0.004148868,-0.0030519012,0.0013763069,-0.003547744,0.003376983,-0.0004311658,-0.002750947,-0.0047314805,-0.0013259492,0.0045891623,-0.0022309937,0.009231283,0.002106052,0.0057907254,0.0010094749,-0.0020986018,-0.0038003065,-0.0024391296,-9.764917e-07,0.0038780952,0.006228519,-0.00030226167,-2.4928157e-05,1.9197944e-07,-0.00843753,0.0003840639,-0.00012738,-0.0005174299,-0.0004977167,-8.391736e-05,0.006871333,-0.0001901741,0.014952512,0.0012775075,0.22760852,0.0007130424,-0.0029835063,-2.918773e-06,-1.2744774e-05,-8.884744e-07,0.0035471758,0.014847706
-0.0034781136,-0.0031300946,0.0016372057,-0.002677312,0.002311828,-0.0018830192,-0.00017829856,-0.003330316,-0.00056032545,0.00287727,-0.0015920742,0.0068091033,0.00083001144,0.0018303365,0.0005470965,-0.0020135469,-0.0027523984,-0.0022427852,0.0002722215,0.0036866916,0.005334648,-0.00025339454,-2.5566846e-05,2.2837192e-07,-0.006367399,0.00026292395,-0.00055630336,-3.3536453e-05,-0.00035032458,-3.5462166e-05,0.004308124,-0.0001357114,0.011029149,0.00050347566,0.07194266,0.0003864415,-0.0028625869,-2.1139415e-06,-1.1718848e-05,0.00024768448,0.0033721048,0.012716873
-0.0028763479,-0.0016519444,-0.00034195647,-0.0008784031,0.0021787402,-0.0012677012,0.0017635835,-0.0034993323,-0.004031623,0.0043380857,-0.00016639108,0.0030413312,0.0024125334,0.00022044507,-0.0021258614,-1.1640717e-05,-0.0031928057,-0.0018490405,-0.0010401445,-0.0005294071,0.0018992162,-0.00020955349,-1.3493204e-05,-4.769911e-08,-0.002089089,0.0002477879,-0.00037451898,0.00033171516,-0.00036810385,-0.00025515544,0.006495397,-1.4183489e-05,0.0049262424,0.0014634158,0.008664748,-0.0015016019,-1.6549187e-05,-2.4521903e-06,-9.66148e-06,-0.00094638974,-0.00048423262,0.004527401
-0.0018802835,-0.003632925,0.00021917629,-0.0014880431,0.000692968,0.00015834143,-0.00077577366,-0.0031570639,-0.0031569046,0.0021970468,-0.0030895274,0.0026218835,0.0017772955,0.0007068269,0.00080727274,-0.0002280685,-0.0030452753,0.00019983051,-0.0015670056,-0.0003586574,0.002239633,-0.0001369862,-2.9674e-05,3.0572643e-08,-0.0035389839,7.881117e-05,4.677906e-05,-0.00014591648,-0.00033209973,-0.00019979582,0.0032896285,-0.00026335713,0.004246836,0.0010780876,0.027782328,0.000570217,-0.00032423675,-2.3388816e-06,1.0441407e-06,-0.0014257616,-0.00032805302,0.005338895
-0.003497474,-0.0032798105,0.00018155272,-0.0025267373,0.000593824,-0.0014476125,-0.0006558263,-0.0040270565,-0.0032255775,0.0013878152,-0.002589961,0.005708288,0.0022628016,0.0016158168,0.0012437752,-0.00082664663,-0.0038625628,-0.0012610974,0.0005026234,0.001476164,0.003248626,-0.000254805,-2.6789736e-05,2.5324576e-08,-0.00600929,6.753554e-05,-0.00042767046,-0.00012335539,-0.00042361653,-0.00020414202,0.0020779697,-0.00022077316,0.009246087,0.0013725902,0.06351081,0.00087854045,-0.0011752136,-2.966588e-06,-6.5894e-06,0.0004573188,0.0013502024,0.007744159
-0.0032112594,-0.0017822479,-0.0010240439,-0.0014238155,0.0015732064,-0.0013154518,0.00051750185,-0.003372578,-0.0047502546,0.0036099176,0.0004578689,0.0019610983,0.0026258975,0.0010927247,-0.00077430654,4.1564344e-05,-0.0035757502,-0.0018630195,-0.00053862506,-0.001161299,0.0006087236,-0.00023395313,-1.4557533e-05,-1.4284268e-07,-0.0033862328,0.00017892059,-0.000388626,9.7337725e-05,-0.00035477022,-0.00030063657,0.005405114,3.9029608e-05,0.003176519,0.0015928401,0.042950314,-0.0005469313,5.9090526e-05,-2.7463057e-06,-9.734523e-06,-0.0004900754,-0.0010622048,0.0014510911
-0.004068573,-0.003459707,0.00021136517,-0.002884322,0.0034252116,-0.0017750645,-0.0011568108,-0.0042465758,-0.004337671,0.004004836,-0.002269914,0.0042872345,0.003223785,0.0015296465,0.002777114,-0.0016669588,-0.003561189,-0.0032173651,-0.002218017,0.002547328,0.003337067,-0.00029641186,-2.8259143e-05,2.948308e-08,-0.006859727,0.00038954892,-0.0005244101,-0.00021758633,-0.00044670832,-0.0002745248,0.005996424,-0.00019349174,0.0069443136,0.001955512,0.060123827,0.001961614,-0.002369855,-2.735122e-06,-1.6811156e-05,-0.0020180931,0.0023299635,0.007954988
-0.0027865632,-0.0024597323,0.00093960785,-0.000119015574,0.0029708697,-0.0010818323,0.00018621804,-0.003442395,-0.0038817078,0.005777718,0.00043654116,0.004767321,0.001546137,0.0035816706,-0.0010986733,-0.0007521147,-0.0031934544,-0.0021027427,-0.0009635343,-0.00021244906,0.0028653964,-0.00020301231,-2.0091276e-05,1.3106481e-07,-0.00028305242,0.00033787667,-0.00031960744,3.502604e-05,-0.00036211446,-0.00024566753,0.008650952,3.721159e-05,0.007721941,0.0009378695,0.14078008,-0.00077604776,-0.0010692542,-2.4526885e-06,-1.0987107e-05,-0.0008766849,-0.0001943207,0.0068306066
-0.004065089,-0.0010043461,-0.00014986866,-0.0017802462,0.0025152098,-0.0012519044,0.0023904697,-0.005547394,-0.004209369,0.002710625,-0.0035633927,0.004633933,0.0039615817,0.0017196762,-0.0016734123,0.0007490044,-0.0056545935,-0.0011037067,-0.0023450153,0.0032057937,0.00399501,-0.00029615805,-8.203573e-06,-2.0905004e-08,-0.0042339247,0.00028605454,-0.00036985212,0.00044962714,-0.0005835448,-0.00026640474,0.0040586074,-0.0003037503,0.0075058835,0.0024030514,0.067593075,-0.0011820145,0.0010648326,-4.3429322e-06,-5.7670127e-06,-0.0021336444,0.0029322421,0.009523409
-0.004181718,-0.0009160406,-9.066833e-06,-0.0023063244,0.0024484408,-0.0020436305,0.0014665778,-0.0038475192,-0.0029040677,0.0022511804,-0.0020181397,0.0035315417,0.0019044346,0.00029760436,0.00029958933,-0.00031767733,-0.0038992772,-0.0023568892,-0.0013323025,0.0025396277,0.0026052324,-0.00030465494,-7.482288e-06,-1.2647219e-09,-0.0054850862,0.00027846088,-0.00060375297,0.00027585088,-0.00040473053,-0.00018379414,0.0033706827,-0.00017203002,0.0057202685,0.0011552088,0.011697548,0.00021161488,-0.0004516304,-2.994786e-06,-1.2315057e-05,-0.0012122137,0.0023229204,0.0062104207
-0.0032278853,-0.0025633941,0.0016472826,-0.0027362686,0.0031261507,0.0009279707,-0.002180323,-0.0038721135,-0.004007604,0.0077203135,-0.0011260699,0.007351753,0.002422011,0.005640611,0.0011625491,-0.0008348432,-0.0032968023,-0.000517533,-0.00017673912,-0.001101689,0.0045418837,-0.00023516439,-2.0937994e-05,2.2977753e-07,-0.006507614,0.00035553676,0.00027415185,-0.00041010036,-0.00040731768,-0.0002536353,0.011559592,-9.598832e-05,0.011908114,0.0014691649,0.22170818,0.0008211664,-0.0011868664,-2.5320635e-06,-2.704178e-06,-0.00016080851,-0.0010076814,0.010827061
-0.003256929,-0.0015429477,-0.0004822478,-0.0013084894,0.0015280411,-0.0018465518,0.0015656009,-0.004207261,-0.004842191,0.004032834,0.0004192494,0.003263856,0.0029838015,0.0014185497,-0.0015065367,-0.000103716506,-0.003331984,-0.001971955,-0.0009802108,-0.00055721204,0.0005581329,-0.00023728036,-1.2602912e-05,-6.726818e-08,-0.0031119548,0.00017378393,-0.0005455297,0.0002944763,-0.0004425727,-0.0003064551,0.006038345,3.573761e-05,0.0052866805,0.0018099407,0.05575709,-0.001064142,-0.00014745,-2.5590844e-06,-1.0303725e-05,-0.0008918583,-0.00050966494,0.0013304917
-0.0037918182,-0.0038559602,0.00074461545,-0.00018548552,0.0037839194,-0.0023507252,-0.0021254031,-0.0031294492,-0.006771573,0.0048827366,-0.0013377615,0.00453715,0.0021478294,0.0026754942,0.00038062915,-0.0007790638,-0.004778662,-0.0025580488,-0.0018573356,0.0010602211,0.0025108033,-0.00027624916,-3.149577e-05,1.0386554e-07,-0.0004411366,0.00043034472,-0.0006944785,-0.0003997704,-0.00032919488,-0.0004285628,0.0073109004,-0.00011403331,0.0073491177,0.0013028494,0.10516217,0.00026885734,-0.0011075669,-3.6701856e-06,-1.33661415e-05,-0.0016899223,0.000969752,0.005985318
-0.0046555223,-0.00091600313,0.00030338025,-0.003805135,0.001830532,-0.0021190732,0.0016665583,-0.005177148,-0.0043741986,0.0037204698,-2.5347283e-05,0.003011511,0.00282937,0.0016806645,-0.001967639,-0.0011791036,-0.0050427197,-0.0015785904,-0.0011409337,-0.0001632125,0.0016531481,-0.00033917348,-7.4819814e-06,4.2318156e-08,-0.009049678,0.00020818619,-0.00062604115,0.00031346554,-0.0005445976,-0.00027683654,0.005570643,-2.1606502e-06,0.0048779408,0.0017162643,0.06605969,-0.0013898414,-0.001676289,-3.8729913e-06,-8.248343e-06,-0.0010380942,-0.00014928552,0.0039408174
-0.003186238,-0.0012972989,-0.0010879774,-0.0011110414,0.0019643896,-0.0012858761,0.0011140865,-0.003288793,-0.0042025773,0.001619612,-0.00030186624,0.0023890003,0.002453649,0.0009275629,-0.0012110868,-0.0003057971,-0.0036962386,-0.0014607713,-0.0010019199,-0.0006803943,0.0008087666,-0.00023213022,-1.0596434e-05,-1.517607e-07,-0.0026423682,0.0002234098,-0.00037988843,0.00020955026,-0.00034595668,-0.0002659749,0.002425038,-2.5731646e-05,0.0038696197,0.001488356,0.03645851,-0.0008554509,-0.00043474068,-2.8388451e-06,-7.632722e-06,-0.00091161055,-0.000622336,0.0019279588
-0.002341321,-0.0005855274,0.0001999372,-0.0017079418,0.0021844464,0.00017048413,0.001432356,-0.002411404,-0.0037237145,0.0027089021,-0.001133171,0.001983875,0.0023090784,0.0015871993,-0.0007171457,-0.0015679423,-0.0031938478,0.00025894388,-0.00033970783,-0.0026178039,0.001170315,-0.00017057463,-4.782631e-06,2.7889007e-08,-0.004061965,0.00024843685,5.0366398e-05,0.00026941407,-0.00025366183,-0.00023566837,0.0040560276,-9.6593634e-05,0.0032134117,0.0014006612,0.06238598,-0.0005065557,-0.002229087,-2.4529907e-06,1.3530159e-06,-0.00030908783,-0.0023944257,0.0027898273
-0.0037461151,-0.00254924,0.00033673842,-0.0035295151,0.0024326905,-0.0040567946,-3.8615428e-05,-0.0062912554,-0.0018910723,0.005089078,-0.00037754432,0.0053206533,0.0032771935,0.00416635,0.0011243159,0.0006298119,-0.0032302495,-0.0033809766,-0.0015073996,0.0026243515,0.0035001072,-0.0002729195,-2.0822381e-05,4.697125e-08,-0.008394177,0.0002766696,-0.0011985053,-7.263236e-06,-0.00066179346,-0.00011968316,0.0076198545,-3.218259e-05,0.0086182095,0.001987909,0.1637613,0.00079416035,0.0008953808,-2.4809485e-06,-1.7666049e-05,-0.0013715283,0.0024004146,0.008343646
-0.003816024,-0.0032525673,0.0039236248,-0.0040668105,0.0044945013,-0.00014328607,0.0021446915,-0.004874817,-0.0038527383,0.0062448634,-0.0034531849,0.005859101,0.0025676766,-0.0019307968,-0.0021170075,-0.0039732223,-0.0046556797,3.6868732e-06,-0.001455934,-0.00021005946,0.007394878,-0.00027801265,-2.6567212e-05,5.4730185e-07,-0.009672016,0.00051115913,-4.2331234e-05,0.00040339836,-0.00051279465,-0.0002438341,0.009350407,-0.00029435597,0.009490369,0.001557524,-0.07589132,-0.0014953479,-0.0056485864,-3.5757305e-06,1.9264398e-08,-0.0013247016,-0.000192135,0.017628103
-0.0033779214,-0.0010273424,-0.00071729923,-0.0025138212,0.0018598081,-0.0021142114,0.001182369,-0.00348045,-0.003915974,0.003438169,0.0017047694,0.0013795616,0.0015564689,0.0019085259,-0.0007419319,0.00017334486,-0.0032184855,-0.001828434,-0.0007841193,-0.0017715849,0.00030145986,-0.00024609512,-8.391409e-06,-1.0005523e-07,-0.005978572,0.00021151575,-0.0006246049,0.00022239362,-0.00036611757,-0.0002478362,0.0051479554,0.00014531775,0.002234566,0.00094413664,0.07501595,-0.0005240635,0.0002464381,-2.4719134e-06,-9.553808e-06,-0.0007134417,-0.0016204149,0.0007186279
-0.003480556,-0.0028518718,-0.0004493337,-0.0020538105,0.0009995874,-0.001429745,-0.001445357,-0.0034939996,-0.0020927847,0.0032012798,-0.002333562,0.0032975017,0.0021305084,0.0011312736,0.0012279132,-0.0014339252,-0.0033672908,-0.0022920244,-0.0012476176,0.0022558027,0.0028172056,-0.00025357248,-2.32943e-05,-6.267703e-08,-0.0048845373,0.00011368295,-0.00042239184,-0.00027185943,-0.0003675429,-0.00013244925,0.0047932626,-0.00019891722,0.0053411787,0.0012923427,0.0444655,0.0008673363,-0.0020385596,-2.5862012e-06,-1.197613e-05,-0.0011351621,0.0020633142,0.006715728
-0.0037433477,-0.0022454422,-0.00021828132,-0.0029898393,0.002681542,-0.0014304267,-0.0003886607,-0.0038131804,-0.0042678406,0.005652329,-0.0007366873,0.0038850857,0.0034186288,0.0032624854,0.0014997462,-0.001163152,-0.0033599215,-0.0021925587,-0.001439888,0.0001851366,0.002485456,-0.0002727179,-1.834094e-05,-3.0447808e-08,-0.0071106767,0.00030497144,-0.00042259324,-7.3103794e-05,-0.00040111833,-0.00027010532,0.008463208,-6.279661e-05,0.006292927,0.0020737022,0.12823428,0.0010593456,-0.0016536112,-2.5805414e-06,-1.1456408e-05,-0.001310102,0.00016933882,0.0059248945
-0.0027479734,-0.0027179446,0.0007622397,-0.004066569,0.0003147096,0.0005234682,0.00019242393,-0.003695152,-0.0013651884,0.0044705914,-0.0035677315,0.001314806,0.002348219,-0.0024119122,0.00072948745,-0.0022681453,-0.002632911,-0.00018831657,-0.002105818,0.0022733482,0.00400204,-0.00020020088,-2.2200373e-05,1.06323924e-07,-0.009671441,3.5791887e-05,0.00015464904,3.6193316e-05,-0.00038870264,-8.640075e-05,0.006693797,-0.00030412016,0.0021296772,0.0014244035,-0.0948019,0.00051527336,-0.0032245403,-2.022171e-06,-9.839789e-07,-0.0019160074,0.0020793625,0.009540167
-0.002719638,-0.002597202,0.00027924794,-0.0018369283,0.0012518098,-0.00035241968,-0.0018235128,-0.0038233048,-0.0024050975,0.0031360146,-0.002188412,0.004940725,0.0021232069,0.0033434024,0.00051447377,-0.0005992502,-0.0033407032,-0.0010391029,-0.00019623956,0.0011464795,0.0035810783,-0.00019813653,-2.1214139e-05,3.8951967e-08,-0.004368731,0.00014236818,-0.000104115905,-0.00034298736,-0.00040218336,-0.00015221506,0.004695541,-0.00018654436,0.008002815,0.0012879135,0.13141477,0.00036339846,-0.00085193233,-2.565781e-06,-5.4294496e-06,-0.00017855126,0.00104865,0.008536668
-0.0039066034,-0.001804874,0.00050441653,-0.0020929389,0.0034732008,-0.0018635746,-0.00020912755,-0.005471344,-0.005539959,0.0037865932,0.00018450059,0.0058981515,0.004015412,0.004252596,-0.0014248451,-0.00072542625,-0.0049419245,-0.0015650425,-0.00087344006,-0.002360575,0.0022806465,-0.00028461174,-1.4742345e-05,7.036047e-08,-0.0049775955,0.00039500673,-0.0005505588,-3.9335126e-05,-0.0005755449,-0.0003506158,0.0056696497,1.5727177e-05,0.009553621,0.0024357042,0.16715126,-0.0010064391,-0.0010313123,-3.795577e-06,-8.177553e-06,-0.00079471146,-0.0021591461,0.0054366644
-0.004103551,-0.0034562051,0.00054577074,-0.0036963453,0.0029045423,-0.0012435515,-0.0015873825,-0.004727509,-0.00050489954,0.0032502443,-0.0045968946,0.0059125856,0.0028962037,0.0007189661,0.003467005,-0.0020569856,-0.0034976257,-0.0036676805,-0.0019329564,0.005778735,0.0058560055,-0.00029896016,-2.823054e-05,7.612893e-08,-0.008790946,0.00033033325,-0.0003673844,-0.00029857326,-0.00049729896,-3.1954343e-05,0.0048665768,-0.00039184795,0.0095770005,0.0017568048,0.028259467,0.0024489185,-0.0029243422,-2.686303e-06,-1.9164114e-05,-0.0017587269,0.0052856333,0.013959698
-0.0035521123,-0.0025582565,0.00020123023,-0.0010979319,0.0023777243,-0.00062386505,-0.0013572113,-0.003205446,-0.0039918507,0.0047522024,-0.00024410282,0.0045237984,0.002041307,0.003438511,-6.005194e-05,-0.0005838068,-0.004141582,-0.00183679,-0.00020215748,0.0010953071,0.0026854128,-0.00025878564,-2.0896028e-05,2.8069369e-08,-0.00261119,0.0002704183,-0.00018430945,-0.00025527997,-0.00033718918,-0.0002526383,0.007115452,-2.0807784e-05,0.0073274914,0.0012382341,0.13515308,-4.241768e-05,-0.000829977,-3.180885e-06,-9.597469e-06,-0.00018393576,0.0010018441,0.0064015565
-0.0063910135,-0.003990514,0.0029940745,-0.0074830726,0.0034498018,-0.0034240966,-0.0013312569,-0.008333447,0.0006216457,0.0074998736,-0.00360245,0.00981248,0.004019965,0.002953711,0.002038706,-0.0018914067,-0.0061991503,-0.004647365,-0.0014264805,0.0064808093,0.009501142,-0.00046561097,-3.2594817e-05,4.1763997e-07,-0.017796846,0.00039234557,-0.0010115863,-0.00025039818,-0.000876617,3.9343035e-05,0.011229528,-0.0003070796,0.015893914,0.0024384658,0.11609768,0.0014400397,-0.0026889446,-4.761172e-06,-2.4283094e-05,-0.0012979029,0.0059277993,0.02264907
-0.002776492,-0.0014692845,-0.0013764001,-0.001217985,0.0012152722,-0.00062083785,0.0007482486,-0.0028289557,-0.0044926703,0.002517093,-0.00017329433,0.0013218815,0.002695953,0.0007722603,-0.0006902322,-0.00023913046,-0.0032990905,-0.0011894042,-0.0006873574,-0.0011723815,0.0002276919,-0.00020227858,-1.2001225e-05,-1.9199244e-07,-0.0028967098,0.00013821277,-0.0001834151,0.00014073924,-0.00029758518,-0.00028433444,0.0037688324,-1.4771936e-05,0.0021411378,0.001635335,0.030354233,-0.00048754542,-0.00033996312,-2.5338209e-06,-6.2147933e-06,-0.00062540156,-0.0010723417,0.0005427779
-0.0027463941,-0.002360011,-0.0006902233,-0.0025215659,0.0007976105,-0.0003654455,-5.5462704e-05,-0.0028609494,-0.002105261,0.00057152624,-0.0021711187,0.0023035558,0.00201617,0.0005024173,0.0016505427,-0.0011399982,-0.0028885894,-0.00063480536,4.713447e-05,0.0007146903,0.0019567225,-0.00020008584,-1.9276746e-05,-9.627844e-08,-0.005996991,9.071215e-05,-0.000107964144,-1.0432066e-05,-0.0003009507,-0.00013323885,0.00085574377,-0.00018507025,0.0037312198,0.0012229861,0.019747863,0.0011658606,-0.0016206943,-2.218541e-06,-3.3169415e-06,4.2885946e-05,0.0006537055,0.004664486
-0.005606535,-0.0029523051,0.0015557681,-0.0017117029,0.0022829222,-0.0034916722,0.0013981629,-0.005286574,-0.001736585,0.004354702,-0.0010433111,0.0047811456,0.0012058474,0.0022443924,-0.0014048389,-0.0038719792,-0.0044523263,-0.0034836167,-0.0023604985,0.004902728,0.0050783204,-0.00040845855,-2.4114648e-05,2.1701227e-07,-0.0040709097,0.00025963646,-0.0010315502,0.00026298265,-0.0005561084,-0.00010990589,0.0065202764,-8.8933804e-05,0.0077443337,0.00073145353,0.088217415,-0.0009923077,-0.005504653,-3.4195477e-06,-1.8202356e-05,-0.002147732,0.0044843764,0.012105832
-0.0029138096,-0.002392905,-0.0007450361,-0.0010965413,0.0019532125,-0.00062518864,-0.0012053142,-0.00244794,-0.0038011733,0.00235846,-0.0012950129,0.0010270819,0.0014033697,-0.0008352937,3.8495287e-05,-0.0015272631,-0.0030260577,-0.0015333424,-0.0013029417,-0.00034933654,0.0009549962,-0.00021228273,-1.9545427e-05,-1.03924215e-07,-0.0026078827,0.00022213864,-0.00018470048,-0.00022670942,-0.00025750516,-0.00024057062,0.003531312,-0.00011038934,0.0016636315,0.0008512684,-0.032831803,2.7191141e-05,-0.0021712547,-2.3241219e-06,-8.011916e-06,-0.0011854994,-0.00031952752,0.0022765447
-0.0057546925,-0.0046606315,0.0019882848,-0.003165755,0.0039298963,-0.0046427203,-0.001989023,-0.006449445,-0.006342927,0.0051395358,-0.000501415,0.0074817818,0.0028023175,0.0024278131,0.00087239203,-0.00012733717,-0.00648237,-0.0040562656,-0.00051733694,0.0004778296,0.003364867,-0.00041925244,-3.8068385e-05,2.7734353e-07,-0.0075290534,0.00044694665,-0.0013716063,-0.00037411845,-0.00067843386,-0.00040143446,0.007695405,-4.2741558e-05,0.01211873,0.0016998545,0.095426895,0.000616214,-0.00018103066,-4.978695e-06,-2.1194523e-05,-0.00047070612,0.0004370562,0.008021258
-0.002603327,-0.0033772117,0.0025171267,-0.0028815102,0.002554495,0.00019879424,0.0016527124,-0.0036273226,-0.0026147626,0.0024132617,-0.0040475884,0.005987557,0.001131458,-0.003516771,-0.0007732538,-0.0016502836,-0.0027926587,6.593007e-05,-0.00032137218,0.0019055838,0.005718333,-0.00018966281,-2.7585316e-05,3.5111105e-07,-0.0068530394,0.0002905224,5.8730096e-05,0.00031086124,-0.0003815675,-0.00016548445,0.0036133663,-0.00034502405,0.009698437,0.0006863298,-0.13822915,-0.0005461877,-0.0023461485,-2.144863e-06,3.4449332e-07,-0.0002924049,0.0017429796,0.0136315115
-0.004795878,-0.0034534242,0.00023834215,-0.0032988978,0.0029138573,-0.0026471156,-0.0014538425,-0.005017994,-0.006495513,0.005242793,4.0021376e-05,0.0035969315,0.0027694954,5.455222e-07,-9.241054e-05,-0.0007910704,-0.00482287,-0.0030703726,-0.00094923034,-0.0019569225,0.001966652,-0.00034939896,-2.8207825e-05,3.3246067e-08,-0.007845704,0.00033139266,-0.0007820416,-0.0002734555,-0.0005278558,-0.0004110914,0.007850011,3.4114973e-06,0.0058261845,0.0016799449,2.1442132e-05,-6.527417e-05,-0.0011246362,-3.7041386e-06,-1.6043101e-05,-0.00086367026,-0.0017899375,0.0046881563
-0.0032341378,-0.0040979646,-0.0001773953,-0.0034199217,-9.3502225e-05,-0.001107897,-0.0012177059,-0.0069562867,-0.0027877623,0.0021243517,-0.0030817194,0.004902698,0.0030649342,0.0034745804,0.0016790922,-0.0006375322,-0.004004213,-0.00050287903,-0.0022082382,-0.00058944337,0.0022830386,-0.00023561991,-3.347248e-05,-2.4744663e-08,-0.008133533,-1.0633998e-05,-0.0003273078,-0.00022904019,-0.00073174987,-0.00017643334,0.0031807825,-0.00026269155,0.00794122,0.0018591549,0.13657081,0.0011860265,-0.0009063565,-3.0753806e-06,-2.627609e-06,-0.002009196,-0.00053914596,0.0054423665
-0.0032116873,-0.0018498527,-0.00053299114,-0.00317621,0.0012063659,-0.0013906029,0.0015891879,-0.0038302152,-0.0021603913,0.005679295,-0.00020496329,0.0017179446,0.001833196,0.00030968973,-0.00012393674,-6.3914165e-05,-0.0025558064,-0.002664032,-0.0009869278,0.001375997,0.0023715256,-0.0002339843,-1.5109735e-05,-7.434631e-08,-0.0075539183,0.00013719985,-0.000410828,0.0002989128,-0.0004029103,-0.00013672796,0.008503584,-1.7471457e-05,0.002782667,0.0011119962,0.012172572,-8.75427e-05,-9.086446e-05,-1.9629517e-06,-1.3919917e-05,-0.0008979698,0.0012585827,0.0056533045
-0.0024936264,-0.0014406694,-6.637222e-05,-0.001329161,0.0017712357,-0.0005101046,-0.00020520849,-0.002760269,-0.0012462807,0.0028335191,-0.0016268766,0.0034786253,0.0020254203,0.0024021026,0.00041502857,-0.0010694284,-0.0024539507,-0.0010730035,-0.0011413259,0.0017119907,0.0030051055,-0.0001816707,-1.17674945e-05,-9.258183e-09,-0.0031611177,0.00020144244,-0.000150701,-3.8597984e-05,-0.00029035987,-7.887526e-05,0.004242616,-0.00013867804,0.0056345565,0.0012285974,0.09441633,0.00029315538,-0.0015203677,-1.8847229e-06,-5.6065846e-06,-0.0010384511,0.0015659059,0.0071636485
-0.0023379282,-0.0019286538,-0.00044744863,-0.0016517544,0.0006923915,-2.8789509e-05,0.00050340436,-0.0016137306,-0.0024094975,0.00279112,-0.0016725868,0.0001814554,0.00091891235,-0.0008358746,-1.8885417e-05,-0.0020314134,-0.0019324244,-0.00051845366,-0.0012924741,0.00038235585,0.0007909415,-0.00017032745,-1.5753387e-05,-6.241409e-08,-0.0039283354,7.87456e-05,-8.505331e-06,9.468611e-05,-0.00016975251,-0.00015249352,0.0041791317,-0.00014257444,0.00029391516,0.000557402,-0.032854635,-1.3339712e-05,-0.002887987,-1.4841719e-06,-2.7089886e-06,-0.0011759753,0.0003497293,0.001885467
-0.002732278,-0.0019478002,-0.00048487066,-0.0019280844,0.0011182263,-0.0013464272,0.0005064647,-0.0025415332,-0.002865321,0.0023796423,-0.00038303793,0.0013944783,0.0018774681,0.0009785285,0.00062243425,-0.0008286016,-0.002633362,-0.0014595438,-0.0007925389,-0.00018923316,0.0010027159,-0.00019905742,-1.5909776e-05,-6.763404e-08,-0.0045855255,0.00012717575,-0.00039777713,9.526173e-05,-0.00026735046,-0.00018134192,0.003563028,-3.2650874e-05,0.0022587273,0.0011388512,0.03846175,0.00043965635,-0.0011779929,-2.0225175e-06,-7.6263086e-06,-0.0007211024,-0.00017308582,0.0023903002
-0.0035178212,-0.0022298247,0.00026225596,-0.0025240078,0.0027754856,-0.0017394717,-0.0025516003,-0.0035924404,-0.0032931995,0.003751113,0.0014518907,0.0020196966,0.0009896009,0.003709309,0.000680948,-0.00048292597,-0.0039638868,-0.0014867728,-0.0005534246,-0.0025711048,0.0001497225,-0.0002562874,-1.8213374e-05,3.6581778e-08,-0.0060027987,0.00031565566,-0.0005138949,-0.00047993448,-0.00037789813,-0.00020842171,0.005616525,0.0001237619,0.0032714345,0.0006002809,0.145797,0.00048098754,-0.00068655843,-3.0444085e-06,-7.768584e-06,-0.00050354097,-0.0023517115,0.00035691238
-0.0054169437,-0.0020616243,0.0008076853,-0.0071582394,0.0020379403,-0.0021157535,0.00080464955,-0.0074623777,-0.0005872977,0.006167226,-0.0023072637,0.0060265246,0.004402828,0.004861385,0.002340289,-0.0013651027,-0.004447248,-0.0028922602,-0.0031697645,0.005787608,0.0066772597,-0.00039464608,-1.68395e-05,1.1266308e-07,-0.017024301,0.00023177471,-0.0006250604,0.00015134779,-0.0007849869,-3.7169204e-05,0.009234161,-0.0001966755,0.009761555,0.0026707062,0.19108015,0.0016530629,-0.0019407172,-3.4156474e-06,-1.511244e-05,-0.0028840539,0.0052937493,0.015917426
-0.00594318,-0.0037966282,0.00053420535,-0.009181857,0.0015671727,-0.0028961645,-0.0006092418,-0.008601097,-0.0042635123,0.007554944,-0.0020279346,0.0038331077,0.0048254137,-0.0022346042,0.0014583841,-0.0006184912,-0.005114593,-0.0037016105,-0.0021369094,0.0009402417,0.004667928,-0.00043298453,-3.101114e-05,7.451568e-08,-0.021837031,0.00017823438,-0.0008556185,-0.00011459323,-0.0009047718,-0.00026983136,0.011311986,-0.00017286497,0.0062087346,0.002927042,-0.08783268,0.0010301294,-0.0008792866,-3.9281927e-06,-1.9341402e-05,-0.0019442964,0.0008600105,0.011127528
-0.005645754,-0.0014808514,0.0003316945,-0.0048055127,0.0018071125,-0.001979385,0.0018272504,-0.0064846175,-0.0017897275,0.0051231915,-0.0026417237,0.0039878697,0.002404022,0.00010193282,-0.00034551875,-0.0014277821,-0.0043073464,-0.00278607,-0.0027337293,0.0036863193,0.0058871773,-0.00041131582,-1.2095705e-05,4.6267676e-08,-0.011428857,0.0002055227,-0.00058477285,0.00034369036,-0.0006821338,-0.0001132692,0.0076709324,-0.0002251855,0.0064594126,0.0014582529,0.004006541,-0.00024405713,-0.0020298262,-3.3081978e-06,-1.4557583e-05,-0.0024873212,0.0033717644,0.014034007
-0.0044468245,-0.0011869568,-0.00017947436,-0.0053412565,5.3068972e-05,-0.0014195354,0.0014884786,-0.005428008,0.0010349709,0.005062118,-0.0032200878,0.0044238786,0.0023935947,0.0028455837,0.0028517332,-0.0010113709,-0.0030717643,-0.0027978648,-0.0026738578,0.004862519,0.0061783814,-0.000323969,-9.695151e-06,-2.503467e-08,-0.012703006,6.0355283e-06,-0.0004193756,0.00027997026,-0.00057098625,6.550177e-05,0.0075794877,-0.00027448635,0.007165645,0.0014519278,0.11184766,0.0020143213,-0.0014378295,-2.359226e-06,-1.4619212e-05,-0.0024328462,0.0044475985,0.014728186
-0.0022379537,-0.0018674439,-5.42606e-06,-0.00038360286,0.0021497682,-0.0007052336,0.000287141,-0.00075934816,-0.002665843,0.0013489943,-0.0010373145,0.0025469542,0.001103262,0.0012748583,-7.083354e-05,-0.0015090434,-0.0027222019,-0.0010788824,-0.00017962215,0.0008506123,0.0018150685,-0.00016304391,-1.525342e-05,-7.568748e-10,-0.0009123152,0.0002444929,-0.00020834828,5.40088e-05,-7.9877806e-05,-0.00016871726,0.0020198433,-8.842265e-05,0.004125468,0.0006692264,0.050109196,-5.003326e-05,-0.0021453525,-2.0907496e-06,-5.6373024e-06,-0.00016343169,0.0007780292,0.0043268073
-0.003392775,-0.0024098712,0.0006136121,-0.002568842,0.0023149005,-0.001832455,0.00020216432,-0.0037098755,-0.004264281,0.0023321477,-0.00026853455,0.0031127597,0.0019998618,-0.00011296675,-0.0006055573,-0.0010279042,-0.0038304958,-0.0012974228,-0.00012570346,-0.0014758178,0.0016270725,-0.0002471773,-1.9684006e-05,8.5592035e-08,-0.0061094267,0.00026327337,-0.0005413651,3.8025402e-05,-0.00039025143,-0.00026988002,0.0034919146,-2.2890392e-05,0.00504194,0.0012130939,-0.0044402373,-0.0004277353,-0.0014613343,-2.9419593e-06,-6.779205e-06,-0.00011437302,-0.0013498857,0.0038786577
-0.0042303577,-0.0050073164,0.0016230189,-0.004113879,-0.00063423614,-0.00067204796,-0.0066663027,-0.007566821,-0.001966122,0.0066760504,-0.005456563,0.008972136,0.0023180689,0.0074603907,0.0031799458,-0.000945062,-0.005184886,-0.0015847564,-0.0027106623,0.0033549692,0.006226817,-0.00030819853,-4.0900133e-05,2.2639301e-07,-0.009783958,-7.21316e-05,-0.00019854419,-0.0012538752,-0.0007959735,-0.00012443295,0.009996021,-0.0004651277,0.014532755,0.0014061147,0.2932359,0.0022461542,-0.0013435605,-3.9821803e-06,-8.280561e-06,-0.0024663333,0.0030686883,0.014843648
-0.0036723549,-0.0015441357,-0.00027624593,-0.0020479043,0.0017466147,-0.0021656991,0.00059055956,-0.00347454,-0.0033452744,0.0020681305,5.145074e-05,0.004102385,0.0018561028,0.002093386,-0.00012315519,-0.00035628572,-0.0037838174,-0.0017612106,0.00025726575,-9.635661e-05,0.0018291782,-0.00026754578,-1.2612615e-05,-3.8533223e-08,-0.004870491,0.00019864229,-0.00063981593,0.000111079265,-0.0003654959,-0.00021171746,0.0030966029,4.385758e-06,0.006644901,0.0011258912,0.082282,-8.699065e-05,-0.0005065185,-2.9061086e-06,-9.2025575e-06,0.00023407678,-8.813447e-05,0.0043604425
-0.0034531448,-0.002632697,-0.0008203315,-0.000903075,0.002189007,-0.0010629104,0.00033192066,-0.0032677553,-0.004316343,0.0021593578,-0.0009214082,0.0025184646,0.0024054125,0.0016158384,-0.00011510862,-0.00058688933,-0.0043102177,-0.0014797188,-0.00089815346,-0.00045089383,0.0013189091,-0.00025157546,-2.1504065e-05,-1.1442708e-07,-0.0021477656,0.0002489555,-0.00031401732,6.243147e-05,-0.00034374365,-0.00027317496,0.0032331971,-7.8542565e-05,0.0040793214,0.0014590963,0.06351166,-8.130696e-05,-0.0008343594,-3.3104031e-06,-7.731725e-06,-0.00081719726,-0.00041241889,0.0031440498
-0.0059465976,-0.0046398565,0.002361832,-0.005131727,0.004191949,-0.004986004,-0.0032639157,-0.006883151,-0.00615724,0.006696594,4.5272056e-05,0.007209723,0.0019606627,0.0013697043,0.001443929,-0.0006010513,-0.005853412,-0.0041095377,-0.00030794356,-0.0011117717,0.0033376492,-0.00043323348,-3.789869e-05,3.294492e-07,-0.012204686,0.00047674988,-0.0014730231,-0.000613915,-0.0007240565,-0.0003896826,0.010026781,3.859075e-06,0.011678059,0.001189316,0.053837188,0.0010199191,-0.00085449294,-4.4956323e-06,-2.1472875e-05,-0.00028018668,-0.0010169038,0.007956374
-0.004415696,-0.00289314,0.0024894357,-0.0025262265,0.004651279,-0.0016153557,6.296614e-05,-0.005586748,-0.004177573,0.007911258,0.000863794,0.008222312,0.0025230208,0.005959917,-0.0013379424,-0.0023720027,-0.004145258,-0.0028322856,-0.0009887016,0.00039425067,0.005946395,-0.00032170117,-2.3631383e-05,3.472485e-07,-0.006008075,0.0005289894,-0.00047722712,1.1843399e-05,-0.0005876845,-0.0002643924,0.011845493,7.3631425e-05,0.013318215,0.0015304362,0.23425871,-0.00094505545,-0.0033721905,-3.1837083e-06,-1.4799065e-05,-0.00089958374,0.00036060912,0.014175171
-0.0036643175,-0.0021714307,0.0002643398,-0.0024965985,0.0026597618,-0.0012269248,-5.183276e-06,-0.0037697374,-0.0034103259,0.004277945,6.554561e-05,0.0037635968,0.0022502975,0.0027741827,-0.0004955253,-0.0023901102,-0.0034640832,-0.0018336466,-0.0010435308,-0.00062762,0.0029432187,-0.00026696024,-1.7736407e-05,3.687245e-08,-0.0059376117,0.00030249442,-0.00036247235,-9.749305e-07,-0.00039654848,-0.00021583447,0.0064053484,5.587231e-06,0.0060961433,0.0013650053,0.1090412,-0.00035001422,-0.0033979332,-2.6605412e-06,-9.581045e-06,-0.0009494708,-0.0005740649,0.0070161214
-0.0042253234,-0.005027677,0.00049965444,-0.0030569304,0.0019765561,-0.0022596547,-0.0022458,-0.0050549153,-0.0025995087,0.006849654,-0.002408911,0.005271675,0.0032409152,0.0025665015,0.0028774282,-0.0017238904,-0.0031466535,-0.0039692777,-0.0025117304,0.0038986246,0.0051081562,-0.00030783177,-4.106644e-05,6.969621e-08,-0.007270238,0.0002247935,-0.00066757336,-0.00042241602,-0.0005317397,-0.00016451905,0.010255957,-0.00020534011,0.008538876,0.001965903,0.10087814,0.002032471,-0.0024507928,-2.4167439e-06,-2.0739999e-05,-0.0022853324,0.0035659536,0.012176956
-0.0035983268,-0.0014184212,-0.00031327995,-0.003969617,0.0017691696,-0.0023855062,0.0019116313,-0.005540546,-0.0031902273,0.0046474086,-0.0005127298,0.001813842,0.0026398734,-0.0006434127,-0.0014286349,0.00013975042,-0.003410368,-0.0022965788,-0.0012604401,0.000110983754,0.0023823143,-0.00026215255,-1.1585769e-05,-4.3699053e-08,-0.0094408635,0.00020120745,-0.00070475385,0.0003595617,-0.0005828244,-0.00020190475,0.0069585447,-4.3706055e-05,0.0029379982,0.0016013178,-0.025289787,-0.0010091161,0.00019867813,-2.619286e-06,-1.1999927e-05,-0.0011468288,0.00010151347,0.005679023
-0.0034845364,-0.002014862,5.9148355e-05,-0.0016718423,0.0016184287,-0.0012569617,0.00083338,-0.0029537848,-0.0010833415,0.0022490104,-0.0025299233,0.0028611461,0.0006177242,-0.0011231148,0.000707095,-0.0012110921,-0.0028217451,-0.0019887618,-0.0011861089,0.00292355,0.0035619996,-0.00025386247,-1.6457541e-05,8.250535e-09,-0.00397611,0.00018406371,-0.0003713462,0.00015675173,-0.00031071628,-6.856308e-05,0.0033674336,-0.00021565543,0.004634385,0.0003747046,-0.044144817,0.0004994565,-0.0017217658,-2.1672024e-06,-1.0391543e-05,-0.0010791975,0.0026740825,0.008491187
-0.004495913,-0.0034065486,-8.981873e-05,-0.0032237978,0.0016776387,-0.0032214003,-0.000709458,-0.005019956,-0.0043126578,0.0047467775,-0.00087605615,0.0024414829,0.002257911,-0.00088812213,9.1729715e-05,-0.00077278714,-0.0039753374,-0.0033083116,-0.0016913263,0.00042247016,0.0023539956,-0.0003275453,-2.7824943e-05,-1.252871e-08,-0.0076670954,0.00019079765,-0.0009517034,-0.00013344306,-0.00052806217,-0.00027294172,0.0071073296,-7.4676675e-05,0.003954629,0.0013696236,-0.03490826,6.479327e-05,-0.0010986435,-3.053203e-06,-1.7286364e-05,-0.0015388764,0.0003864206,0.005611516
-0.0024081336,-0.0013239885,-6.9275324e-05,-0.00027011574,0.0023863183,-0.00095926586,0.00049406884,-0.0018442136,-0.0039864853,0.00301241,0.0009176971,0.003026524,0.0016659696,0.0016680945,-0.0011941376,-0.00044029747,-0.0027879984,-0.0015035535,0.0005858127,-0.0013798007,0.001342804,-0.0001754422,-1.0814437e-05,-9.663134e-09,-0.000642411,0.0002713957,-0.00028339744,9.2930175e-05,-0.00019399762,-0.00025229875,0.0045104683,7.822623e-05,0.0049022585,0.0010105586,0.06556562,-0.00084347895,-0.000625955,-2.1412836e-06,-7.856265e-06,0.00053300976,-0.0012620618,0.003201011
-0.0051909406,-0.00416724,0.004076597,-0.005408554,0.004808076,-0.0017869063,-0.00026239787,-0.0070580803,-0.005497587,0.006920413,-0.0014271061,0.0073334933,0.0029928489,-0.00040642702,-0.0017235423,-0.0033964477,-0.0056707803,-0.0016373985,-0.0014840171,-0.0019092537,0.0068553644,-0.00037818085,-3.4038327e-05,5.6863973e-07,-0.012863059,0.000546822,-0.00052790856,-4.935482e-05,-0.0007424578,-0.00034793414,0.010361904,-0.00012164921,0.011878538,0.0018154287,-0.0159749,-0.0012174238,-0.004828607,-4.3553646e-06,-8.555623e-06,-0.0013502534,-0.0017463363,0.016341995
-0.0030551485,-0.0017154218,0.0013233293,-0.0017147529,0.0017909876,0.0002229127,1.5728525e-05,-0.0025523452,-0.003673119,0.0022956375,-0.0025305233,0.004347848,0.0014274071,-0.0011123073,-0.00030520005,-0.0023424353,-0.0032651648,-3.5605044e-05,-0.00015123835,0.00038059763,0.0035906956,-0.00022257982,-1.4011693e-05,1.8458965e-07,-0.0040781633,0.0002036888,6.585545e-05,2.9584028e-06,-0.0002684878,-0.00023246626,0.003437248,-0.00021570658,0.0070424927,0.00086584926,-0.043720018,-0.00021557801,-0.0033301557,-2.5077647e-06,-1.8604105e-07,-0.00013760629,0.0003481211,0.008559593
-0.003231752,-0.0026391463,0.0012375846,-0.0035887766,0.001718271,0.00085950765,-0.0015120399,-0.00406312,-0.002183305,0.005885712,-0.0052299844,0.0053752875,0.0026667863,0.001121175,0.0012387625,-0.002407241,-0.003304541,-0.0008827164,-0.002041651,0.003737787,0.0059419414,-0.0002354461,-2.1556743e-05,1.7262923e-07,-0.008535118,0.00019541878,0.0002539257,-0.00028440193,-0.00042741015,-0.00013817815,0.008812651,-0.00044581373,0.008706704,0.0016176428,0.04406857,0.00087499974,-0.0034222875,-2.5380073e-06,-4.6123096e-06,-0.0018576242,0.0034188402,0.014164554
-0.0027008716,-0.0025607292,-0.000118317315,-0.001566234,0.0019737624,-0.0013872455,-0.00049926643,-0.002440645,-0.0029262365,0.003260261,-0.0018294557,0.003130099,0.0020635887,0.0018499383,0.0009608236,-0.00045738497,-0.0026814605,-0.0016727694,-0.0009145056,0.00218189,0.0025151293,-0.00019676932,-2.0916226e-05,-1.6503945e-08,-0.0037249438,0.00022447576,-0.00040983612,-9.39078e-05,-0.00025673778,-0.00018519718,0.004881575,-0.00015594625,0.0050700256,0.0012517499,0.07271312,0.00067867764,-0.0006502477,-2.0594587e-06,-8.7404405e-06,-0.0008320755,0.0019957086,0.0059956308
-0.0038539765,-0.0027401084,-2.5762827e-05,-0.00076234393,0.003828186,-0.0015485217,-0.0014558316,-0.0031639643,-0.0075527653,0.0058454177,0.0006083383,0.0036369688,0.0026407042,0.0025271445,-0.0006280343,-0.00032685167,-0.004477453,-0.002388924,-0.00078981713,-0.0028449984,0.0013679403,-0.00028077766,-2.238141e-05,-3.5936267e-09,-0.0018130677,0.00043537916,-0.0004574822,-0.00027382962,-0.0003328256,-0.00047800332,0.008752319,5.18559e-05,0.005891036,0.0016018216,0.099331185,-0.00044361193,-0.0004646732,-3.4388459e-06,-1.2482442e-05,-0.00071862596,-0.0026022336,0.0032609317
-0.0028781292,-0.0018913802,0.00021645892,2.6179012e-05,0.002781472,-0.0010455367,0.00019528682,-0.0010057809,-0.004498042,0.0017969123,-0.0010931878,0.002503163,0.0015749214,0.0006019605,-0.0003645218,-0.0017697277,-0.003570621,-0.0012840327,-0.00059496914,0.00078986626,0.0016120758,-0.00020968326,-1.5448933e-05,3.0193604e-08,6.226103e-05,0.0003163365,-0.00030888457,3.6731803e-05,-0.000105800704,-0.00028467443,0.002690509,-9.318539e-05,0.0040545366,0.00095532974,0.023660481,-0.00025747993,-0.002515958,-2.7423662e-06,-6.70924e-06,-0.00054134085,0.0007224667,0.0038429082
-0.0022028629,-0.0011385662,-0.0011120654,-0.0023438483,0.0006983707,-0.0006812789,0.0011130642,-0.002063386,-0.0010729927,0.002472148,-0.00065412465,0.00012680184,0.0014584209,0.00023225587,0.0005956045,-0.00089056836,-0.0016423768,-0.0016657962,-0.0010552488,0.0006605121,0.0012378508,-0.0001604874,-9.299893e-06,-1.551207e-07,-0.005574329,7.942562e-05,-0.0002012713,0.00020935798,-0.00021705292,-6.790812e-05,0.0037015367,-5.5758817e-05,0.00020538921,0.0008846618,0.00912898,0.00042070512,-0.0012660889,-1.2614048e-06,-8.704004e-06,-0.00096013263,0.00060415035,0.0029508208
-0.0052235145,-0.0053311344,0.0015784069,-0.0040021366,0.0037043805,-0.002426225,-0.0015060795,-0.007146186,-0.00041604624,0.0087877745,-0.0024907384,0.007304555,0.0032394812,0.0051920703,0.0023591095,-0.0020004024,-0.0041288063,-0.0046620676,-0.0033824502,0.0066441544,0.008423379,-0.000380554,-4.35451e-05,2.2017014e-07,-0.009518203,0.00042129876,-0.0007167835,-0.00028328082,-0.00075172586,-2.633095e-05,0.013157897,-0.00021231524,0.0118316645,0.0019650331,0.20407796,0.0016663566,-0.0028439,-3.1710726e-06,-2.4359917e-05,-0.0030775687,0.006077206,0.02007987
-0.0031292657,-0.0019096667,-0.00085818477,-0.0017523025,0.0012609669,-0.0005195829,0.0009544148,-0.003260213,-0.0038854622,0.004231857,-0.0012701598,0.0026543473,0.0023685158,0.0005584968,-0.00015545072,-0.0006404761,-0.002526561,-0.0017003224,-0.0011061624,0.0005049843,0.0014716579,-0.00022797956,-1.55983e-05,-1.197072e-07,-0.004167467,0.00014340962,-0.0001535012,0.00017951736,-0.00034295025,-0.00024590513,0.0063363416,-0.00010827082,0.0042994195,0.0014367152,0.021952108,-0.00010980259,-0.00091054174,-1.9404904e-06,-8.884408e-06,-0.0010064571,0.0004618938,0.0035081764
-0.0035434875,-0.00240707,-0.00027650557,-0.0012498264,0.002253566,-0.0016766578,8.290721e-05,-0.003344284,-0.0054014986,0.004703017,0.0011804157,0.002906859,0.0021195998,0.00070070644,-0.0010153863,-0.0004428536,-0.00369889,-0.002370011,-0.00040538155,-0.0020160868,0.0011073144,-0.0002581573,-1.9661127e-05,-3.856944e-08,-0.0029724378,0.0002562978,-0.0004953377,1.5594145e-05,-0.00035179392,-0.00034185284,0.007041807,0.00010062086,0.0047084293,0.0012857256,0.027541758,-0.000717218,-0.00062958896,-2.8408815e-06,-1.238362e-05,-0.00036884198,-0.0018440534,0.0026396448
-0.0019694157,-0.001424624,-0.00027039525,-0.0014860253,0.0012695126,-0.000231696,0.0014395325,-0.0014772288,-0.0024896516,0.0023152488,-0.0015920247,0.00021278532,0.00089563977,-0.00081251666,0.0004201412,-0.001333907,-0.0018977448,-0.00017092912,-0.0009313623,-0.00025567543,0.00075303455,-0.00014347983,-1.16364345e-05,-3.771712e-08,-0.003534185,0.00014438151,-6.845032e-05,0.0002707639,-0.00015539353,-0.00015756636,0.003466612,-0.00013570719,0.0003446623,0.0005432851,-0.031936537,0.00029676667,-0.0018963674,-1.4575368e-06,-8.931272e-07,-0.00084741274,-0.00023385855,0.0017951033
-0.0032388712,-0.0028838906,0.00014283066,-0.001069607,0.0022494374,-0.00028660783,-0.001523003,-0.003899488,-0.0053608846,0.0038830782,-0.0020280648,0.0051319567,0.0036188236,0.00300474,9.949002e-05,0.0003821723,-0.005216,-0.00084418734,-0.00057023106,-0.00024826708,0.0028937901,-0.00023596476,-2.3555833e-05,1.992328e-08,-0.0025438254,0.00025582826,-8.4673e-05,-0.000286464,-0.00041019724,-0.00033928244,0.0058141164,-0.00017287607,0.008312565,0.002195138,0.118103415,7.027476e-05,0.00054332055,-4.006077e-06,-4.41099e-06,-0.0005188326,-0.00022708236,0.0068982923
-0.0037730269,-0.0017556892,-0.00085697754,-0.0033023255,0.0015272676,-0.0021274264,0.0009869016,-0.005112917,-0.003125472,0.005474672,-0.00033798505,0.0019814945,0.0028378994,0.0019552358,-0.0002681127,0.0005215006,-0.0033292703,-0.00257826,-0.0024801237,0.0010649886,0.0025277147,-0.00027488015,-1.43406e-05,-1.195388e-07,-0.007853856,0.00017369597,-0.000628509,0.00018562785,-0.00053784106,-0.0001978065,0.008197203,-2.8810482e-05,0.003209556,0.001721438,0.07685192,-0.00018938136,0.00074139854,-2.557e-06,-1.34717475e-05,-0.0022565746,0.00097411266,0.006025632
-0.011017323,-0.014274815,0.00052014657,-0.0033842996,0.0019437071,0.008609985,-0.02696434,-0.027256625,-0.016927086,0.03523284,-0.024460081,0.03297538,0.021047369,0.027284758,0.01204567,0.007542355,-0.020304915,-0.0036138608,-0.01826862,0.025953207,0.022427859,-0.00080265617,-0.00011659775,7.2554634e-08,-0.008048814,0.00022105759,0.0025436615,-0.005071765,-0.002867195,-0.0010712902,0.052753977,-0.0020850233,0.053412374,0.012767099,1.0724466,0.008508458,0.010722694,-1.559491e-05,-1.8882898e-05,-0.016621955,0.02373861,0.053464115
-0.004674795,-0.0038193145,-0.00079332467,-0.0039473935,0.0016848891,-0.0030370427,-0.0018040934,-0.006071467,-0.0045142537,0.0055732913,-0.00042735407,0.002789746,0.0037671153,0.0014484944,0.0007201047,0.0003815079,-0.0048517864,-0.0035633622,-0.0017425623,0.00016067798,0.0019366625,-0.0003405776,-3.1196443e-05,-1.1065993e-07,-0.009388009,0.00019162224,-0.0008972383,-0.0003393347,-0.0006386734,-0.00028570043,0.008344865,-3.6428464e-05,0.004518734,0.00228509,0.05693409,0.00050864584,0.000542376,-3.7263476e-06,-1.8619037e-05,-0.0015854943,0.00014696727,0.0046166666
-0.0025127584,-0.002133926,-0.0010683811,-0.0012315501,0.00069642684,-0.0005744322,4.4866407e-05,-0.0021377057,-0.002835087,0.0018158689,-0.00042246043,0.001133166,0.0015240505,0.00082708197,0.00025420194,-0.0007758801,-0.0026173666,-0.0011613177,-0.00017557334,-0.0005202265,0.00073108583,-0.00018306453,-1.7430066e-05,-1.4902723e-07,-0.0029289715,7.920455e-05,-0.00016970541,8.438992e-06,-0.0002248708,-0.00017942846,0.0027188926,-3.6011323e-05,0.001835463,0.000924472,0.032509036,0.0001795555,-0.0011030408,-2.0102323e-06,-6.0680377e-06,-0.00015974781,-0.00047583538,0.0017427814
-0.0035055252,-0.003286473,0.0023374006,-0.003822432,0.0044432664,-0.0002705127,-0.0015575166,-0.0059942044,-0.0031704782,0.0077046137,-0.00044098898,0.008404116,0.0025670957,0.0077627413,0.0009124149,-0.0006409439,-0.0042001447,-0.0009669016,-0.0005624348,-0.0029917397,0.0053868135,-0.00025539158,-2.6844154e-05,3.260413e-07,-0.009090816,0.0005053322,-7.9918e-05,-0.00029295572,-0.00063054595,-0.00020065486,0.011536085,-3.759073e-05,0.013612695,0.0015571716,0.30512,0.0006444841,-0.00091120676,-3.225863e-06,-5.052188e-06,-0.000511739,-0.0027364534,0.0128412265
-0.0026374864,-0.0019269243,-0.0005217068,-0.00055455306,0.0020784433,-0.0013745052,-0.00013308635,-0.0020231898,-0.0021015974,0.001650182,-0.001255217,0.0021520474,0.0015117342,0.0007143611,4.7876965e-06,-0.0014202414,-0.0025662119,-0.0017078479,-0.0008170905,0.0017996,0.0019165884,-0.00019215146,-1.573926e-05,-7.277227e-08,-0.0013188827,0.00023638112,-0.00040607227,-2.5032417e-05,-0.00021282458,-0.00013300698,0.0024708102,-0.00010699706,0.0034858116,0.0009170011,0.028078463,3.3817887e-06,-0.002019106,-1.9709437e-06,-8.92373e-06,-0.00074344105,0.0016460394,0.0045688134
-0.0039696037,-0.0032377099,0.0011884633,-0.0032368037,0.005161754,-0.00043322466,-0.00030429626,-0.0053262822,-0.0059912857,0.0065115904,-0.0012626678,0.006219068,0.0042473087,0.0018178088,-0.0018722008,-0.0019165426,-0.0048611844,-0.0018578803,-0.001083791,-0.002352238,0.004893021,-0.00028920156,-2.6445854e-05,1.6577735e-07,-0.007698027,0.0005870457,-0.00012798826,-5.7235557e-05,-0.00056028547,-0.0003791796,0.009749776,-0.000107632186,0.010073431,0.00257637,0.07145025,-0.0013224287,-0.0027246794,-3.7335656e-06,-9.707669e-06,-0.0009861022,-0.0021515207,0.011664111
-0.004358012,-0.0021996587,0.002551372,-0.0036822832,0.0034573295,-0.0029912451,0.0012448397,-0.0057810433,-0.0015220977,0.0040425397,0.0010603373,0.0058317883,0.0019242638,0.004157407,-0.0017625624,-0.002315661,-0.0043303478,-0.0021982999,-0.0011538628,1.7064725e-05,0.005167502,-0.00031749866,-1.7966975e-05,3.558879e-07,-0.008757503,0.00039320168,-0.0008837083,0.00023414384,-0.00060812297,-9.633131e-05,0.0060528773,9.038515e-05,0.009446128,0.001167237,0.1634098,-0.0012449857,-0.0032920914,-3.3258639e-06,-1.1486406e-05,-0.0010498579,1.5608586e-05,0.012318426
-0.0033571064,-0.0024145518,0.00050307624,-0.0014146318,0.0025655665,-0.0019085794,-0.00075643754,-0.002439579,-0.0032375718,0.0018783004,-0.000783527,0.004560012,0.0015700385,0.0012569027,0.00018600482,-0.00036192563,-0.004074375,-0.0018004646,0.00073125854,0.0012440218,0.002478187,-0.00024457867,-1.9722238e-05,7.017352e-08,-0.0033643914,0.0002917816,-0.00056385464,-0.00014227952,-0.00025662564,-0.00020490112,0.0028123711,-6.678932e-05,0.007386149,0.00095236785,0.04940344,0.00013138448,-0.0005145366,-3.1292675e-06,-9.407665e-06,0.00066534564,0.001137869,0.0059075668
-0.002298643,-0.0017584709,0.00024225138,-0.0012467717,0.0018470461,-0.0015304065,0.0016799791,-0.0029081795,-0.002709261,0.0027811285,2.6536116e-05,0.0033598433,0.001489473,0.00070307555,-0.0008564407,-0.0006912487,-0.0022264016,-0.0016441764,-5.8653648e-05,-0.00032559154,0.0018579308,-0.00016746538,-1.4363321e-05,3.3791363e-08,-0.0029651728,0.00021006433,-0.00045213042,0.0003159899,-0.00030591895,-0.0001714651,0.004164172,2.2619886e-06,0.0054421574,0.00090349774,0.027634878,-0.00060494675,-0.0009827233,-1.709957e-06,-8.591039e-06,-5.3366828e-05,-0.0002978087,0.0044289837
-0.0029233005,-0.0019804756,0.00072838773,-0.0019428179,0.0028840788,-0.0016066879,0.00039802335,-0.00335225,-0.0029989658,0.0043833833,-0.00022710348,0.0038958017,0.0021152971,0.0022447063,-0.0005771437,-0.001854271,-0.0026218498,-0.0015450104,-0.00059403456,-0.00072918873,0.003215908,-0.00021297418,-1.6176671e-05,1.01601955e-07,-0.004620566,0.00032800593,-0.00047466636,7.486483e-05,-0.00035263188,-0.0001898001,0.006563221,-1.9358728e-05,0.006310284,0.0012831156,0.08822975,-0.00040766536,-0.0026361502,-2.0136756e-06,-8.072882e-06,-0.0005404905,-0.0006669668,0.0076661655
-0.0036389886,-0.0033309194,0.00135058,-0.0023294468,0.0035563437,-0.00067308417,0.0009169929,-0.005574384,-0.0061752778,0.0045899856,-0.0003528835,0.0048185764,0.0033585262,0.00046118125,-0.002300438,-0.00050265907,-0.0053092525,-0.0011360825,-0.00014957099,-0.0042289854,0.0029506898,-0.0002651149,-2.7207197e-05,1.8839083e-07,-0.005540078,0.00040446257,-0.00019885032,0.00017247863,-0.0005863839,-0.00039082416,0.0068725655,-3.0080455e-05,0.007804963,0.0020372444,0.018127052,-0.001624914,-0.00071461225,-4.077698e-06,-5.9361805e-06,-0.00013608922,-0.0038681244,0.007033931
-0.00314713,-0.003299135,0.0024515057,-0.004404243,0.0014359922,2.3652741e-05,0.0017584284,-0.0040642796,-0.0018039753,0.004508286,-0.0038847448,0.0028367664,0.00041968276,-0.0054705054,-0.0002280756,-0.00264133,-0.0024353336,-0.00015422946,-0.0012060467,0.0018178348,0.005364879,-0.00022928104,-2.694758e-05,3.4195767e-07,-0.010474525,0.00016331523,6.987767e-06,0.00033074553,-0.00042753213,-0.00011417092,0.0067502367,-0.00033114298,0.0045948955,0.00025457487,-0.21502206,-0.00016110117,-0.0037550835,-1.8704243e-06,-8.0586926e-07,-0.0010973382,0.0016627182,0.012788938
-0.00456349,-0.004927637,0.0010277191,-0.003550415,0.0019407384,-0.0033940545,-0.0009872087,-0.0061568357,-0.0039870422,0.0030205483,-0.002847258,0.0072070733,0.0030379212,0.0019306968,0.0020958886,2.0278152e-05,-0.005200151,-0.0028168526,-0.0001271164,0.0020743697,0.0041469624,-0.00033246854,-4.0249306e-05,1.4335534e-07,-0.008443883,0.00022071996,-0.0010027109,-0.00018568561,-0.00064765353,-0.000252334,0.0045226538,-0.00024270563,0.011673767,0.0018427691,0.07588739,0.0014804306,2.8828716e-05,-3.993904e-06,-1.4718426e-05,-0.0001156586,0.001897363,0.009885637
-0.003017445,-0.0015547595,-0.000549306,-0.0015570471,0.00095787324,-0.0002475342,0.0012840894,-0.0020603794,-0.0029412198,0.0029655583,-0.00086272665,0.0024293559,0.001576826,0.00044772236,-0.00014120847,-0.0021119667,-0.0025387364,-0.0011442004,-0.00080834125,0.0004594304,0.0016946032,-0.00021983299,-1.2699391e-05,-7.662205e-08,-0.0037030948,0.00010893881,-7.312942e-05,0.00024152637,-0.00021673666,-0.00018614545,0.004440318,-7.354045e-05,0.0039349864,0.00095648505,0.01759804,-9.974258e-05,-0.0030025067,-1.9498414e-06,-5.978598e-06,-0.0007354804,0.00042022704,0.004039639
-0.004543,-0.0019845534,0.0014308591,-0.00881359,-0.00043567456,-0.00011610176,0.0025159854,-0.00670069,0.0020040588,0.005530674,-0.0059383065,0.0040722783,0.0034278848,4.578012e-05,0.0033823384,-0.0036260395,-0.0028158904,-0.00073350273,-0.0035431278,0.0063115903,0.008168164,-0.00033097577,-1.6209979e-05,1.9958887e-07,-0.02096119,-4.9549217e-05,-3.4300127e-05,0.00047323562,-0.000704863,0.00012683391,0.008281054,-0.00050619245,0.006596135,0.0020793166,0.0017994198,0.0023891144,-0.005155009,-2.1627056e-06,-3.8326484e-06,-0.0032237635,0.00577302,0.019471481
-0.004377517,-0.0029389835,0.0006803473,-0.002459497,0.0030461112,-0.0031409713,-0.0011888405,-0.004121694,-0.0050644977,0.0032582048,0.00015167665,0.004572907,0.0020802962,0.0015452908,0.00043364565,-0.00039246934,-0.0048746867,-0.0025408468,0.00025388144,-0.0010186792,0.0016956103,-0.0003189197,-2.4005834e-05,9.4900855e-08,-0.0058493735,0.00034643387,-0.00092794216,-0.00022361086,-0.00043357167,-0.00032052456,0.004878496,1.2929203e-05,0.007407036,0.0012618845,0.06073874,0.00030630553,-0.0005579595,-3.7439358e-06,-1.3276259e-05,0.00023099752,-0.00093175494,0.00404204
-0.0029476995,-0.0008586489,0.00018389034,-0.0031890562,0.0010345951,0.000321145,0.0018414307,-0.0021556425,-0.0011341637,0.0022734278,-0.0028652435,0.00013610884,0.0004491856,-0.0014244431,0.0012810898,-0.0019426923,-0.0020776433,-0.0003342267,-0.0017966933,0.001674257,0.0028370963,-0.00021475174,-7.013508e-06,2.565065e-08,-0.0075844703,0.00011766438,9.487638e-05,0.00034635756,-0.00022675763,-7.177954e-05,0.0034039936,-0.00024423873,0.00022046437,0.00027247096,-0.055988733,0.00090489764,-0.0027618555,-1.5957053e-06,-1.7463785e-06,-0.0016347461,0.001531392,0.006763144
-0.0050492007,-0.0049122535,0.0001419934,-0.0033855028,0.0010702922,-0.0032551095,-0.0028974547,-0.0064679896,-0.0044634603,0.0059107966,-0.0020675457,0.0054036905,0.0028915666,0.0031049293,0.0023085012,0.00046132493,-0.0054070326,-0.0037829983,-0.00136822,0.0016107839,0.0031636115,-0.00036785455,-4.012365e-05,1.9806492e-08,-0.008051676,0.00012172421,-0.00096166215,-0.00054498675,-0.00068038463,-0.0002824858,0.00885021,-0.00017624149,0.00875271,0.001753992,0.12204143,0.0016306095,0.000655849,-4.152797e-06,-1.9766665e-05,-0.0012448938,0.0014733351,0.0075414996
-0.0038773338,-0.0003382488,0.0019627851,-0.003214816,0.0025569426,0.0008592087,0.0006252557,-0.0024524666,-0.0023356606,0.0032924302,-0.0017796214,0.004609924,0.0010367301,0.0021322547,-0.0007772892,-0.0043065213,-0.004304687,0.00046361948,4.9853e-05,-0.0009501973,0.004452758,-0.00028247933,-2.7628412e-06,2.737866e-07,-0.0076457346,0.0002908008,0.00025383738,0.00011760532,-0.00025798133,-0.0001478205,0.0049297414,-0.00015169827,0.0074669947,0.00062886893,0.08380976,-0.0005490381,-0.0061224257,-3.3061553e-06,2.4224728e-06,4.5359437e-05,-0.0008691166,0.0106146
-0.0049884045,-0.0024056279,-0.0007540348,-0.0033675432,0.0022840248,-0.0021364498,0.0008776745,-0.0057928516,-0.0068993717,0.006196891,0.0005166967,0.003610573,0.00446994,0.0016086499,-0.0016941743,7.424725e-05,-0.005522036,-0.0026568696,-0.0021886416,-0.0013338865,0.0016795985,-0.0003634253,-1.9649347e-05,-1.0517943e-07,-0.0080089625,0.00025976187,-0.0006311748,0.00016508315,-0.0006093651,-0.00043665103,0.009278578,4.40442e-05,0.0058482806,0.0027114158,0.063229114,-0.0011966798,0.00010555463,-4.2411234e-06,-1.38824935e-05,-0.0019913656,-0.0012200655,0.0040038703
-0.005043567,-0.0036418969,0.001061546,-0.006211953,0.0028150107,-0.0033044794,-0.001203732,-0.009002438,-0.0040354133,0.0056200293,-0.0018099395,0.0071166353,0.0056330645,0.004229163,0.0013385864,0.00052396976,-0.005876084,-0.0033270847,-0.002298331,0.0015367726,0.005024048,-0.0003674441,-2.9747283e-05,1.4807382e-07,-0.0147737665,0.00032015084,-0.0009762476,-0.00022641182,-0.0009469898,-0.00025539534,0.008414846,-0.00015428265,0.011527278,0.003416954,0.16623022,0.00094551034,0.0007449089,-4.513045e-06,-1.7384456e-05,-0.002091168,0.0014056392,0.011976456
-0.0025621196,-0.0010529109,-0.0004552704,-0.000556139,0.002478066,-0.00054226216,0.0009970134,-0.0019402031,-0.0040596793,0.002578737,0.00019186706,0.002547226,0.0016382793,0.0020088311,-0.00057782774,-0.0005624236,-0.0028029988,-0.000984342,-0.000118258584,-0.0015723654,0.0013720318,-0.00018666069,-8.600255e-06,-6.3505134e-08,-0.0013226545,0.00028183014,-0.00016020137,0.0001875298,-0.000204095,-0.0002569311,0.0038611316,1.635511e-05,0.004125908,0.0009937619,0.07895852,-0.00040814854,-0.00079957733,-2.1528044e-06,-5.1433162e-06,-0.0001075992,-0.0014381949,0.003270685
-0.0033735419,-0.0006193713,-0.00045518967,-0.001905353,0.0012861576,-0.0013466211,0.0013995774,-0.002706889,-0.002049377,0.0022159799,-0.0019669975,0.0015779668,0.0005252966,-0.0005605003,-0.0003710838,-0.0003169974,-0.0026708783,-0.001529637,-0.0008927165,0.0019452306,0.002422854,-0.00024577606,-5.0590706e-06,-6.349388e-08,-0.004531464,0.00014627456,-0.0003978344,0.0002632487,-0.0002847447,-0.00012970204,0.003317977,-0.00016767057,0.0025559359,0.00031863907,-0.022030858,-0.00026211498,-0.00045066376,-2.0513312e-06,-7.992555e-06,-0.0008122504,0.0017792434,0.0057756626
-0.0039407588,-0.0045772525,0.00030986336,-0.0012750175,0.003099558,9.788241e-05,-0.0031518466,-0.004630889,-0.004197079,0.005848795,-0.002301015,0.003938667,0.0034371824,0.004740619,0.0010411086,-0.000983256,-0.005844547,-0.0014900409,-0.002822013,0.002247367,0.003843925,-0.0002871001,-3.7387337e-05,4.3222478e-08,-0.0030323493,0.00035251238,2.8917555e-05,-0.0005928357,-0.00048713523,-0.00026562694,0.008757376,-0.00019614285,0.006379716,0.0020849565,0.18633336,0.0007353869,-0.0013978595,-4.4888234e-06,-7.78566e-06,-0.0025676475,0.0020555984,0.009163248
-0.0037486758,-0.0055200346,0.0013932358,-0.0048817513,-0.00020736025,-0.0005006343,-0.006645223,-0.00815,-0.0030417386,0.0070454655,-0.0056317523,0.009058318,0.003006735,0.007238243,0.003728253,0.0012452859,-0.005185743,-0.0008649286,-0.0023743613,0.002779489,0.005895344,-0.00027310607,-4.508805e-05,1.9434083e-07,-0.011610174,-2.3583058e-05,-0.00014790319,-0.0012499103,-0.0008573197,-0.00019250713,0.010549145,-0.00048006116,0.014672349,0.0018238518,0.2845042,0.002633451,0.0017703779,-3.9828383e-06,-4.5193656e-06,-0.0021603452,0.0025423141,0.014053474
-0.0047488715,-0.0045177853,0.0011180921,-0.0017676719,0.002779687,-0.0020983457,-0.004065304,-0.0045286105,-0.006051453,0.009267506,-0.003552951,0.0044194767,0.0031217933,0.004702368,0.0021644996,-0.0008825627,-0.0049019433,-0.0032083197,-0.0039084377,0.004334139,0.004161099,-0.00034597435,-3.6901605e-05,1.5596136e-07,-0.0042040194,0.0003161335,-0.0006199176,-0.00076464936,-0.0004763763,-0.0003829875,0.013876197,-0.00030286022,0.007158515,0.0018936449,0.18482986,0.001528894,-0.0012547076,-3.76487e-06,-1.6763892e-05,-0.0035561458,0.0039643054,0.009919336
-0.005415181,-0.005898404,0.003090259,-0.002432533,0.0057958,-0.0023372313,-0.003058605,-0.0071497653,-0.005099149,0.011459503,-0.0006467224,0.008827014,0.0028391534,0.006623701,0.00039800655,-0.002601983,-0.004561956,-0.004663377,-0.0025922386,0.001369203,0.007879971,-0.00039451767,-4.81786e-05,4.310566e-07,-0.005785246,0.00065915566,-0.0006904919,-0.00057529774,-0.00075210235,-0.0003227176,0.017158264,-5.5127835e-05,0.01429769,0.0017221988,0.2603492,0.00028113186,-0.0036991453,-3.5037474e-06,-2.436676e-05,-0.002358584,0.0012523683,0.018784478
-0.0066867415,-0.0039618025,0.00044129498,-0.0056523285,0.0038488167,-0.005509024,-0.0023154523,-0.008930036,-0.008496694,0.0075554624,0.00060749415,0.0065082675,0.0051749097,0.0032187004,-0.00023176236,0.0007993331,-0.007292267,-0.004969864,-0.0017814948,-0.0014525792,0.002389011,-0.00048715595,-3.2360298e-05,6.1555724e-08,-0.013442823,0.00043772548,-0.0016275398,-0.00043551702,-0.0009393737,-0.0005377432,0.011312761,5.1783943e-05,0.010541866,0.0031390425,0.12651327,-0.0001637053,0.0011363829,-5.6007248e-06,-2.5968195e-05,-0.0016209176,-0.00132863,0.0056949863
-0.0045553623,-0.004503956,0.0017547847,-0.003813678,0.004812125,-0.002072631,-0.0032499915,-0.0057630558,-0.003181832,0.0078029037,-0.0008290381,0.006215331,0.0028041129,0.0051640896,0.000482289,-0.0017619559,-0.00409586,-0.0032435493,-0.0022090152,0.0023330569,0.005373217,-0.00033187642,-3.6788646e-05,2.4477288e-07,-0.009069996,0.00054728246,-0.00061232067,-0.0006112959,-0.0006062308,-0.00020137342,0.011683254,-7.066877e-05,0.010067377,0.0017009436,0.20297816,0.00034066476,-0.002504909,-3.1457687e-06,-1.6947972e-05,-0.0020099028,0.0021339762,0.012808815
-0.002623858,-0.0015237621,-0.00032855666,-0.00044211594,0.0014266414,-0.0011017139,0.00032614978,-0.002255939,-0.0038915928,0.0026413111,-0.00015104783,0.0021829684,0.0018607406,0.00021606081,-0.001236228,-0.0007948643,-0.0028755702,-0.0014527685,-0.00027597987,0.00022362196,0.0012734269,-0.00019115857,-1.2446202e-05,-4.5829985e-08,-0.0010514758,0.00016225176,-0.0003254811,6.134602e-05,-0.00023730808,-0.00024629314,0.0039548236,-1.2875602e-05,0.0035358965,0.0011287045,0.008492421,-0.0008732095,-0.0011300299,-2.208542e-06,-7.5909065e-06,-0.00025110407,0.0002045402,0.0030356282
-0.00478834,-0.000981366,0.00010834908,-0.00262417,0.0017383725,-0.0025330272,0.0017414945,-0.004693485,-0.003166872,0.0041531734,-0.0001136355,0.0026169452,0.00159719,0.0007060834,-0.0015212842,-0.0005041568,-0.0042360695,-0.0026099635,-0.0012123073,0.0014694473,0.0028607035,-0.00034884978,-8.015871e-06,1.5113486e-08,-0.0062410124,0.0001977049,-0.00074833626,0.0003275604,-0.0004937199,-0.00020042664,0.0062185284,-9.686504e-06,0.004238837,0.00096883764,0.027753102,-0.0010745589,-0.00071674155,-3.2534547e-06,-1.3637403e-05,-0.0011030345,0.0013440588,0.0068194196
-0.0042110914,-0.002891397,0.0007692566,-0.0019271731,0.0019939197,-0.0010316239,0.0013129464,-0.0042633414,-0.0034272883,0.0013294272,-0.0037359851,0.009375058,0.004008593,0.002290009,0.0011568591,-0.0010084972,-0.005686934,-0.0011467903,4.230393e-05,0.003642867,0.005113649,-0.00030679491,-2.3617145e-05,1.07302704e-07,-0.0045833583,0.00022676826,-0.0003047743,0.00024695415,-0.00044847195,-0.000216908,0.0019905455,-0.0003184624,0.015185393,0.0024315678,0.09001041,0.00081714726,-0.001433744,-4.367771e-06,-5.9921304e-06,3.8490813e-05,0.0033320198,0.0121900495
-0.0052222805,-0.0034342878,0.0017843009,-0.005295688,0.0035559512,-0.00013498735,-0.00251725,-0.005352114,-0.00091608916,0.008207428,-0.0028980952,0.007620016,0.00319808,0.0062176483,0.0042988937,-0.0018758753,-0.004111203,-0.002311879,-0.0027129704,0.006461924,0.007851645,-0.0003804641,-2.8051518e-05,2.4889005e-07,-0.012594631,0.00040441792,-3.9879527e-05,-0.00047347345,-0.0005630028,-5.7977926e-05,0.012288947,-0.00024703908,0.012342637,0.0019399197,0.24438903,0.003036523,-0.002666864,-3.1575526e-06,-1.2079872e-05,-0.0024684335,0.0059105256,0.018716956
-0.002106482,-0.0014945578,-0.001523702,-0.0007146422,0.0007805845,-0.00029585918,0.00029829625,-0.001441707,-0.0028566886,0.0012577741,-0.00021291937,0.00012134679,0.0015895199,0.0003596894,-2.250998e-05,-0.00063653756,-0.0023600077,-0.0009555344,-0.00030307652,-0.0007170659,4.888844e-05,-0.00015346566,-1.2207659e-05,-2.1253942e-07,-0.0016996197,8.8775785e-05,-8.7406144e-05,5.6107005e-05,-0.0001516569,-0.00018079559,0.0018832596,-1.8149649e-05,0.00019655332,0.00096418505,0.014137845,-1.5899921e-05,-0.00090494246,-1.8125713e-06,-4.992793e-06,-0.00027575833,-0.0006558784,0.00011654153
-0.003662612,-0.002361444,-0.00060210156,-0.001513913,0.0018680074,-0.0023839064,0.0008656129,-0.0034895623,-0.0041302536,0.004165944,0.0006742212,0.0020199378,0.0017650435,4.6414207e-06,-0.0010058314,-0.0005822443,-0.0031643074,-0.0030754833,-0.0008233864,-0.00048367342,0.0012773161,-0.000266836,-1.928845e-05,-8.398644e-08,-0.0036005098,0.00021244826,-0.00070428126,0.00016281447,-0.0003670761,-0.00026139762,0.0062376503,5.7471883e-05,0.0032718251,0.0010706556,0.00018243429,-0.00071046886,-0.0008277557,-2.4303026e-06,-1.6069805e-05,-0.00074916944,-0.0004424014,0.0030448993
-0.005374916,-0.0037414692,0.0017537889,-0.0028306544,0.0054375054,-0.002917107,-0.0019414024,-0.00543071,-0.0078467885,0.0097877765,-0.00017460005,0.0070519214,0.0036372365,0.0062351883,0.0016454749,-0.00067032117,-0.005576784,-0.0033177803,-0.0017622772,-0.00051194156,0.0042799343,-0.00039158418,-3.0560597e-05,2.4463395e-07,-0.0067320904,0.00061840686,-0.0008618055,-0.0003651614,-0.0005712705,-0.00049661164,0.014655195,-1.4883237e-05,0.011422457,0.0022063071,0.24507844,0.001162281,-0.0009529714,-4.2831716e-06,-1.7335838e-05,-0.0016034321,-0.0004682574,0.010202618
-0.002412326,-0.0019051476,-0.00034570662,-0.000807247,0.0016414034,-0.0015136776,0.0006333746,-0.0026656985,-0.002711821,0.0026546821,0.0009205089,0.0013195588,0.00082063087,2.6343972e-05,-0.0012970364,-0.001143946,-0.0022123544,-0.0020036134,-0.0003200114,-0.0015728804,0.0009788434,-0.00017574763,-1.5561387e-05,-4.8222212e-08,-0.0019198598,0.00018667663,-0.00044718818,0.00011913242,-0.00028041174,-0.00017162714,0.0039748442,7.8465906e-05,0.0021373755,0.0004977855,0.0010354683,-0.00091616146,-0.0016263067,-1.6991683e-06,-1.04691435e-05,-0.00029116677,-0.0014386659,0.0023333924
-0.0039658546,-0.00277328,0.00063453394,-0.001823792,0.003221322,-0.001080676,0.00044265145,-0.0051352168,-0.0059188483,0.0064830515,-0.0009673198,0.0052742143,0.003525566,0.0035682803,0.0001064543,-0.001068227,-0.004611758,-0.0022168688,-0.002060805,0.00017869864,0.0034113904,-0.00028892842,-2.2652357e-05,8.85104e-08,-0.004337489,0.0003663606,-0.00031926582,8.3259e-05,-0.00054018677,-0.00037459514,0.009707045,-8.2456165e-05,0.008542989,0.002138569,0.14025375,7.519398e-05,-0.0015186598,-3.541997e-06,-1.1583432e-05,-0.0018750518,0.00016345021,0.008132161
-0.0026834654,-0.0032250828,-0.00065141456,-0.0023068446,7.79141e-05,-0.00011256838,-0.0016172859,-0.004802684,-0.002492751,0.0024032067,-0.004236497,0.0032928428,0.0032231538,0.0029189372,0.0014820241,-0.00068500853,-0.0040976414,-2.9613264e-05,-0.0018647071,0.0010615592,0.002506797,-0.00019550123,-2.6342716e-05,-9.086506e-08,-0.0054863235,8.861161e-06,-3.3256256e-05,-0.0003041978,-0.00050520676,-0.00015776252,0.003598311,-0.000361127,0.005333632,0.001955129,0.11473087,0.0010468275,-0.0009738519,-3.147137e-06,-1.547332e-07,-0.0016966293,0.00097097596,0.005975768
-0.0026923518,-0.0016546792,-0.00093067135,-0.0010457992,0.0016719424,-0.0007687307,0.0007490915,-0.0023008664,-0.004132364,0.0025171344,0.0005800637,0.0020491343,0.0020365072,0.00080990384,-0.00079203205,-0.00038890337,-0.0030635663,-0.0014533917,0.00013564399,-0.0016123855,0.00063474785,-0.00019614863,-1.3515542e-05,-1.2981826e-07,-0.002487204,0.00019014982,-0.00022710733,0.00014089778,-0.00024203412,-0.00026153118,0.0037688946,4.944572e-05,0.0033191165,0.0012353226,0.03183384,-0.0005594517,-0.0005528899,-2.3529299e-06,-7.5941634e-06,0.00012341754,-0.0014748,0.0015131284
-0.003073864,-0.0023857192,-0.0009985585,-0.0026414064,0.00062284427,-0.0011478167,-0.0016810978,-0.0049934024,-0.0042285174,0.005900741,-0.0019401171,0.0028653275,0.003992861,0.0024104766,0.0005410092,0.0012759014,-0.003687317,-0.0018427145,-0.0021719942,0.00029208435,0.002226906,-0.00022394332,-1.9486732e-05,-1.3928775e-07,-0.0062820055,7.083601e-05,-0.0003391013,-0.00031620028,-0.00052526896,-0.0002676166,0.008835154,-0.00016537923,0.004641158,0.002422025,0.09474547,0.00038214176,0.001813903,-2.831993e-06,-9.628426e-06,-0.0019762188,0.00026716068,0.0053085564
-0.0034292657,-0.0041293646,0.0016378912,-0.0029369877,0.0023799432,-0.0022251555,-0.00096085516,-0.0047004204,-0.0015923218,0.006732652,-0.0014024595,0.006862031,0.001446579,0.003610872,0.001230428,-0.0005136651,-0.0026016352,-0.002875567,-0.0008058265,0.003828,0.005445237,-0.00024983578,-3.3728957e-05,2.2846753e-07,-0.006984981,0.00027067066,-0.0006573812,-0.00018072875,-0.0004944494,-0.00010077569,0.010080771,-0.000119548284,0.0111148795,0.0008774787,0.14192785,0.0008691126,-0.0007302591,-1.99815e-06,-1.5025216e-05,-0.0007331923,0.0035013554,0.012980497
-0.0035003666,-0.0015806446,0.0002791041,-0.0010193004,0.002749481,-0.0030048743,0.0022024752,-0.004088276,-0.0013666861,0.003371296,-0.00024721646,0.0027955505,0.00066120515,0.0016429962,-0.001149965,-0.0005544881,-0.00266474,-0.0031909444,-0.0016117236,0.002860249,0.0036645206,-0.00025501574,-1.2910823e-05,3.8931905e-08,-0.0024241824,0.00031269816,-0.0008877348,0.00041426698,-0.00043005636,-8.649554e-05,0.005047827,-2.1073196e-05,0.0045281355,0.00040107965,0.06457912,-0.0008122776,-0.0007882957,-2.0466168e-06,-1.6673104e-05,-0.0014664489,0.002616183,0.008735579
-0.0038607072,-0.0032376053,3.0767056e-05,-0.006132622,-0.0004288447,-0.0015734335,0.00025355484,-0.0070735803,-0.0017302678,0.0049748383,-0.003584035,0.0060910485,0.00453448,0.0019732723,0.001960415,-0.0004783566,-0.0034187143,-0.0019283008,-0.0012535395,0.00282,0.004871592,-0.000281268,-2.6445001e-05,4.291661e-09,-0.0145850945,-4.8772457e-05,-0.00046484196,4.7691523e-05,-0.00074408826,-0.00010950608,0.007448804,-0.0003055099,0.009866069,0.002750565,0.07756085,0.0013847388,-0.00068006234,-2.6256962e-06,-1.0075626e-05,-0.0011405501,0.0025793684,0.011613027
-0.004807142,-0.0051481593,0.0037379013,-0.002393389,0.0049317954,-0.0024242632,-0.0026254356,-0.005169925,-0.0040911934,0.009461681,0.0007229154,0.006262986,0.0012447735,0.0057300404,0.00032753192,-0.0016899356,-0.0045718933,-0.0032723746,-0.0022594985,0.00020768025,0.0054036938,-0.00035021958,-4.2050546e-05,5.2139546e-07,-0.00569215,0.0005608925,-0.00071620394,-0.00049382227,-0.00054383784,-0.00025892557,0.014166934,6.162267e-05,0.010144567,0.0007550657,0.22522326,0.00023135213,-0.0024025203,-3.5113794e-06,-1.7098588e-05,-0.0020558357,0.00018995881,0.012881465
-0.0057582753,-0.0023579795,0.002419786,-0.005172945,0.003318524,-0.0024770189,0.0016736017,-0.0065534636,-3.9027538e-05,0.006178041,-0.0020369962,0.008026488,0.0020691622,0.004362451,0.00029116546,-0.0021238641,-0.0042796955,-0.0023144344,-0.0016566115,0.0060194205,0.0078407265,-0.00041951347,-1.9260151e-05,3.3753312e-07,-0.012302714,0.00037741536,-0.0007317896,0.00031479035,-0.00068937585,-2.469995e-06,0.009250354,-0.0001736374,0.013001027,0.0012551307,0.1714692,0.00020566468,-0.003019421,-3.286961e-06,-1.20932245e-05,-0.0015072908,0.005505781,0.018690927
-0.0020123872,-0.0010497351,-0.00039941198,-0.0020041787,0.0009879293,-0.0005931518,0.002407617,-0.0021912097,-0.0015702441,0.0026488905,-0.0017174733,0.00019179314,0.0011361836,-0.0010520979,-0.00058674783,-0.0012392678,-0.0018881899,-0.00070902996,-0.0009718408,0.000951088,0.001722765,-0.00014661047,-8.574314e-06,-5.571351e-08,-0.004766499,0.000112357084,-0.00017523578,0.0004528524,-0.00023049903,-9.937842e-05,0.003966172,-0.00014640065,0.00031065987,0.0006891963,-0.041353446,-0.00041444926,-0.0017618221,-1.4501982e-06,-3.7047748e-06,-0.0008842427,0.0008699313,0.004106772
-0.0046947794,-0.0014252665,-0.000104334555,-0.0020002602,0.0033582437,-0.0010575573,-9.137264e-05,-0.0044118217,-0.0050661815,0.0049203113,-0.0008898113,0.00330337,0.0018768162,0.001650439,-0.0020762992,-0.0013878389,-0.004699501,-0.002238054,-0.0013998506,5.54796e-05,0.0029018512,-0.0003420335,-1.1641682e-05,-1.4553505e-08,-0.00475718,0.00038193268,-0.00031243582,-1.7186421e-05,-0.000464091,-0.0003206311,0.0073671606,-7.5849195e-05,0.005350684,0.0011384557,0.06487166,-0.0014665936,-0.0019730404,-3.609387e-06,-1.1694127e-05,-0.0012736733,5.0745504e-05,0.0069175083
-0.0018511941,-0.0031305908,0.00096774986,-0.0011227346,0.0004202802,-0.00012869871,0.0002335255,-0.0030211003,-0.0028673583,0.0015912163,-0.0027297053,0.0053303987,0.0018117172,-3.0253781e-05,-0.00030862849,-0.0011850327,-0.002698023,0.00016351137,-0.00036117487,-0.000528714,0.0027831248,-0.00013486692,-2.5570898e-05,1.349903e-07,-0.002670178,4.779842e-05,-3.8021662e-05,4.3924174e-05,-0.00031779738,-0.00018147085,0.0023825213,-0.00023268523,0.0086339945,0.0010989674,-0.0011891461,-0.00021799968,-0.0016847181,-2.0721793e-06,8.5436847e-07,-0.0003286199,-0.00048359862,0.0066344854
-0.0029694978,-0.0012586411,-0.00052828423,-0.003110235,0.0014199655,-0.0003399622,0.0012025887,-0.0030609416,-0.0011707023,0.0036252947,-0.0019600992,0.0019547285,0.0012758027,0.0018993977,0.0020606916,-0.0002934328,-0.0021644356,-0.001447505,-0.0022222777,0.002019564,0.0029458879,-0.00021633983,-1.0280674e-05,-7.368975e-08,-0.0073970114,0.00016149251,-0.00010043557,0.00022619677,-0.0003219884,-7.4092015e-05,0.005428138,-0.00016708254,0.0031662013,0.0007738877,0.07465716,0.0014555692,-0.0004171628,-1.6623649e-06,-7.563404e-06,-0.00202197,0.0018472337,0.007022484
-0.006116275,-0.0066216,0.002860884,-0.0024428586,0.0070404224,-0.0050998,-0.004274632,-0.0070892256,-0.009143501,0.008063148,-0.0021251151,0.009328353,0.0037464437,0.003128607,0.0007660127,-0.0021822439,-0.0067596445,-0.0054544746,-0.00271571,0.0016115035,0.005821863,-0.0004455952,-5.408572e-05,3.9906135e-07,-0.005809803,0.00080070645,-0.001506642,-0.00080402213,-0.000745734,-0.0005786786,0.012072916,-0.00018114882,0.015109742,0.002272551,0.12297209,0.000541073,-0.0031024173,-5.191652e-06,-2.8500348e-05,-0.0024709261,0.0014739933,0.013878309
-0.0052853357,-0.0022194488,0.003159426,-0.004565097,0.0039557526,-0.0027310979,0.00028799346,-0.0056133857,-0.004401045,0.004136447,4.618481e-05,0.006512636,0.0013999313,0.0023994711,-0.0012334466,-0.0016732218,-0.0062458804,-0.001248855,-0.00020760315,-0.0009502505,0.0041904626,-0.0003850579,-1.8128623e-05,4.4070464e-07,-0.010857081,0.00044988727,-0.0008068526,5.4169137e-05,-0.0005904866,-0.00027853562,0.006193484,3.93688e-06,0.010548942,0.00084918266,0.09431289,-0.0008712449,-0.002378759,-4.797062e-06,-6.525432e-06,-0.00018889058,-0.00086916523,0.009989333
-0.003837331,-0.0027485287,0.0012134307,-0.004491232,0.0018438967,-0.00045607047,0.0022348734,-0.007745158,-0.0036800434,0.0040017813,-0.005220915,0.0058813514,0.006500784,0.0014862784,-0.0011145622,-0.0012789847,-0.0062268823,-0.00014942582,-0.0026139393,0.0031584732,0.0057725925,-0.00027956496,-2.2450187e-05,1.6926002e-07,-0.010681409,0.00020970615,-0.00013473762,0.0004203608,-0.00081473327,-0.0002329045,0.00599185,-0.00044504064,0.009526408,0.003943303,0.058419213,-0.00078727084,-0.0018182864,-4.782471e-06,-7.807696e-07,-0.0023783287,0.0028889594,0.013760856
-0.005546752,-0.004567315,0.00010108028,-0.0039186543,0.0031365943,-0.004000424,-0.0024315687,-0.006455022,-0.006089992,0.006541818,0.00019692333,0.004181318,0.0034530323,0.0026954636,0.0010980396,-4.322501e-05,-0.005870879,-0.004371055,-0.0017532429,-6.274678e-05,0.0025565336,-0.00040410314,-3.7306167e-05,1.409957e-08,-0.009319659,0.00035672451,-0.0011818516,-0.00045735753,-0.00067902054,-0.00038542657,0.009795035,1.6786114e-05,0.006772754,0.0020945708,0.105947085,0.0007756001,-6.1451436e-05,-4.509048e-06,-2.2839338e-05,-0.0015952121,-5.7392575e-05,0.006094331
-0.003251971,-0.002386847,-0.00077406457,-0.0021617701,0.0012919233,-0.0014180646,-0.00083833595,-0.0043315045,-0.0024395958,0.003971604,-0.0016852288,0.0022343427,0.0028889687,0.0025163724,0.00088447554,-0.0005205858,-0.003515418,-0.0018353018,-0.0026421577,0.0023600918,0.0027998178,-0.00023691914,-1.9495943e-05,-1.07973364e-07,-0.005141296,0.0001469303,-0.00041894108,-0.00015768391,-0.0004556422,-0.0001543984,0.0059466655,-0.00014365207,0.0036191107,0.0017524161,0.09890778,0.00062474917,-0.000740098,-2.6999683e-06,-9.589693e-06,-0.0024040036,0.0021587042,0.0066742785
-0.0023443757,-0.0020902015,-0.00014898926,-0.00019342493,0.0021919413,-0.00024764845,0.0012814186,-0.0011769804,-0.0039780876,0.0018796036,-0.0009071104,0.0035028341,0.0014738799,0.0013642671,0.00010806974,-0.0005887577,-0.0030290028,-0.00067087286,-0.00014220155,0.00053046143,0.0018013967,-0.00017079718,-1.707292e-05,-2.0782338e-08,-0.00046001875,0.00024928924,-7.316317e-05,0.00024102401,-0.00012380963,-0.00025176725,0.0028143222,-7.73238e-05,0.005673769,0.0008940391,0.053623475,7.633505e-05,-0.0008370155,-2.3263838e-06,-3.505399e-06,-0.00012938403,0.00048519697,0.004294216
-0.0044825478,-0.0028455104,0.0004258689,-0.0021402051,0.002441674,-0.003517354,0.00074478984,-0.005205122,-0.005657519,0.003518843,-0.00053092756,0.0055084303,0.004125907,0.0008408481,-0.0007341619,-0.00022238574,-0.0050877878,-0.0030384865,-0.0016360926,0.0007998413,0.0022638794,-0.00032657158,-2.3242339e-05,5.9403956e-08,-0.005090008,0.0002776913,-0.0010391375,0.00014008868,-0.00054754026,-0.00035805602,0.0052687484,-4.5257264e-05,0.008922364,0.0025027292,0.033050124,-0.00051857514,-0.0003161578,-3.9076053e-06,-1.5876492e-05,-0.0014886213,0.00073159055,0.0053966944
-0.0027964215,-0.0011670825,-0.00062557805,-0.00051526685,0.0015194811,-0.0012884006,0.0016685546,-0.002864378,-0.002745007,0.002693798,-0.0008723502,0.0035588958,0.0018551429,0.0004635214,-0.00086654694,-0.00022197387,-0.002597796,-0.0016153206,-0.0007114683,0.0010067754,0.0022618629,-0.00020373052,-9.532816e-06,-8.726115e-08,-0.0012254491,0.00017281041,-0.00038063424,0.00031384104,-0.00030131137,-0.00017372741,0.004033412,-7.4360774e-05,0.0057645757,0.0011253089,0.018219033,-0.0006120853,-0.00031557222,-1.9952013e-06,-8.440263e-06,-0.0006473392,0.0009208669,0.0053918874
-0.0028646921,-0.0018750287,-0.0010839455,-0.0011904758,0.0013862881,-0.00062570546,0.0016353992,-0.00327907,-0.0041413624,0.0020188624,-0.0007992042,0.0018295397,0.0025492467,0.0017847505,-6.634419e-05,-0.00024683127,-0.003300232,-0.0008232069,-0.001152269,-0.0008123221,0.0008761224,-0.00020870431,-1.5315374e-05,-1.511983e-07,-0.0028312854,0.00015766239,-0.00018485315,0.0003076048,-0.00034493388,-0.0002621007,0.003022834,-6.812567e-05,0.002963425,0.0015463446,0.07015087,-4.686221e-05,-0.0003509111,-2.5346976e-06,-4.3013647e-06,-0.0010484078,-0.00074300636,0.0020885232
-0.0024672474,-0.0018365099,-5.499256e-05,-0.0009251786,0.0019598426,-0.0010472888,0.0011463091,-0.0024221824,-0.0015469874,0.0019401211,-0.001555288,0.0033691353,0.001218134,0.0012186291,5.571943e-05,-0.00075376255,-0.0023243034,-0.0013135137,-0.00057548843,0.0017610271,0.0029697237,-0.00017974888,-1.5000749e-05,-7.670848e-09,-0.002200334,0.00022289268,-0.00030940218,0.00021561106,-0.00025479565,-9.7906544e-05,0.0029049348,-0.00013257567,0.0054572085,0.00073890644,0.04789907,3.9357412e-05,-0.001071597,-1.7851492e-06,-6.863282e-06,-0.00052361604,0.001610758,0.0070793047
-0.0026498172,-0.0013805613,-0.0009123083,-0.0009689203,0.0010581106,-0.00029239827,-5.760725e-05,-0.0018396826,-0.0034003616,0.0012026397,-0.00012680661,0.001655573,0.0016403655,0.0010518138,-0.00023361976,-0.0011749059,-0.002916033,-0.0007357931,0.00030889176,-0.0021249664,0.0008249769,-0.00019304981,-1.12765265e-05,-1.2725681e-07,-0.0023043642,0.000120338795,-8.638368e-05,-1.0835437e-05,-0.00019352099,-0.00021520385,0.0018007072,-1.08092345e-05,0.0026816397,0.0009950274,0.04134228,-0.00016501729,-0.0016703213,-2.2396189e-06,-3.844616e-06,0.0002810494,-0.0019436422,0.0019666012
-0.0039581377,-0.0036724606,0.00061868445,-0.001535489,0.0015848703,-0.0029828981,-0.0015814616,-0.0040076696,-0.004020484,0.005039583,-7.1763934e-05,0.0040117083,0.0016464393,0.0020566436,0.00096205075,-0.00048164366,-0.0036548856,-0.0030516274,-0.0010502504,0.0010686225,0.0022737696,-0.00028836622,-2.999693e-05,8.629957e-08,-0.0036518236,0.00018024711,-0.00088124233,-0.00029745957,-0.00042157716,-0.00025445048,0.007545746,-6.1172927e-06,0.0064980257,0.0009987117,0.080837816,0.0006795444,-0.00068473537,-2.8070845e-06,-1.5945156e-05,-0.00095558475,0.0009774365,0.005420271
-0.003671808,-0.0024831959,0.0001587465,-0.0017764352,0.0031934415,-0.001908558,-0.0008798239,-0.00362301,-0.0044868933,0.0046563433,0.00034880638,0.0045274706,0.0023166663,0.0032519542,-0.0007068436,-0.0019535993,-0.0036583885,-0.0026098862,-0.00034107937,-0.0010774087,0.0026323856,-0.00026750594,-2.0282929e-05,2.2143363e-08,-0.004224861,0.00036318973,-0.0005638483,-0.00016548745,-0.00038111382,-0.00028396884,0.0069719227,2.9732913e-05,0.00733344,0.0014052639,0.12782034,-0.0004992789,-0.0027773615,-2.8097747e-06,-1.3636999e-05,-0.00031033574,-0.0009854729,0.006275149
-0.0024965536,-0.0012426897,-0.0008924117,-0.00059093925,0.0007530344,-0.00044573963,-2.3224857e-08,-0.0016131329,-0.0018287426,0.001446359,-0.0022707505,0.0019988236,0.0016976057,0.00041331328,0.0006405645,-0.0009941737,-0.002706509,-0.0010424447,-0.0008047711,0.0019475638,0.0016118602,-0.00018188395,-1.0150381e-05,-1.2448146e-07,-0.0014054193,8.564251e-05,-0.00013168556,-4.3683994e-09,-0.00016968964,-0.0001157384,0.002165627,-0.00019356304,0.0032376251,0.0010297487,0.016245568,0.0004524626,-0.0014133808,-2.078697e-06,-5.446911e-06,-0.00073223206,0.0017813775,0.0038423943
-0.0024180855,-0.0026877366,-0.00024231139,-0.0006185868,0.0014132613,-0.00077355956,-0.0011051917,-0.0018175999,-0.0024512114,0.002086768,-0.0022368038,0.0028565715,0.0012036402,0.00055217685,0.000926416,-0.0011849661,-0.0025189146,-0.0016172896,-0.0010120712,0.0021693986,0.0022007122,-0.00017616723,-2.1953632e-05,-3.3799733e-08,-0.0014711729,0.00016073004,-0.00022853393,-0.00020787722,-0.00019119805,-0.00015513354,0.0031245085,-0.00019066937,0.0046269754,0.00073011476,0.021703698,0.00065437384,-0.0016846234,-1.9346176e-06,-8.450551e-06,-0.0009208468,0.001984283,0.005246115
-0.0038883071,-0.004245452,0.0013184818,-0.0009728266,0.004652977,-0.0005093536,-0.002324867,-0.0042495793,-0.0051353155,0.0032960055,-0.0026730022,0.008482789,0.0035728863,0.004849287,0.00010637494,-0.00061488163,-0.006578032,-0.0016575269,-0.0007177363,0.0019619912,0.0051550632,-0.0002832788,-3.4677167e-05,1.8391349e-07,-0.0023136546,0.00052918255,-0.00015047914,-0.00043728788,-0.00044702427,-0.0003250065,0.0049350946,-0.00022785173,0.013740126,0.002167273,0.19060463,7.513792e-05,-0.000874155,-5.0521667e-06,-8.660797e-06,-0.0006530422,0.0017945737,0.012288773
-0.004040083,-0.0011210458,-0.0004851768,-0.0032571326,0.00096650084,-0.0021163318,-0.00012338377,-0.0039587338,-0.0033620754,0.0038558994,0.0017684989,0.0011927746,0.0015360512,0.001893048,-0.0011902701,-0.0008459029,-0.0039820084,-0.0018880826,-0.00028208608,-0.0020612315,-0.00010458636,-0.00029433626,-9.156785e-06,-6.7676744e-08,-0.007746375,0.00010992003,-0.00062523125,-2.3207445e-05,-0.00041642948,-0.00021278077,0.0057734214,0.00015075017,0.001932015,0.0009317515,0.07440758,-0.0008407471,-0.0012025896,-3.0583267e-06,-9.86548e-06,-0.0002566599,-0.0018853459,-0.0002493157
-0.0046301433,-0.001349324,0.00011326012,-0.005193015,0.0008697321,-0.0017400472,0.0024065364,-0.007073242,-0.0015462858,0.0030881066,-0.0036466168,0.0055245967,0.0047313487,0.00081510947,0.000812459,-0.0012895978,-0.0037956645,-0.0018711154,-0.0024619303,0.0044818767,0.0050332635,-0.0003373245,-1.1021379e-05,1.5798522e-08,-0.012350447,9.8914534e-05,-0.0005140649,0.00045264917,-0.0007440527,-9.786214e-05,0.004623809,-0.00031084448,0.00894855,0.0028699832,0.03203845,0.0005738803,-0.0018333746,-2.9152077e-06,-9.776824e-06,-0.002240021,0.0040994366,0.011998424
-0.0038947766,-0.0034405496,0.00037140853,-0.0017849524,0.0030338718,-0.0014448368,-0.0009158383,-0.0038129676,-0.0053615337,0.0054172208,-0.00032868137,0.0033217648,0.0025913275,-0.00024366193,-0.00043079286,-0.0005809838,-0.0040104217,-0.0025497307,-0.0013247104,-0.0009444807,0.0029268465,-0.0002837501,-2.8102664e-05,5.180734e-08,-0.0042451173,0.0003450419,-0.00042685046,-0.00017226145,-0.00040109595,-0.0003393235,0.008111182,-2.8017419e-05,0.005380479,0.0015718703,-0.009577303,-0.00030429047,-0.0008259637,-3.080149e-06,-1.3322679e-05,-0.001205306,-0.00086388784,0.006977093
-0.00399004,-0.002333435,0.0006605331,-0.0034193597,0.00231945,-0.0017697528,0.0011858391,-0.0068048025,-0.0037145065,0.0039248737,-0.0019494522,0.0063216216,0.0049331756,0.0031350758,-0.00015979807,-0.002198576,-0.004023294,-0.0014441137,-0.0016519928,0.0002684804,0.0044055693,-0.00029069043,-1.905967e-05,9.2136986e-08,-0.008132196,0.00026379077,-0.0005228409,0.00022304631,-0.0007158148,-0.00023508561,0.005876696,-0.00016617497,0.010239543,0.0029924093,0.12322635,-0.00011287334,-0.0031256361,-3.0900353e-06,-7.545684e-06,-0.0015030884,0.00024557085,0.01050211
-0.006538949,-0.0055317683,0.002788489,-0.002914305,0.004955263,-0.0042898175,-0.004516474,-0.006042348,-0.006819904,0.007776542,-0.0012523177,0.008480242,0.0020830673,0.0063175424,0.0017623119,-0.000999952,-0.0075729946,-0.0042107585,-0.0022923057,0.0017252986,0.0045168204,-0.00047638867,-4.5183893e-05,3.8896306e-07,-0.006931035,0.00056356145,-0.0012673476,-0.0008495106,-0.0006356103,-0.0004316216,0.011643783,-0.00010674992,0.013736002,0.0012635654,0.24831544,0.0012448088,-0.0014215956,-5.816334e-06,-2.2001768e-05,-0.002085686,0.0015780783,0.010767314
-0.0027516386,-0.002873142,-0.0008468332,-0.0025404214,0.0014402971,0.00020611944,-0.0008646733,-0.004134781,-0.0027377084,0.0037885932,-0.0034118167,0.0023717037,0.0031610765,0.00295136,0.0015358329,-0.0006757883,-0.0035488936,-0.00086980266,-0.0015847401,0.0016633999,0.0026845671,-0.00020046791,-2.3468037e-05,-1.1812378e-07,-0.0060418346,0.00016380483,6.0894192e-05,-0.00016263775,-0.00043494836,-0.00017326551,0.0056726444,-0.0002908297,0.0038416034,0.0019174737,0.11600528,0.0010848353,-0.00096074387,-2.7256788e-06,-4.5448332e-06,-0.0014418976,0.0015214613,0.0063995407
-0.0025501845,-0.0011559704,0.00027960725,-0.0016748919,0.001947279,-0.0013540444,0.0008385934,-0.0015979785,-0.00184414,0.0012887521,8.25217e-05,0.0017029409,0.0004257682,7.5331773e-06,-0.00030023907,-0.0013000085,-0.002160999,-0.00090924045,0.00012903602,-0.00030970172,0.0013444532,-0.00018579117,-9.442052e-06,3.900209e-08,-0.0039833626,0.00022146381,-0.0004000275,0.00015773234,-0.0001680955,-0.00011671289,0.0019296429,7.034305e-06,0.0027583644,0.00025826623,0.0002960968,-0.00021207382,-0.0018481751,-1.6597254e-06,-4.750901e-06,0.0001174052,-0.00028327474,0.0032049424
-0.0025616249,-0.0036862765,0.0014592703,-0.00318647,0.0018788077,-0.0004546458,3.840559e-05,-0.0036334922,-0.0014425138,0.0035809842,-0.0036762343,0.0048206993,0.00056058937,-0.0018851652,0.00078202074,-0.00059989933,-0.0023231804,-0.0009052098,-0.00084073,0.0024459718,0.0049210778,-0.00018662465,-3.010978e-05,2.035519e-07,-0.0075783194,0.00021367658,-0.00013431674,7.223767e-06,-0.00038221647,-9.129456e-05,0.005361792,-0.00031336912,0.0078084012,0.00034004726,-0.07409774,0.0005523802,-0.0008528552,-1.7842866e-06,-4.7298404e-06,-0.0007649497,0.0022372562,0.011730993
-0.004096215,-0.003450246,-0.00054299354,-0.0018869771,0.0026240721,-0.0021679306,-0.000977743,-0.0040812893,-0.0062417295,0.0049087484,0.00014747836,0.0013271559,0.0022766376,-0.00078620925,-0.0002302776,-0.0002963266,-0.004082503,-0.0026810733,-0.0018362054,-0.0013420819,0.0010264117,-0.0002984257,-2.8181867e-05,-7.574153e-08,-0.004487761,0.00029843542,-0.0006404752,-0.0001839052,-0.00042932143,-0.0003950298,0.007349848,1.2571333e-05,0.0021496809,0.0013809829,-0.030902505,-0.00016265655,-0.0004212768,-3.1355098e-06,-1.40089605e-05,-0.0016706967,-0.0012275616,0.0024467867
-0.003570975,-0.00363891,0.00026224164,-0.0020439944,0.0017910986,-0.0013423254,-0.00062521023,-0.0034014394,-0.0022302405,0.004529007,-0.0025592102,0.003731048,0.0015248482,-0.0002057873,0.0014492148,-0.0009171209,-0.0032608078,-0.002671665,-0.0016343764,0.0024393767,0.0035771,-0.00026015987,-2.9722885e-05,3.657978e-08,-0.004861192,0.00020370143,-0.0003965653,-0.00011759676,-0.00035780625,-0.00014114862,0.0067812623,-0.0002181519,0.006043422,0.0009249559,-0.008088615,0.0010236526,-0.0013038376,-2.5044185e-06,-1.3959801e-05,-0.0014870598,0.0022312237,0.008527184
-0.0050312523,-0.0042180503,0.0015310086,-0.0022794898,0.0042923093,-0.0022420627,-0.0010128042,-0.0053006215,-0.0024228853,0.007578639,-0.0029311664,0.0058477325,0.0015173821,0.0031783457,0.001995682,-0.0010169008,-0.0035173707,-0.0041279397,-0.0029273808,0.005972535,0.0067956015,-0.0003665469,-3.4453347e-05,2.1355861e-07,-0.005421266,0.00048816385,-0.0006623762,-0.00019049992,-0.00055758614,-0.00015334082,0.011347463,-0.00024985816,0.009471954,0.00092042703,0.12492711,0.0014096497,-0.0014456911,-2.701468e-06,-2.1569029e-05,-0.0026635176,0.005462896,0.016199531
-0.0037887145,-0.0013970911,-0.00015538844,-0.0015305917,0.0014142103,-0.0011933984,6.988569e-05,-0.0041325525,-0.0035477076,0.0010865971,-0.0011792164,0.0045769676,0.0027385987,0.0015371408,-0.0009343763,-0.001585074,-0.004107829,-0.0011451726,-0.0006495338,0.0013428065,0.002592295,-0.00027602306,-1.1411544e-05,-2.1674952e-08,-0.0036401765,0.00016083797,-0.0003525676,1.3144908e-05,-0.00043471393,-0.00022452915,0.0016269571,-0.00010051863,0.007413613,0.0016612035,0.060418397,-0.0006599966,-0.0022534425,-3.1549614e-06,-5.983678e-06,-0.00059098727,0.0012282244,0.00617958
-0.0040742042,-0.0036993104,0.0007678786,-0.0015308826,0.0040979222,-0.0011449823,-0.0009524629,-0.0039259717,-0.006084854,0.008064316,0.0005847325,0.0046200254,0.0022086487,0.0039470484,0.00021677463,-0.00087313744,-0.0040943082,-0.0025888407,-0.0015473724,-0.0010675439,0.0031349189,-0.00029682214,-3.021624e-05,1.0711049e-07,-0.0036408682,0.00046605623,-0.00033826393,-0.00017915023,-0.00041298315,-0.0003851014,0.012074665,4.98437e-05,0.0074833566,0.0013397416,0.1551415,0.00015311873,-0.0012413079,-3.144577e-06,-1.3527034e-05,-0.001407898,-0.0009764499,0.007473101
-0.0048958575,-0.0038693228,0.0005903023,-0.0041871006,0.00045680744,-0.0017852479,0.00036824108,-0.007098657,-0.003483418,0.003993824,-0.0022559932,0.0061519193,0.0043054908,0.0020095818,0.0007702635,-0.00278573,-0.004183407,-0.00239282,-0.0020585721,0.0011759326,0.0048145745,-0.00035668287,-3.1604915e-05,8.234058e-08,-0.0099581,5.195266e-05,-0.0005274186,6.9263035e-05,-0.0007467262,-0.00022046035,0.0059799356,-0.0001923051,0.009964665,0.0026116627,0.07898802,0.0005440755,-0.0039603715,-3.2130079e-06,-1.25028e-05,-0.0018730202,0.0010755898,0.011477108
-0.0026938044,-0.0017489195,-0.0007351726,-0.0012864025,0.0017756195,-0.0013467593,0.0010430338,-0.002023118,-0.0038839176,0.003202691,0.00018852,0.0013839831,0.0019145927,0.00041101666,0.00016261304,-0.00031592645,-0.0026495976,-0.0018370646,-0.0005688033,-0.00048088003,0.00078422524,-0.00019625446,-1.4285304e-05,-1.0254837e-07,-0.0030594259,0.000201941,-0.00039787524,0.00019618585,-0.00021281705,-0.0002458074,0.0047953753,1.60698e-05,0.0022417277,0.0011613705,0.016155299,0.000114861694,-0.00044914123,-2.034987e-06,-9.598904e-06,-0.0005175335,-0.00043984636,0.0018694565
-0.0041905018,-0.0024040926,0.0003963327,-0.001562479,0.0040519806,-0.0030597646,0.0005014922,-0.0039784918,-0.005902506,0.0041535734,8.550659e-05,0.0046788813,0.0027039251,0.001970247,-0.0006706055,-2.9493705e-05,-0.0045658574,-0.0030903325,-0.0009400534,0.00079680263,0.0026681027,-0.00030529487,-1.9636807e-05,5.5283987e-08,-0.0037160132,0.00046083127,-0.0009039511,9.4326446e-05,-0.00041850787,-0.00037356085,0.0062191277,7.2887424e-06,0.007578689,0.0016401708,0.07744194,-0.0004736821,-4.1930136e-05,-3.5067437e-06,-1.6147394e-05,-0.0008553205,0.00072881114,0.006360293
-0.0032829754,-0.002707954,-0.0004692955,-0.002091704,0.0013090393,-0.0015241315,0.00048620073,-0.0033196772,-0.0029162006,0.0017080691,-0.0016955527,0.002835914,0.0018595937,-5.3400116e-05,0.001044336,-0.00014781597,-0.0038635884,-0.0015318046,-0.0006980455,0.00058751844,0.0014959744,-0.00023917793,-2.211877e-05,-6.5461485e-08,-0.0049746586,0.00014887689,-0.0004502766,9.145025e-05,-0.00034920545,-0.00018456201,0.0025574844,-0.00014453211,0.004593515,0.0011280087,-0.002098929,0.00073766656,-0.00021014462,-2.9673758e-06,-8.003881e-06,-0.00063512626,0.0005373853,0.0035661426
-0.0033714902,-0.0020412651,1.5055411e-06,-0.002024342,0.0015149575,-0.00023701089,-0.0011699199,-0.0026952582,-0.0032609235,0.00284087,-0.0011548069,0.003799465,0.0017668302,0.0015992946,0.00017842083,-0.002324849,-0.0032313094,-0.001483225,-0.00011762057,6.519021e-05,0.0029146625,-0.00024562658,-1.6673204e-05,2.1000618e-10,-0.0048144534,0.00017229594,-7.0020506e-05,-0.00022005204,-0.00028352122,-0.00020637902,0.0042536226,-9.8437915e-05,0.0061542415,0.0010717395,0.0628614,0.00012602753,-0.0033051537,-2.4817625e-06,-7.750046e-06,-0.00010701869,5.9627502e-05,0.0069480482
-0.0043952744,-0.003956356,0.0007928866,-0.0032580285,0.0036742003,-0.0032906868,-0.0021180664,-0.0050333245,-0.004792083,0.006295188,0.00076368544,0.0045108777,0.0018947402,0.0036403418,0.00074697356,-0.0007391244,-0.004100127,-0.003530526,-0.0013168756,-0.0002584633,0.002330319,-0.00032021338,-3.231581e-05,1.10598826e-07,-0.0077485056,0.00041786637,-0.0009721728,-0.0003983904,-0.00052946847,-0.00030328383,0.009425757,6.5097985e-05,0.0073065627,0.0011493282,0.14308618,0.0005276247,-0.0010507865,-3.149046e-06,-1.8447463e-05,-0.0011981773,-0.00023640852,0.005555075
-0.006366313,-0.005055338,0.0023481187,-0.004873376,0.004619999,-0.003342443,-0.002007783,-0.008243489,-0.008452589,0.010139205,0.0007407919,0.00801132,0.00276716,0.0027102008,-0.0014627476,-0.0018714995,-0.006100228,-0.0042521176,-0.0015146937,-0.0024979874,0.005150119,-0.00046381145,-4.1292376e-05,3.2753633e-07,-0.0115902545,0.00052543194,-0.0009874632,-0.00037764703,-0.00086715404,-0.0005349518,0.015181387,6.314649e-05,0.012976457,0.0016785284,0.106526345,-0.0010332115,-0.002660643,-4.685196e-06,-2.2217875e-05,-0.0013781649,-0.0022848332,0.012276988
-0.003328762,-0.002538205,-0.00026613253,-0.0018250636,0.0013827787,-0.0014804025,-0.00022445375,-0.0025466215,-0.0035989468,0.0024103012,-0.00043862604,0.0007956335,0.0006460696,-0.0015631891,0.00017893765,-0.0009263843,-0.0032401346,-0.0015207999,-0.00063262705,-0.0008693664,0.00031484058,-0.00024251366,-2.0732246e-05,-3.7122515e-08,-0.004340513,0.00015726326,-0.00043735767,-4.2217853e-05,-0.0002678857,-0.000227772,0.0036089336,-3.738931e-05,0.0012887395,0.0003918986,-0.061442245,0.00012639258,-0.0013170071,-2.4885405e-06,-7.94638e-06,-0.00057560444,-0.00079518306,0.00075052516
-0.0026474795,-0.0020661466,0.0005624179,-0.0006952614,0.0019165567,-0.0001934903,-0.0012892364,-0.002111011,-0.0027747974,0.0021041334,-0.0023295577,0.0043672244,0.0018915875,0.000530446,-0.00016635307,-0.0011772261,-0.0034533166,-0.00091606507,-0.00024806353,0.0015056531,0.0033953898,-0.00019287951,-1.6876438e-05,7.8451016e-08,-0.0016535267,0.00021796978,-5.7163146e-05,-0.00024249447,-0.00022206272,-0.00017561282,0.00315051,-0.00019857589,0.0070738783,0.0011474158,0.020849552,-0.00011750347,-0.0016736197,-2.652272e-06,-4.7865606e-06,-0.00022570402,0.0013771752,0.008094018
-0.0030719358,-0.002444229,-0.00068761833,-0.0004537918,0.0025106138,-0.0016045093,-0.0011450091,-0.003168007,-0.0051381765,0.0028613247,8.9091656e-05,0.0025413628,0.002648103,0.0016021861,-0.0009321145,2.3355475e-05,-0.0042714635,-0.0018928415,-0.00051041483,-0.0014373076,0.0009395946,-0.00022380285,-1.9964644e-05,-9.591508e-08,-0.0010792442,0.0002855318,-0.00047402273,-0.00021536654,-0.00033325088,-0.00032518758,0.004284249,7.5943403e-06,0.0041164113,0.0016063098,0.06297505,-0.0006583989,3.3203636e-05,-3.2806386e-06,-9.8903465e-06,-0.00046440796,-0.0013146616,0.00223983
-0.005208847,-0.004495047,0.00037267606,-0.0039927764,0.002694388,-0.0038980648,-0.001127865,-0.006950778,-0.0063463813,0.0074366042,-0.00016001036,0.0040080626,0.0037818195,-0.0010319607,-0.00048122316,0.00012199348,-0.0048809736,-0.004570608,-0.0018627458,-7.2237395e-05,0.0028880383,-0.0003794854,-3.671588e-05,5.198415e-08,-0.009495942,0.00030643243,-0.0011516114,-0.0002121419,-0.00073117035,-0.00040165306,0.011134795,-1.3639584e-05,0.0064921207,0.0022940096,-0.04056194,-0.0003399119,0.00017343373,-3.7487644e-06,-2.3882028e-05,-0.0016948449,-6.607335e-05,0.006884581
-0.0035787933,-0.0013840427,-0.0012257497,-0.0023177187,0.0012115951,-0.0009873088,0.001635222,-0.004415973,-0.0051631294,0.004499053,-0.0007411704,0.0029721926,0.0037069349,0.0014027429,-0.0012539332,5.9901504e-05,-0.0038032522,-0.0013017503,-0.002021819,-0.0003789508,0.00075197226,-0.00026072946,-1.1304963e-05,-1.709784e-07,-0.0055121854,0.00013779457,-0.0002916822,0.00030757146,-0.00046452766,-0.0003267668,0.0067364126,-6.317876e-05,0.004814254,0.0022485852,0.055135794,-0.00088571553,8.51598e-05,-2.9210353e-06,-6.8018167e-06,-0.0018395797,-0.00034661478,0.001792571
-0.0028358528,-0.0026818283,-0.0012169876,-0.003455419,-9.6899574e-05,-0.00014030718,-0.0009922677,-0.0054079886,-0.0027315994,0.0025465023,-0.0040593157,0.003067333,0.0039628725,0.002988725,0.0026267702,-0.00021707249,-0.003488577,-0.00029250002,-0.0017779649,0.0016301689,0.002695153,-0.00020660326,-2.1905373e-05,-1.6975618e-07,-0.008217956,-1.1020377e-05,-4.1451174e-05,-0.00018663719,-0.00056888035,-0.00017287888,0.0038128668,-0.0003460237,0.0049683596,0.0024038341,0.11747393,0.0018554187,-0.00030860413,-2.6793534e-06,-1.528351e-06,-0.0016177058,0.001491066,0.006424776
-0.0029368876,-0.0021095625,-4.3101085e-05,-0.0017758776,0.0022786334,-0.0011730075,0.00055456336,-0.0023256843,-0.0027778281,0.0025512143,-0.00086886,0.0011462442,0.00061144476,-0.0006008821,0.00032973144,-0.0013171067,-0.0024071317,-0.0016126626,-0.0010803036,0.0005921803,0.0016378574,-0.00021396404,-1.7231063e-05,-6.01212e-09,-0.004223535,0.0002591487,-0.00034654347,0.00010430869,-0.00024464476,-0.00017580463,0.0038199222,-7.406326e-05,0.0018566466,0.00037089558,-0.023618093,0.00023290575,-0.001872483,-1.8487643e-06,-8.426375e-06,-0.000982929,0.00054164935,0.003904367
-0.0053300713,-0.004131655,0.0024859705,-0.005661351,0.004907136,-0.001499362,-0.0037342121,-0.0064127287,-0.0011321793,0.008264483,-0.0012639045,0.005615312,0.002258813,0.005427568,0.0022229708,-0.0024591384,-0.0044739717,-0.0029097958,-0.0023648394,0.0026487722,0.00647521,-0.00038831707,-3.3747667e-05,3.4676512e-07,-0.013464281,0.000558088,-0.0004429589,-0.00070237374,-0.0006745716,-7.165395e-05,0.012374375,-0.0001077376,0.009095487,0.0013701707,0.21333438,0.0015701951,-0.0034960683,-3.4361722e-06,-1.5204067e-05,-0.0021516816,0.0024227514,0.015435775
-0.0036537936,-0.0022484919,-8.339487e-05,-0.0015761666,0.0022869431,-0.0016342918,-0.0010295612,-0.0031093375,-0.0037675463,0.0024999063,-0.00053166173,0.0036487053,0.0017392217,0.00085947063,-0.00020474556,-0.0014725507,-0.0039003785,-0.0018544123,-7.926993e-05,-0.00051571114,0.0021417942,-0.00026619353,-1.8365849e-05,-1.1632653e-08,-0.0037485664,0.00026009377,-0.00048282143,-0.00019365177,-0.0003270793,-0.00023844242,0.003743099,-4.5319848e-05,0.005910046,0.0010549924,0.033782095,-0.000144622,-0.002093472,-2.9956318e-06,-9.689548e-06,-7.2124836e-05,-0.0004717053,0.0051056645
-0.0023840705,-0.0015202453,-0.00017573743,-0.0008411291,0.0013165044,-0.00060438237,0.0003100968,-0.0017706134,-0.0029988997,0.0006693377,-0.00046778625,0.0025913815,0.0012224636,0.0006528383,-0.0006962601,-0.0016395211,-0.0026126746,-0.0006876567,0.00010469975,-0.0005485364,0.0013292711,-0.0001736891,-1.2417477e-05,-2.4513408e-08,-0.002000441,0.00014972589,-0.00017855364,5.832659e-05,-0.00018625542,-0.00018979592,0.0010021965,-3.987498e-05,0.00419743,0.0007415328,0.025660269,-0.0004918032,-0.002330848,-2.0066286e-06,-3.5930968e-06,9.5262505e-05,-0.0005017296,0.003168751
-0.0038031156,-0.004092533,0.0013018511,-0.003010863,0.0027026085,-0.0025658968,-0.0017479623,-0.0051038847,-0.0036131607,0.0067654983,0.0005403549,0.005142671,0.0017411716,0.004151327,0.00084172806,-0.0003975762,-0.0034644268,-0.0028229344,-0.000616253,-0.0004504455,0.0032895384,-0.00027707222,-3.3428114e-05,1.8159369e-07,-0.0071606766,0.00030736736,-0.000758047,-0.00032877695,-0.0005368909,-0.00022867159,0.010129951,4.6060868e-05,0.00832992,0.0010561752,0.16317081,0.00059455447,-0.0005652197,-2.6608052e-06,-1.4750204e-05,-0.00056070625,-0.00041200884,0.007841688
-0.0056739626,-0.005953783,0.00089364406,-0.0043688864,0.000162657,-0.0030800272,-0.0042693354,-0.0085174795,-0.006072902,0.0037997616,-0.004680208,0.008824808,0.0041779,0.0039721834,0.0030723298,0.00066814444,-0.0073616263,-0.0028098633,-0.0015467942,0.002247957,0.0044123693,-0.00041337096,-4.8630944e-05,1.2465337e-07,-0.010390437,1.8498962e-05,-0.0009099373,-0.00080302596,-0.0008959758,-0.00038434498,0.0056893667,-0.00039894975,0.014294117,0.0025342675,0.15612945,0.0021701397,0.0009498768,-5.6539952e-06,-1.4681906e-05,-0.001407372,0.0020561381,0.010518321
-0.0030404152,-0.001500684,-0.00036211588,-0.001042761,0.0023913695,-0.0019876773,0.00083305396,-0.0032893284,-0.0039410484,0.0023214784,0.0006059393,0.0037120793,0.0021539214,0.0014186564,-0.0012364432,3.229885e-05,-0.0032241952,-0.0021331627,0.00026693242,-0.00070210604,0.0015883348,-0.00022150645,-1.2257698e-05,-5.0511122e-08,-0.0024799781,0.00027197017,-0.0005872227,0.00015669041,-0.000346013,-0.00024942312,0.0034759396,5.165141e-05,0.0060126972,0.0013065446,0.055761285,-0.0008733614,4.5918106e-05,-2.4762987e-06,-1.1146056e-05,0.00024287213,-0.00064219505,0.0037863138
-0.004130487,-0.0014465172,0.00058152585,-0.0034060315,0.0021795034,-0.00030636386,0.0013484703,-0.0038307598,-0.00027106458,0.0067969766,-0.0027077997,0.003285365,0.001990475,0.0027022075,0.0012842023,-0.0012694867,-0.0030242312,-0.0019468439,-0.0023759443,0.004884885,0.006098505,-0.00030092255,-1.1815259e-05,8.111636e-08,-0.0081004985,0.00024787468,-9.050956e-05,0.0002536359,-0.00040296756,-1.7155275e-05,0.010177083,-0.00023081794,0.00532152,0.0012073999,0.10621216,0.00090709614,-0.0018047835,-2.322719e-06,-1.0172516e-05,-0.0021617855,0.004468056,0.014537775
-0.0047372845,-0.0030001507,0.00081220665,-0.0071649207,0.00017563975,-0.0005975547,0.0007713717,-0.008266145,0.00018404354,0.0036554332,-0.004465133,0.0055174367,0.005108187,0.0036776036,0.0021559547,-0.0030818635,-0.0042707147,-0.0011292432,-0.0041605975,0.003818619,0.0062692827,-0.0003451302,-2.4505453e-05,1.1329376e-07,-0.017040191,1.9975489e-05,-0.00017653655,0.0001450885,-0.0008695373,1.1647843e-05,0.0054732645,-0.00038061634,0.008936952,0.003098569,0.14455079,0.0015228583,-0.004381374,-3.2800635e-06,-5.900444e-06,-0.0037855767,0.003492775,0.014944879
-0.0026432353,-0.0021163675,-0.00083776325,-0.0014885406,0.0017060416,0.000437946,-0.0016513213,-0.0032158007,-0.0032743202,0.0015307101,-0.0025325725,0.0050746305,0.003366411,0.0031663817,0.00054259715,-0.00022160425,-0.004010017,-0.0005456498,0.0004634913,0.0013033969,0.003034328,-0.0001925703,-1.7286646e-05,-1.16858615e-07,-0.003540167,0.00019402792,0.00012938309,-0.0003105996,-0.00033827842,-0.00020722687,0.0022919257,-0.00021588124,0.008219711,0.0020420274,0.12445685,0.00038326342,-0.00031504675,-3.0798383e-06,-2.851092e-06,0.00042171392,0.0011921775,0.00723331
-0.0034376206,-0.002429472,0.0006465096,-0.0017229691,0.0025272835,-0.002131768,-0.00060600485,-0.003395413,-0.004579942,0.0045322613,-1.5931437e-05,0.005019117,0.0020018881,0.0020659198,-0.00011892273,-0.0010610909,-0.0031135082,-0.0025969674,3.001705e-05,-0.000528218,0.0026021893,-0.00025044446,-1.9844108e-05,9.018087e-08,-0.004097704,0.00028742765,-0.00062979164,-0.000113984395,-0.0003571723,-0.00028985777,0.006786135,-1.3580257e-06,0.008129791,0.001214323,0.081202425,-8.4001054e-05,-0.0015085145,-2.391287e-06,-1.3569496e-05,2.7311426e-05,-0.00048314495,0.0062031667
-0.0038486337,-0.0012746118,-7.341261e-05,-0.0036638216,0.00097139744,-0.0011213997,0.0018185993,-0.005193025,-0.0014682855,0.0023571409,-0.003251293,0.004064366,0.0031944788,0.00015022172,0.00087084435,-0.00082696346,-0.0031074067,-0.0014525659,-0.0022144876,0.0038253104,0.00399846,-0.0002803884,-1.0411124e-05,-1.0240239e-08,-0.008713596,0.00011047692,-0.0003312969,0.00034206317,-0.0005462678,-9.292561e-05,0.0035293368,-0.00027714635,0.006583319,0.0019377351,0.00590457,0.00061512075,-0.001175664,-2.3866007e-06,-7.589848e-06,-0.002014882,0.0034988953,0.009531632
-0.00260561,-0.0010042991,0.0006722525,-0.0011090231,0.0020497725,-0.00064404943,0.0003623945,-0.0019196834,-0.0026371942,0.0008732898,-3.1135394e-05,0.003993766,0.0012070809,0.0010507503,-0.0014224818,-0.0018860404,-0.003157673,-0.0005280998,0.0009378586,-0.00066099805,0.0020455066,-0.00018982915,-8.20319e-06,9.377172e-08,-0.0026375682,0.00023312039,-0.00019027255,6.816335e-05,-0.00020193648,-0.00016690411,0.001307573,-2.6540397e-06,0.0064689633,0.0007322018,0.041300476,-0.0010047698,-0.0026813156,-2.4252072e-06,-2.7593908e-06,0.00085332355,-0.0006045948,0.0048761317
-0.0040125763,-0.0015218667,0.00029002287,-0.0008674294,0.0032321643,-0.0009839266,0.001312863,-0.0030112034,-0.003888046,0.0057315244,-0.00096076424,0.0038675407,0.00107792,0.0026184542,-0.00091224833,-0.00094372616,-0.0035812869,-0.002229509,-0.0013993065,0.0024515036,0.003605411,-0.0002923323,-1.243072e-05,4.0454953e-08,-0.0020629906,0.00036759366,-0.000290683,0.00024693843,-0.0003167563,-0.00024606867,0.008581786,-8.189735e-05,0.0062645082,0.0006538542,0.102920175,-0.0006443665,-0.0013416614,-2.750558e-06,-1.16494775e-05,-0.0012731783,0.002242316,0.008594672
-0.0044678356,-0.002776259,0.0012797485,-0.0027509273,0.004589221,-0.0034904585,-0.0016042774,-0.0053948117,-0.006349571,0.005932298,0.002159126,0.0048363013,0.0028441222,0.0034560903,-0.0016190624,0.00020917645,-0.005323476,-0.0030325877,-0.00047675974,-0.0038004844,0.0020549241,-0.00032549974,-2.267669e-05,1.7851063e-07,-0.006542477,0.00052193156,-0.0010311917,-0.00030175105,-0.00056749425,-0.00040185495,0.008882404,0.00018404797,0.007833673,0.0017252128,0.13584405,-0.0011436244,0.0002973786,-4.0886225e-06,-1.584567e-05,-0.0004337864,-0.0034761876,0.0048985817
-0.005238573,-0.0057907384,0.0026639607,-0.0028291554,0.0061941836,-0.0026993048,-0.0022650696,-0.007019855,-0.0027283728,0.009440816,-0.0020277174,0.007971415,0.0026482772,0.005085228,0.0008836704,-0.0021606735,-0.0040564304,-0.0046548974,-0.0032238467,0.0048706373,0.008389332,-0.00038165107,-4.729918e-05,3.7159276e-07,-0.0067285253,0.0007044638,-0.0007974599,-0.00042604047,-0.00073843676,-0.00017267467,0.014135693,-0.00017284646,0.012911822,0.0016064154,0.19987845,0.0006241805,-0.0030717514,-3.1154855e-06,-2.4322451e-05,-0.0029332612,0.004455024,0.019998709
-0.0030525322,-0.0018105138,0.0013152612,-0.0018799354,0.0034095712,-0.00036618486,0.0018462765,-0.0043380638,-0.005242736,0.004321748,-0.0011661507,0.0051866965,0.0031411175,0.0038390951,-0.0011366021,-0.00056903565,-0.0050414954,2.3088884e-05,-0.00045219687,-0.002485564,0.0029777735,-0.00022238922,-1.4788411e-05,1.8346425e-07,-0.004471014,0.00038777015,-0.000108182576,0.000347269,-0.0004563322,-0.000331805,0.0064709345,-9.940488e-05,0.008401231,0.0019053668,0.15089832,-0.00080283877,-0.0008089774,-3.872051e-06,1.2064245e-07,-0.00041143753,-0.00227347,0.007098494
-0.0033540474,-0.0016567084,-0.0012740004,-0.0016374773,0.0019931397,-0.001609585,0.0012040236,-0.0036683031,-0.0044298684,0.0036646873,0.00012428279,0.0016854738,0.002205074,0.0008262824,-0.0008104671,0.0007520878,-0.003433849,-0.0021161567,-0.0012034036,-0.0008992345,0.0008934309,-0.00024435582,-1.3532117e-05,-1.7770883e-07,-0.0038943803,0.00022667955,-0.00047552225,0.00022646667,-0.00038587832,-0.00028035982,0.0054871202,1.0594099e-05,0.002730072,0.0013375733,0.03247761,-0.00057247333,0.001069216,-2.6373202e-06,-1.1057197e-05,-0.0010949332,-0.0008225025,0.0021297839
-0.0022760616,-0.0017156475,-0.00044453432,-0.0016056658,0.0014393554,-0.00060925644,0.0013444128,-0.00132033,-0.0023416276,0.002803588,-0.0011977516,0.0007102452,0.0012348387,-0.00020318897,0.0010717773,-0.0015082242,-0.0019590706,-0.0013476548,-0.0010355618,0.0012415228,0.0012054455,-0.00016582022,-1.4013536e-05,-6.200757e-08,-0.0038187236,0.00016369772,-0.0001799936,0.0002528727,-0.00013888894,-0.00014819815,0.0041978,-0.0001020986,0.0011504305,0.0007490394,-0.007986485,0.00075704977,-0.002144188,-1.5046371e-06,-7.041674e-06,-0.0009422201,0.0011355833,0.0028735723
-0.002721238,-0.0012510644,0.00040045334,-0.0014391005,0.0032324234,-0.0010688106,0.0005867985,-0.0017476889,-0.0038268412,0.002837385,-7.5211865e-06,0.0025805298,0.0015300056,0.0011094329,-0.0007730235,-0.0013845289,-0.003021706,-0.0012345753,0.00019611558,-0.00072332873,0.0017919918,-0.00019825311,-1.0218787e-05,5.585877e-08,-0.0034225846,0.00036762314,-0.0003157604,0.00011037184,-0.00018384393,-0.0002421951,0.0042484044,-6.411201e-07,0.0041798525,0.0009280843,0.043607038,-0.00054602505,-0.0019683347,-2.3207795e-06,-6.4508185e-06,0.00017843845,-0.00066160684,0.0042717964
-0.0044612484,-0.0034379547,0.0011942585,-0.0039136847,0.0042290622,-0.0018802756,-0.0019677423,-0.006547979,-0.0049610175,0.0075196405,-0.00025181915,0.007432219,0.004013788,0.0073000845,0.000405551,-0.001328427,-0.005368869,-0.002339377,-0.00078191527,-0.0017424338,0.004876391,-0.00032501985,-2.808147e-05,1.6658572e-07,-0.00930784,0.00048097075,-0.00055549276,-0.0003701157,-0.0006887989,-0.00031397544,0.011259126,-2.1465537e-05,0.012038451,0.002434719,0.28693494,0.00028646088,-0.0018885767,-4.1234857e-06,-1.2223553e-05,-0.0007114363,-0.0015937513,0.011624468
-0.0024157893,-0.0018687014,-0.00028256257,-0.0028852634,0.0010205987,-0.00072496856,0.0006673152,-0.0031224375,-0.0019258513,0.0026097293,-0.0022548602,0.0005143826,0.0022182064,-0.00013044657,0.0007138415,-0.00070160837,-0.0025767584,-0.0007477453,-0.0023020213,0.0014226444,0.002111803,-0.00017599994,-1.5263691e-05,-3.9414324e-08,-0.0068619656,0.00011607257,-0.00021417861,0.00012551635,-0.0003284573,-0.00012188427,0.0039075366,-0.00019220854,0.0008331791,0.0013455392,-0.005127294,0.0005042218,-0.0009974513,-1.9790436e-06,-3.9070674e-06,-0.0020945256,0.0013012496,0.005034171
-0.006126564,-0.00053247623,0.001857046,-0.0023661898,0.0031974905,-0.0021088882,0.0037204027,-0.005654986,0.00090378313,0.003816579,-0.0048656613,0.00892442,0.0004156308,0.0013619793,-0.0009925202,-0.0013967741,-0.0050303848,-0.0033659162,-0.0011191944,0.009049037,0.008967922,-0.00044634478,-4.3493055e-06,2.590372e-07,-0.005627463,0.0003636502,-0.0006230322,0.00069977634,-0.0005948627,5.7199097e-05,0.0057145474,-0.00041475813,0.014455466,0.00025211702,0.05353355,-0.0007010665,-0.0019857432,-3.8635176e-06,-1.7587356e-05,-0.0010183144,0.008276879,0.021377966
-0.0029904589,-0.0013142482,0.0003983858,-0.003467346,0.0010724665,-0.0012101849,0.002972932,-0.0038441757,-0.0018485704,0.0035320837,-0.0016435144,0.0012702611,0.0019277992,-0.0018945769,-0.0011936349,-0.0015832116,-0.0025230327,-0.0011268354,-0.0013643666,0.0015380289,0.00260726,-0.00021786692,-1.0734877e-05,5.557037e-08,-0.008246321,0.00012197149,-0.00035752685,0.0005591834,-0.00040437884,-0.00011699328,0.0052885734,-0.00014009626,0.0020575249,0.0011693814,-0.074467674,-0.0008431239,-0.0022507948,-1.9377806e-06,-5.887863e-06,-0.0012413877,0.0014067884,0.006215254
-0.004844633,-0.00012929796,0.0007486878,-0.0032451088,0.001556969,-0.00027117378,0.002066704,-0.0043784045,-0.002595655,0.0037266235,-0.0022009574,0.0059138923,0.0029274365,0.00422148,-0.0002970571,-0.0034135215,-0.004052026,-0.0005333556,-0.0023275288,0.0035828508,0.003677445,-0.00035295094,-1.0561154e-06,1.0443358e-07,-0.007717779,0.0001770739,-8.01133e-05,0.00038872956,-0.00046057574,-0.00016427516,0.005579857,-0.00018761375,0.009579117,0.0017757503,0.16592823,-0.00020982623,-0.0048528803,-3.1121028e-06,-2.7868532e-06,-0.0021177342,0.0032771248,0.008766389
-0.0053609535,-0.0038343137,0.00095927645,-0.0030586282,0.0042727925,-0.004573775,-0.0021911399,-0.0067574345,-0.00899343,0.0075299493,0.001065876,0.00552102,0.0037421223,0.0018740388,-0.0015176004,0.00045842107,-0.0060751876,-0.004339303,-0.0014619408,-0.0027290573,0.0021028533,-0.00039056697,-3.131896e-05,1.3380836e-07,-0.0072742756,0.00048594418,-0.0013512376,-0.0004121349,-0.0007108321,-0.0005691809,0.01127456,9.085728e-05,0.008942756,0.0022699297,0.07366041,-0.0010719568,0.0006517207,-4.665964e-06,-2.2673428e-05,-0.0013301669,-0.002496186,0.0050128363
-0.0028475656,-0.0018914328,5.2486546e-05,-0.0018566778,0.0010219156,-0.0010765078,-0.000955404,-0.0044561867,-0.0024150494,0.0025759665,-0.0013276632,0.0043203556,0.0023487695,0.0036952447,0.00012364029,-0.0017460594,-0.0032327827,-0.0010202464,-0.0011219627,-0.00038612494,0.0018942236,-0.00020745657,-1.5449363e-05,7.321287e-09,-0.0044157007,0.00011622234,-0.00031803444,-0.00017970342,-0.00046875785,-0.00015284489,0.0038569835,-0.00011317251,0.006997962,0.0014247373,0.14524418,8.73333e-05,-0.0024823095,-2.4828942e-06,-5.330922e-06,-0.0010208332,-0.00035317676,0.0045154993
-0.001678361,-0.001595043,0.00088901306,-0.0012283731,0.0023939544,0.0004269153,0.00033440124,-0.0014768697,-0.0025820856,0.0031914206,-0.0015327642,0.0030633188,0.0014523384,0.0008805386,-0.00058120134,-0.0013393104,-0.0020494177,0.0001261105,-0.00030918047,-0.000933345,0.0030142665,-0.00012227533,-1.302843e-05,1.2400739e-07,-0.002921416,0.00027226415,0.00012612426,6.289805e-05,-0.00015535575,-0.00016341636,0.0047785,-0.00013065571,0.0049618576,0.00088097225,0.034610186,-0.00041053147,-0.0019040493,-1.574027e-06,6.58944e-07,-0.0002813121,-0.0008537023,0.0071854866
-0.0023654974,-0.0017277241,-0.0013181607,-0.0010165194,0.00065185345,-0.00030040363,-0.00077205326,-0.0023236708,-0.0029907627,0.0011628818,-0.001587827,0.0017561046,0.001918602,0.001244217,0.0005876801,-0.00031101273,-0.0029814779,-0.00062293786,-0.00030559977,1.3090394e-05,0.00062771037,-0.00017233597,-1.4112178e-05,-1.8386869e-07,-0.0024175684,7.413522e-05,-8.874872e-05,-0.0001452167,-0.00024443297,-0.00018928094,0.001741178,-0.00013534936,0.0028444773,0.0011638026,0.048904825,0.00041510773,-0.00044215555,-2.289883e-06,-3.2549324e-06,-0.00027805415,1.1973385e-05,0.0014963523
-0.0020836757,-0.002184757,-0.0011215548,-0.0012580069,0.0010044951,7.615221e-05,-0.00032673916,-0.002096076,-0.0020927358,0.0018658065,-0.0014141209,0.0004327238,0.0016429815,0.0003629332,0.00084034604,-0.0013289619,-0.0022251285,-0.0009955314,-0.0011057314,0.0005145984,0.0010373178,-0.00015180414,-1.7845257e-05,-1.5644436e-07,-0.0029918933,0.000114241106,2.2497768e-05,-6.145688e-05,-0.00022049168,-0.00013244615,0.002793664,-0.000120542325,0.000700911,0.0009966142,0.0142653445,0.0005935783,-0.0018893372,-1.7089792e-06,-5.201783e-06,-0.0010060648,0.00047068752,0.002472785
-0.0027193418,-0.0019413135,-0.0003635238,-0.0014807329,0.0018904993,-0.00016139331,0.0015771231,-0.0049382,-0.0051080417,0.0043837987,-0.00222965,0.0034648208,0.0039360523,0.0016007985,-0.0010887573,0.0006004181,-0.0043182233,-0.0007051199,-0.0010211755,-0.0010329655,0.0024541735,-0.00019811495,-1.5856793e-05,-5.0707513e-08,-0.0035215982,0.00021500626,-4.768068e-05,0.00029664353,-0.0005194621,-0.0003232804,0.0065638428,-0.00019005957,0.0056121964,0.0023875653,0.0629205,-0.0007690436,0.0008535927,-3.3165518e-06,-3.6843444e-06,-0.0009291306,-0.00094482215,0.0058503225
-0.0038182293,-0.0032865887,0.00081033935,-0.001976851,0.004075544,-0.0021078489,-0.0018316128,-0.0044044973,-0.005606221,0.006725421,5.4831966e-05,0.0049117026,0.0024308502,0.0039819283,-0.00034168013,-0.0011084905,-0.0037444322,-0.0029046063,-0.0011522654,-0.0010661348,0.0031754994,-0.00027817333,-2.68451e-05,1.1303329e-07,-0.004701506,0.00046351115,-0.0006227251,-0.0003445109,-0.00046332052,-0.00035480942,0.010069944,4.67398e-06,0.007955805,0.0014745266,0.15651248,-0.00024134571,-0.0015759009,-2.8758595e-06,-1.517695e-05,-0.0010484045,-0.0009751611,0.007569838
-0.00250569,-0.001439811,-0.000899296,-0.00075220165,0.0013851403,-0.0005185567,0.00084481336,-0.0024552774,-0.0038779955,0.0018268123,0.0003381248,0.0016296525,0.0020053855,0.001119356,-0.0010069241,-0.0005697567,-0.0029796055,-0.0010594078,0.00018035807,-0.001859087,0.00027657588,-0.00018254957,-1.1760483e-05,-1.2544176e-07,-0.0017889466,0.00015753185,-0.00015319802,0.00015890226,-0.000258277,-0.0002454326,0.002735278,2.8822395e-05,0.0026396543,0.0012164444,0.04399707,-0.0007112407,-0.00081000256,-2.2884449e-06,-5.5355454e-06,0.00016410126,-0.0017004504,0.0006593088
-0.002149549,-0.0012175862,-0.0010116484,-0.00057604915,0.0011188025,-0.00080043264,0.00082910876,-0.00060448586,-0.002550738,0.0010357718,7.9550955e-05,0.00079509435,0.0010227279,0.00029779333,-0.0001740263,-0.0011400103,-0.0020704512,-0.0009535687,-6.775372e-08,-0.00034795824,0.00020696086,-0.00015660327,-9.945335e-06,-1.4111366e-07,-0.0013700065,0.00012724128,-0.00023647309,0.00015594835,-6.358744e-05,-0.00016143243,0.0015508566,6.7810734e-06,0.0012878663,0.00062037533,0.011704976,-0.00012292345,-0.0016207115,-1.5901815e-06,-4.982522e-06,-6.164665e-08,-0.00031826683,0.0004933587
-0.0033130567,-0.0018745394,-0.00017010968,-0.0018846706,0.0010877398,-0.00078254414,0.00031132027,-0.0027661892,-0.0036281662,0.0014206762,-0.0005940046,0.0020942404,0.0014599301,-0.0008723383,-0.00045393425,-0.0014424266,-0.0033304314,-0.00093758653,-2.761354e-05,-0.0010276025,0.0012290163,-0.00024136947,-1.5311378e-05,-2.37284e-08,-0.0044822753,0.00012370852,-0.00023118826,5.8556714e-05,-0.00029098263,-0.00022962126,0.0021271724,-5.063407e-05,0.0033921779,0.0008855773,-0.03428787,-0.00032063638,-0.0020506456,-2.5578918e-06,-4.899013e-06,-2.5124558e-05,-0.00093991676,0.002929761
-0.0038858147,-0.0018768413,0.00035565032,-0.0025004775,0.0021013338,-0.0005746671,0.0007875109,-0.0033837524,-0.0022574225,0.0033474225,-0.0032937527,0.0024767877,0.00042960938,-0.0020761539,3.7125137e-06,-0.0015094402,-0.0029873634,-0.0016252677,-0.0014457154,0.0023465217,0.0033989535,-0.00028309718,-1.5330179e-05,4.960925e-08,-0.005946837,0.00023898444,-0.00016977482,0.00014812415,-0.0003559457,-0.00014286893,0.005012081,-0.00028076567,0.0040118145,0.00026059625,-0.08160468,2.6223336e-06,-0.0021459167,-2.2944032e-06,-8.492238e-06,-0.0013154041,0.0021462922,0.008102514
-0.0047358433,-0.0042597437,0.0026307774,-0.0014460369,0.0050122514,-0.0022497799,-0.0031727075,-0.0040751877,-0.0056629293,0.0077361492,-0.0007729559,0.0062159123,0.0019004871,0.0057816375,0.0016037484,-0.00039729808,-0.0052620587,-0.0024799271,-0.001861598,0.00016983888,0.003993826,-0.00034502518,-3.4793902e-05,3.6696406e-07,-0.0034390814,0.00057004276,-0.00066465605,-0.0005967595,-0.00042867957,-0.0003583984,0.011583303,-6.588821e-05,0.010068319,0.0011528142,0.22725132,0.0011328075,-0.0005648243,-4.0414516e-06,-1.2957946e-05,-0.0016938006,0.00015534647,0.009520587
-0.004925759,-0.0040823347,-6.272446e-05,-0.005623088,0.0013588307,-0.0019386436,-0.0005395118,-0.0065213377,-0.0040359357,0.0052552484,-0.0011681376,0.0030533148,0.003595367,-0.0013450258,0.0012460304,-0.0011736301,-0.004149667,-0.0031316108,-0.0021455134,0.0003254051,0.0034026313,-0.00035886132,-3.334481e-05,-8.749361e-09,-0.013373281,0.00015453967,-0.00057273655,-0.00010147761,-0.00068599643,-0.0002554284,0.007868661,-9.957425e-05,0.004945653,0.0021809095,-0.052867185,0.0008801334,-0.0016685076,-3.1870945e-06,-1.636308e-05,-0.0019521249,0.00029763815,0.008111281
-0.0034641004,-0.0008295082,0.0013757295,-0.0024192175,0.0027620704,-0.00022894423,-0.0006159303,-0.002442242,-0.002417126,0.0026732385,-0.00054199126,0.003679911,0.0011647985,0.0029772108,-0.00021569466,-0.0025155148,-0.0038124556,-0.00013079774,-6.2006584e-05,-0.0011512877,0.002310974,-0.0002523736,-6.7754845e-06,1.9189889e-07,-0.0057535777,0.00031412995,-6.763736e-05,-0.00011585129,-0.0002569058,-0.00015297632,0.0040026284,-4.6200355e-05,0.005960592,0.00070655375,0.11702136,-0.00015235589,-0.0035762165,-2.9281039e-06,-6.834354e-07,-5.6417543e-05,-0.0010530478,0.00550896
-0.0038136765,-0.00013380835,0.00031562452,-0.002769043,0.0019794893,-0.0009785225,0.0023826696,-0.0035395888,-0.0007966362,0.0023497287,-0.002879735,0.002384517,0.00033258175,0.0004181791,8.7910215e-05,-0.00060071633,-0.0028722188,-0.0014527218,-0.0018929492,0.0038895612,0.0043053753,-0.00027784164,-1.0929566e-06,4.4026095e-08,-0.0065855607,0.00022512709,-0.00028908646,0.00044816002,-0.00037233855,-5.0417926e-05,0.0035182387,-0.00024547405,0.003862358,0.00020174037,0.016436823,6.2095365e-05,-0.0008540167,-2.205968e-06,-7.590663e-06,-0.0017223259,0.0035576634,0.010263265
-0.004357937,-0.001839233,0.002222283,-0.0033887597,0.0022360452,-0.00035335508,0.00084692007,-0.003307101,-0.0016474223,0.0015171776,-0.0029638,0.0046094065,-0.0006538158,-0.0023475029,0.0005776674,-0.0025420596,-0.003256795,-0.00040637318,-0.0003518412,0.0036021569,0.005056423,-0.0003174932,-1.5022992e-05,3.0998368e-07,-0.008059422,0.00025430517,-0.00010439225,0.0001592985,-0.00034788254,-0.000104262916,0.0022716634,-0.0002526399,0.0074661565,-0.00039659737,-0.09227025,0.00040803527,-0.0036139544,-2.5013364e-06,-2.1233534e-06,-0.00032012755,0.0032947834,0.012053633
-0.0040109153,-0.0014708263,0.0007852991,-0.0040153656,0.0019460092,-0.0030159033,0.0015963458,-0.0052891136,-0.00014983385,0.0035606255,-0.000371253,0.0044655045,0.0017879603,0.0030331186,0.00020103209,-0.0010622023,-0.003054284,-0.002383763,-0.0011930353,0.0021417397,0.004123588,-0.00029221128,-1.2013818e-05,1.0954046e-07,-0.009549666,0.00022131941,-0.0008909931,0.00030025915,-0.0005563756,-9.482763e-06,0.005331309,-3.1646305e-05,0.0072330693,0.0010845568,0.11921885,0.00014199899,-0.0015100946,-2.3458006e-06,-1.2455475e-05,-0.0010854995,0.0019589842,0.009829916
-0.0040452457,-0.0039054549,9.623234e-05,-0.0028856534,0.0010661276,-0.0020199872,-0.0036776701,-0.005196302,-0.0036185752,0.0040968903,-0.0023536463,0.004581142,0.0025781896,0.002441271,0.00239284,-0.000291461,-0.0044104517,-0.0026074087,-0.001319253,0.0022602573,0.0030308636,-0.00029471237,-3.1900046e-05,1.3423336e-08,-0.0068628932,0.00012125057,-0.00059676805,-0.0006917387,-0.00054661254,-0.00022901426,0.0061342563,-0.00020062925,0.007420375,0.0015639011,0.09595587,0.0016901823,-0.0004143596,-3.3873866e-06,-1.3624053e-05,-0.0012003405,0.0020673887,0.0072250515
-0.0043511493,-0.003858951,0.00026427855,-0.00457458,0.0016368454,-0.00050154986,-0.0029405789,-0.005767895,-0.0012481369,0.0029370878,-0.0036739171,0.008266734,0.0030393763,0.0047966484,0.0013981557,-0.002340036,-0.0044792695,-0.002551604,-0.000263203,0.0039294767,0.006091169,-0.0003169987,-3.1520198e-05,3.6863906e-08,-0.010879635,0.00018615824,-0.00014817367,-0.00055309804,-0.00060673984,-7.899273e-05,0.004397689,-0.00031317162,0.013390169,0.0018436518,0.18853563,0.000987587,-0.0033267445,-3.440241e-06,-1.33324675e-05,-0.00023947886,0.003594173,0.0145202875
-0.005404567,-0.0042614066,0.0028321333,-0.0027246801,0.006823227,-0.0009943158,-6.436667e-05,-0.0059630712,-0.007922602,0.007567329,-0.003727434,0.0094609335,0.005710665,0.004391576,-0.0012488118,-0.002054283,-0.007862759,-0.0022777948,-0.0019563097,0.00051184994,0.0065728524,-0.00039374438,-3.4807486e-05,3.9505096e-07,-0.0064800535,0.0007760048,-0.0002937523,-1.2106827e-05,-0.00062727096,-0.00050140976,0.011330529,-0.0003177335,0.015324491,0.0034640257,0.17261398,-0.00088209804,-0.0029204998,-6.0388834e-06,-1.1901778e-05,-0.0017799753,0.0004681736,0.015668536
-0.00462135,-0.003086904,0.0016570999,-0.004416653,0.001758104,-0.002552971,-0.001186593,-0.006350518,-0.003809179,0.0056470614,-0.0009471044,0.008612877,0.0036904104,0.0056401547,0.001056059,-0.0024922471,-0.0042506475,-0.0020907733,-0.0004870155,-0.0010722103,0.005551959,-0.0003366839,-2.5214062e-05,2.3114693e-07,-0.01050404,0.00019994896,-0.00075422827,-0.00022318812,-0.0006680275,-0.00024107729,0.00845532,-8.073296e-05,0.013950839,0.0022385619,0.22169024,0.0007459471,-0.0035431378,-3.264651e-06,-1.0924566e-05,-0.00044311775,-0.0009807182,0.013234904
-0.0034604208,-0.0033062536,0.0018888498,-0.0050136894,0.0009357492,-0.0005660227,0.0023495965,-0.005741896,-0.0013121979,0.005197012,-0.0037089179,0.003073656,0.0026828952,-0.0022627776,-0.00080042606,-0.0031464277,-0.0035911642,-0.0008551023,-0.0019511884,0.0026371325,0.0057742344,-0.00025210553,-2.7005724e-05,2.6347345e-07,-0.0119239595,0.00010642265,-0.00016722099,0.00044193925,-0.00060400495,-8.304706e-05,0.007781463,-0.00031615514,0.0049786014,0.0016274143,-0.08894006,-0.00056538085,-0.0044731623,-2.758144e-06,-4.4680223e-06,-0.0017753156,0.002412105,0.01376477
-0.0039404947,-0.002697342,-0.00071935635,-0.0036314307,0.000985094,-0.00082210475,0.00049182895,-0.004197571,-0.0028518043,0.0049504377,-0.0013182817,0.0027884345,0.0024820557,0.00032742476,0.0013321196,-0.0004540609,-0.0034203376,-0.002117267,-0.0014681516,0.0007942848,0.0027873577,-0.00028708085,-2.203209e-05,-1.0034218e-07,-0.008636561,0.00011203463,-0.00024287571,9.2508875e-05,-0.0004415534,-0.00018048646,0.007412269,-0.00011237282,0.0045166095,0.0015055872,0.01286966,0.00094094244,-0.00064552197,-2.6269431e-06,-1.1063e-05,-0.0013358179,0.0007265082,0.006644576
-0.0035889412,-0.0042174184,0.0008255651,-0.0011953849,0.0024640695,-0.0022925152,-0.0008282468,-0.0033423482,-0.0038269681,0.0056972206,-0.0014271184,0.0041594086,0.0013216042,0.0022005946,0.0012915952,-0.0013120335,-0.0027109592,-0.0033093528,-0.0018408012,0.0027697599,0.0037551406,-0.00026146875,-3.4448185e-05,1.1515711e-07,-0.0028429606,0.00028023834,-0.0006772814,-0.00015578623,-0.00035159028,-0.00024220314,0.008530424,-0.000121650264,0.0067372657,0.00080167037,0.08649591,0.00091231806,-0.0018652707,-2.0821149e-06,-1.7291804e-05,-0.0016748783,0.002533415,0.008951602
-0.0042153895,-0.0031755941,0.0006945542,-0.00474249,4.7175563e-05,-0.0008249302,0.00017509217,-0.0056231404,-0.00083770487,0.0019400376,-0.0030454076,0.003181037,0.0022229757,0.00019977964,0.0014950109,-0.0028597047,-0.0039598113,-0.0009891114,-0.0022565378,0.0020225623,0.0036971634,-0.00030710804,-2.5938489e-05,9.688255e-08,-0.011278972,5.365271e-06,-0.00024371044,3.2933356e-05,-0.0005915127,-5.30171e-05,0.0029048098,-0.00025959627,0.0051525333,0.0013484323,0.007852479,0.0010560007,-0.0040655388,-3.0412784e-06,-5.1682373e-06,-0.0020531418,0.0018499764,0.008813394
-0.0034845064,-0.0014650763,0.0016016827,-0.0030083428,0.0012281023,0.00111606,0.0005324416,-0.002026785,-0.0018657558,0.0018754668,-0.0026255979,0.0029477796,0.00031862472,-0.0015179613,0.00035303223,-0.004305399,-0.0027563048,0.00029676803,-0.00050160615,0.001235601,0.004337994,-0.0002538603,-1.1966852e-05,2.2341686e-07,-0.007154683,0.00013967193,0.00032971936,0.000100147765,-0.00021320277,-0.00011808092,0.0028081283,-0.0002238109,0.004774711,0.0001932742,-0.059664533,0.00024936427,-0.0061208303,-2.116942e-06,1.5506521e-06,-0.00045639326,0.0011301667,0.010341023
-0.0032978235,-0.00080761797,0.0001920762,-0.0010980195,0.0017741293,-0.00038723205,0.0024138412,-0.003096731,-0.0037005155,0.0036696647,-0.0010324754,0.005294836,0.0028989632,0.0032079585,-0.00073689496,-0.0016235623,-0.0034721603,-0.000719061,-0.0015666304,0.0009790834,0.0025877731,-0.00024025967,-6.5966833e-06,2.6792485e-08,-0.0026113985,0.00020177153,-0.00011440058,0.00045402313,-0.00032575318,-0.00023420014,0.005494573,-8.801014e-05,0.008576391,0.0017584787,0.12609106,-0.00052050565,-0.0023081598,-2.6667449e-06,-3.7571886e-06,-0.0014254203,0.0008955378,0.006168801
-0.0030332608,-0.0017239512,-0.0009520402,-0.0013940239,0.0013628491,-0.00017994439,1.8064107e-05,-0.0025298663,-0.004028259,0.002653406,-0.00023704782,0.0023500281,0.0022693523,0.0019700113,-0.00015458005,-0.0012777919,-0.0034668595,-0.0011795982,9.63019e-05,-0.0013842378,0.0014378064,-0.00022098522,-1.4081361e-05,-1.3279897e-07,-0.0033153798,0.00015499667,-5.3161257e-05,3.397706e-06,-0.0002661232,-0.00025494254,0.003972933,-2.0206402e-05,0.003806494,0.0013765638,0.07743268,-0.0001091876,-0.0018165905,-2.6626735e-06,-6.1635556e-06,8.762161e-05,-0.0012661202,0.0034274803
-0.0036134853,-0.0028231815,-0.00040123175,-0.001225131,0.0018935266,-0.0014049875,-0.00035602297,-0.003831648,-0.0044966647,0.0061179074,0.0008232454,0.002865394,0.0021518795,0.002023166,-0.00042374188,7.410988e-05,-0.0037813522,-0.0027151261,-0.0009011047,0.0002507315,0.0017379916,-0.0002632569,-2.3059956e-05,-5.5967348e-08,-0.002913705,0.00021535056,-0.0004150777,-6.6964916e-05,-0.000403061,-0.00028458724,0.009160317,7.017499e-05,0.004641266,0.0013053061,0.07952196,-0.00029931002,0.00010535934,-2.9042153e-06,-1.4186891e-05,-0.0008198825,0.0002293365,0.0041430695
-0.00267826,-0.0015406245,-0.00089982006,-0.00096302666,0.001317663,-0.0007543066,3.8052793e-05,-0.0029393826,-0.0038681475,0.0033632526,-0.001588738,0.0022278116,0.0029938237,0.0019014981,-0.00031374977,-1.7085113e-05,-0.003490007,-0.00094649894,-0.0019257455,0.0011258882,0.0013636868,-0.00019512199,-1.2583935e-05,-1.2551484e-07,-0.0022903476,0.00014985766,-0.000222846,7.157409e-06,-0.00030920128,-0.00024480931,0.0050357836,-0.00013542702,0.0036085318,0.00181602,0.07473972,-0.0002216171,-2.4289287e-05,-2.6804516e-06,-4.9455816e-06,-0.0017521661,0.0010298158,0.003250792
-0.0023722127,-0.0010576968,-4.90034e-05,-0.0013803486,0.0018022086,-0.0005863275,0.00049589237,-0.0016540615,-0.0031731362,0.0014794235,-0.00051933393,0.0026441799,0.0015451983,0.000546739,-0.0002835759,-0.0016801977,-0.0022515317,-0.00061503326,5.26465e-05,-0.00041101902,0.0013348554,-0.00017282521,-8.639346e-06,-6.835427e-09,-0.0032828562,0.00020496498,-0.00017321967,9.3273164e-05,-0.00017399502,-0.00020082308,0.0022151344,-4.4269003e-05,0.004282951,0.00093730004,0.02148996,-0.0002003038,-0.0023886764,-1.7292579e-06,-3.2136297e-06,4.7901143e-05,-0.0003759466,0.003182063
-0.0026480716,-0.002925117,-0.00047661405,-0.0013856079,0.00050145254,-0.0005150824,-0.0011094365,-0.0026038182,-0.0026842938,0.0017888385,-0.002743373,0.002542131,0.0015324012,0.00015939641,0.0010971136,-0.00077183836,-0.0030364213,-0.001053591,-0.0007818336,0.0012111082,0.001993632,-0.00019292264,-2.3892573e-05,-6.6482336e-08,-0.003295364,5.7030138e-05,-0.0001521716,-0.00020867564,-0.0002739024,-0.00016988498,0.0026784202,-0.00023385027,0.0041176556,0.00092953746,0.0062651876,0.000774946,-0.0010972947,-2.3320815e-06,-5.505152e-06,-0.00071136205,0.0011077638,0.0047524716
-0.0035286928,-0.0043830434,0.0017802941,-0.00093582703,0.00391842,-0.0010548643,0.00061396573,-0.0030127596,-0.004518713,0.0026522642,-0.0033441929,0.006696071,0.0019443189,0.0002808608,0.00022584024,-0.0010081236,-0.0049121697,-0.0013027318,-0.0006687878,0.0024473495,0.0050156973,-0.00025707943,-3.5801022e-05,2.4833113e-07,-0.002225659,0.00044564146,-0.00031164024,0.00011548177,-0.00031692,-0.00028598265,0.0039712237,-0.0002850653,0.0108460635,0.0011794021,0.011039431,0.00015952221,-0.0014332129,-3.772724e-06,-6.8069453e-06,-0.0006085058,0.0022385162,0.011956549
-0.0037275301,-0.0013481404,0.00029218465,-0.0009794419,0.0028687757,-0.0019607744,0.0019726157,-0.0042261174,-0.0043806774,0.0036287387,-0.0008426055,0.0039479868,0.0026170115,0.0015992435,-0.0018193738,-0.000520512,-0.003877835,-0.0022902316,-0.0017943635,0.0015775717,0.0024638297,-0.0002715655,-1.1011711e-05,4.0756493e-08,-0.0023293877,0.00032626552,-0.0005792747,0.00037103237,-0.00044455627,-0.00027724658,0.005433295,-7.182528e-05,0.006394812,0.00158745,0.062859386,-0.0012851144,-0.0007399931,-2.9783178e-06,-1.1966762e-05,-0.0016326263,0.001442957,0.005873341
-0.005740653,-0.0050159544,0.000793034,-0.0049796877,0.000179369,-0.001974798,-0.0077518653,-0.010248315,-0.004885568,0.00761126,-0.0053039854,0.010281059,0.005215731,0.009908591,0.0030588487,-0.00043742202,-0.00774788,-0.0029652484,-0.0035015706,0.0026134425,0.006326997,-0.00041822958,-4.0970688e-05,1.1061938e-07,-0.011843095,2.0399615e-05,-0.0005834177,-0.0014580603,-0.0010780469,-0.00030920035,0.011396307,-0.00045212172,0.016652903,0.0031638043,0.38946414,0.0021606174,-0.0006218671,-5.9506524e-06,-1.5493813e-05,-0.003185952,0.0023904364,0.015082461
-0.0040301816,-0.0030617872,-0.00044626527,-0.0012229704,0.003016809,-0.0016065167,-0.0013163483,-0.0035540676,-0.0070149116,0.005330339,0.00040922943,0.0029134788,0.002466451,0.0015695015,-0.00033572223,-0.00046965427,-0.0044626454,-0.0024984754,-0.0009348732,-0.00244578,0.0011890582,-0.0002936149,-2.5008905e-05,-6.224902e-08,-0.0029085667,0.00034310133,-0.00047461578,-0.000247594,-0.0003738616,-0.00044396336,0.007981094,3.4883487e-05,0.0047191516,0.0014961216,0.061690357,-0.00023713734,-0.00066769053,-3.427473e-06,-1.3054862e-05,-0.00085060723,-0.0022370806,0.0028345077
-0.0052285697,-0.0024526338,0.000106503605,-0.0015905937,0.0027547912,-0.002378122,-0.0009871159,-0.004149582,-0.007374976,0.006392526,0.0004025019,0.0036621545,0.003180181,0.0021859691,-0.0017576774,-0.002327165,-0.0052334256,-0.0030348285,-0.0013067315,-0.0011746646,0.0017521924,-0.00038092228,-2.0033294e-05,1.4856063e-08,-0.003782878,0.0003133021,-0.00070257235,-0.00018566816,-0.00043650527,-0.00046675128,0.009571501,3.431002e-05,0.0059318305,0.0019290622,0.08592105,-0.0012415352,-0.0033084466,-4.0194604e-06,-1.5857378e-05,-0.0011889476,-0.0010744301,0.0041769217
-0.003270931,-0.0017041229,0.0015429605,-0.0010369538,0.0034432155,-0.00073996565,0.0013364076,-0.0023358508,-0.0033799447,0.0010099981,-0.0017309461,0.0041829,0.0009100256,-0.0012183196,-0.0019789857,-0.0015000034,-0.0040123956,-0.00057800685,-0.0002376567,0.0012702339,0.0038406728,-0.00023830045,-1.3919402e-05,2.1522577e-07,-0.0024661669,0.0003915965,-0.00021860923,0.000251367,-0.0002457142,-0.0002139117,0.0015122659,-0.0001475491,0.006775316,0.00055201136,-0.047886908,-0.0013978563,-0.0021325005,-3.081665e-06,-3.0201618e-06,-0.00021623522,0.0011618444,0.009155496
-0.0034417254,-0.0021794373,-0.00011589046,-0.0012301772,0.003057131,-0.0018515468,0.00053588004,-0.0024773828,-0.00519887,0.004608189,0.00038535567,0.0025845945,0.001828457,0.0015439772,-0.0004583152,-0.0007603412,-0.0032676123,-0.0022406771,-0.0008473956,-0.00040265132,0.001181236,-0.0002507435,-1.7801805e-05,-1.6165425e-08,-0.0029257066,0.00034768716,-0.0005470054,0.00010079451,-0.00026060233,-0.00032902876,0.0068998216,3.2848442e-05,0.0041864365,0.0011091216,0.060687106,-0.00032373087,-0.0010809496,-2.5096444e-06,-1.1707833e-05,-0.00077101454,-0.00036829294,0.002815861
-0.006792961,-0.0059489077,0.0033079162,-0.0053029605,0.004526372,-0.0032777933,-0.00417531,-0.009981899,-0.0030246023,0.009721394,-0.0029429835,0.015492808,0.0043454953,0.0093333265,0.00077500043,-0.0036587873,-0.006369086,-0.0051944763,-0.002198008,0.0056740725,0.0110450275,-0.00049489446,-4.859112e-05,4.6141736e-07,-0.012611927,0.0005147838,-0.00096836366,-0.00078534056,-0.0010500218,-0.0001914226,0.014555801,-0.00025086544,0.025094712,0.0026359288,0.36685294,0.00054742146,-0.0052015656,-4.8916886e-06,-2.7141823e-05,-0.0019998876,0.0051899017,0.026329424
-0.0057833306,-0.0037256638,0.00030128245,-0.0048552975,0.0016158617,-0.0032895156,-0.0011184645,-0.007004326,-0.0026155312,0.005608275,-0.002754041,0.005937386,0.0041763433,0.0016879922,0.0020762773,-0.0024298627,-0.0046173455,-0.0045711217,-0.0029118394,0.0037167121,0.005155119,-0.00042133883,-3.0431498e-05,4.2025537e-08,-0.011547259,0.00018377176,-0.00097182684,-0.00021037374,-0.0007368033,-0.0001655331,0.008397246,-0.00023475965,0.009617171,0.0025333231,0.06634772,0.0014665781,-0.003454448,-3.5462886e-06,-2.3884713e-05,-0.002649377,0.0033995637,0.012288907
-0.004292692,-0.0038673633,0.000629573,-0.0017968095,0.003974052,-0.0011272049,-0.0010078129,-0.0039626053,-0.0064095287,0.00828218,0.0008330529,0.0036906898,0.002419955,0.0025958114,-8.214734e-05,-0.0003031902,-0.004387468,-0.0028408924,-0.0015683584,-0.0012425189,0.0028814608,-0.00031273984,-3.1588912e-05,8.781841e-08,-0.004273317,0.0004519685,-0.0003330119,-0.00018956109,-0.00041683673,-0.00040564957,0.012400872,7.1010996e-05,0.005978051,0.0014679177,0.10203019,-5.8024758e-05,-0.00043103457,-3.3697343e-06,-1.4844037e-05,-0.0014269925,-0.0011364943,0.006868901
-0.008566806,-0.0060379636,0.0056794467,-0.004322143,0.0041059293,-0.0063456064,0.00069695694,-0.010857374,-0.00079824135,0.0095222695,-0.0026041833,0.015729314,0.0020476626,0.0070010447,-0.00012866,-0.004278074,-0.0075905155,-0.0061060567,-0.0019869523,0.00817869,0.01246274,-0.0006241262,-4.9318533e-05,7.922194e-07,-0.010279268,0.00046696686,-0.0018746926,0.00013109171,-0.0011421154,-5.0519513e-05,0.014257653,-0.00022198548,0.025477797,0.0012420893,0.27518097,-9.087897e-05,-0.0060819834,-5.8297906e-06,-3.190495e-05,-0.0018078558,0.0074807997,0.029709004
-0.003421208,-0.0018542007,-0.00022238612,-0.0015433106,0.002499242,-0.0013030841,0.0013345634,-0.003964521,-0.005745657,0.0034955158,6.454089e-05,0.004148533,0.0028866525,0.0015550654,-0.0012271206,-0.00020748231,-0.0039141527,-0.0017163351,-0.0009824523,-0.000965788,0.0010327668,-0.00024924873,-1.514525e-05,-3.102038e-08,-0.0036704254,0.00028423851,-0.0003849722,0.0002510201,-0.00041703825,-0.0003636341,0.0052338205,5.5015867e-06,0.00671965,0.0017510111,0.061122935,-0.0008667765,-0.00029497012,-3.006211e-06,-8.968077e-06,-0.0008938977,-0.0008833769,0.0024619363
-0.0026069644,-0.0014773161,-5.811511e-06,-0.0014117891,0.0028690062,0.00063896255,0.0022597616,-0.0015600986,-0.0042577046,0.003956118,-0.0014109737,0.0020565696,0.0020019722,0.0003695094,-0.00047070778,-0.0012963392,-0.0038130297,-0.0003331221,-0.0011876064,-0.0006969056,0.0017295385,-0.00018992781,-1.2066827e-05,-8.106409e-10,-0.0033576305,0.00032629175,0.00018876971,0.00042504206,-0.00016411082,-0.0002694638,0.0059234784,-0.00012027406,0.00333116,0.001214374,0.014523826,-0.00033248437,-0.0018429586,-2.9285447e-06,-1.7406068e-06,-0.00108056,-0.0006374384,0.004122919
-0.003594473,-0.0023286585,0.00061241444,-0.00047020544,0.003671985,-0.0022646845,0.0012702045,-0.004108953,-0.004832892,0.0056265364,0.00056453166,0.0044983686,0.0016943525,0.0028067396,-0.0017831435,-0.0006508303,-0.0036882497,-0.0030231308,-0.0012521322,0.0002978143,0.0028359038,-0.00026187178,-1.9020656e-05,8.542497e-08,-0.0011182805,0.0004176144,-0.00066905934,0.00023891476,-0.0004322314,-0.0003058666,0.0084245885,4.8121743e-05,0.0072863013,0.0010277753,0.11032087,-0.0012595231,-0.0009252619,-2.8327092e-06,-1.5796257e-05,-0.0011392697,0.0002724017,0.006760301
-0.0037602447,-0.0013479559,-0.00056315295,-0.0028045576,0.0010298478,-0.0011309134,0.0019203004,-0.00470427,-0.0021015445,0.0026202903,-0.0024120228,0.004384279,0.0033492765,0.0009900951,8.3704654e-05,-0.0009982707,-0.003240019,-0.0014946946,-0.0012051321,0.0028402333,0.0039720763,-0.0002739489,-1.1010204e-05,-7.855355e-08,-0.0066700247,0.000117124466,-0.00033410755,0.0003611923,-0.0004948544,-0.00013300363,0.003923349,-0.00020560536,0.0071015023,0.0020316336,0.038916383,5.912477e-05,-0.0014192053,-2.4884519e-06,-7.8099765e-06,-0.001096506,0.0025978752,0.009468739
-0.0037357402,-0.0028583407,-0.0005853049,-0.0027386076,0.0007578023,-0.0014699487,-0.0017946595,-0.005816727,-0.0029982112,0.0046018963,-0.0020423885,0.0048223864,0.0038278354,0.0039732177,0.00049078045,-0.0007396071,-0.004203003,-0.0022445386,-0.0018033292,0.00058352295,0.0038647833,-0.00027216366,-2.334714e-05,-8.16435e-08,-0.006513177,8.6184766e-05,-0.00043426928,-0.0003375603,-0.0006118766,-0.00018975235,0.0068903994,-0.00017409705,0.007811134,0.0023219222,0.1561701,0.0003466627,-0.0010514727,-3.2280584e-06,-1.172801e-05,-0.0016407839,0.0005337307,0.009212971
-0.0043489034,-0.0027483026,0.0013547116,-0.0023029472,0.0023740798,-0.0028899957,-0.0013535053,-0.0046177637,-0.0055051604,0.0064337775,0.00018876453,0.007795174,0.0026148795,0.0045495233,-3.3542106e-05,-0.00045137276,-0.004574796,-0.0025358582,-0.0002740682,0.00011639322,0.0032664356,-0.00031683507,-2.244834e-05,1.8896714e-07,-0.0054770545,0.00027000383,-0.000853796,-0.0002545829,-0.00048575454,-0.00034841345,0.009633267,1.6090644e-05,0.012626353,0.0015861567,0.1788222,-2.3692462e-05,-0.00064170035,-3.513609e-06,-1.3250193e-05,-0.00024936473,0.00010646134,0.007786614
-0.002430393,-0.00022769417,0.00032860378,-0.0022465158,0.0023767198,0.00037885463,6.188435e-05,-0.0017229754,-0.0024827803,0.0034281604,-0.00064598926,0.0037222432,0.0019021435,0.0033927364,-0.00030493154,-0.0016172782,-0.0025285648,-9.445532e-05,0.00068901246,-0.001525593,0.002355335,-0.00017706388,-1.8598229e-06,4.5836558e-08,-0.005342845,0.00027030407,0.00011192563,1.1639923e-05,-0.00018124425,-0.00015713148,0.00513297,-5.5065342e-05,0.00602916,0.001153819,0.13335389,-0.00021538835,-0.002299226,-1.9420293e-06,-4.9354145e-07,0.00062690745,-0.0013954135,0.005614709
-0.0061717844,-0.0024300825,0.0018803137,-0.0056778565,0.000517283,-0.00018152117,-1.5898026e-05,-0.0058643417,-0.00029012572,0.0046949326,-0.0030604594,0.004522225,0.0019426828,0.0018661905,-0.0005495356,-0.006670203,-0.004817452,-0.001233192,-0.0026160548,0.0035653785,0.006474431,-0.00044963925,-1.9849094e-05,2.6228275e-07,-0.013503536,5.8830534e-05,-5.362709e-05,-2.9902844e-06,-0.0006168853,-1.8361627e-05,0.0070297024,-0.00026087931,0.007324943,0.0011784097,0.07335193,-0.0003881644,-0.009482787,-3.6999775e-06,-6.443591e-06,-0.0023802535,0.0032611433,0.015433917
-0.006094152,-0.0055206283,0.0015976033,-0.006769319,-0.0014625476,-0.0015138006,-0.0047383877,-0.011198636,-0.0015189707,0.007351042,-0.0067949304,0.0109914895,0.0060720593,0.0064863698,0.0034272699,-0.0032287072,-0.005919151,-0.0032646358,-0.004870274,0.0061538224,0.008998111,-0.00044398344,-4.50929e-05,2.2284782e-07,-0.01609934,-0.00016633536,-0.0004472245,-0.0008912507,-0.0011780136,-9.613341e-05,0.011006683,-0.0005792127,0.017803634,0.0036832434,0.2549513,0.0024208515,-0.0045901365,-4.546122e-06,-1.7058152e-05,-0.004431286,0.0056287143,0.021449931
-0.004028201,-0.0021947382,-0.0011624509,-0.0030573239,0.0015375719,-0.0011164914,-5.323498e-05,-0.0059314873,-0.005911397,0.004400129,-0.0005311778,0.0030363654,0.0043130713,0.0028161441,-0.00023098849,0.0004901715,-0.004846592,-0.0012646704,-0.0015785709,-0.0020949433,0.000416041,-0.00029347063,-1.7926784e-05,-1.6214892e-07,-0.007271174,0.00017486788,-0.00032984684,-1.001305e-05,-0.0006239485,-0.00037412354,0.006588294,-4.5278593e-05,0.004918199,0.002616261,0.11069052,-0.00016315868,0.0006968591,-3.722358e-06,-6.6080693e-06,-0.0014362845,-0.0019161811,0.0009917694
-0.0049443403,-0.004186209,-0.0004930924,-0.0036499328,0.0020933254,-0.0032514795,-0.0015031204,-0.005843983,-0.0052763624,0.0045416756,-0.0009958284,0.0032781553,0.0033114534,-0.00037678046,0.0011793379,-0.00018131133,-0.004923597,-0.0036851396,-0.0013507027,-0.00021470996,0.0020067487,-0.00036021502,-3.4193265e-05,-6.8780885e-08,-0.008680564,0.00023807366,-0.00096058974,-0.00028272424,-0.00061474374,-0.00033393316,0.006800231,-8.488629e-05,0.005309842,0.0020086907,-0.014809621,0.0008330251,-0.00025776378,-3.7815007e-06,-1.925534e-05,-0.0012289555,-0.00019638868,0.00478374
-0.003065625,-0.0018660845,0.0009929519,-0.0019550228,0.002509086,-0.0015501545,0.000709215,-0.0043866523,-0.0029628838,0.0034356038,-0.0002886022,0.004534244,0.0028814203,0.0022629383,-0.001247151,-0.0020106318,-0.0033392294,-0.0015566134,-0.0010519825,-0.00058389077,0.0031718588,-0.00022334309,-1.5242317e-05,1.385057e-07,-0.0046495926,0.00028535805,-0.0004579646,0.00013339735,-0.00046144333,-0.00018751652,0.0051441146,-2.4600995e-05,0.007344411,0.0017478374,0.08894638,-0.000880925,-0.0028584427,-2.564649e-06,-8.13351e-06,-0.0009571608,-0.00053406716,0.00756116
-0.004593386,-0.0027244352,3.688963e-05,-0.0018636427,0.004199832,-0.0026925884,0.0016461697,-0.0054992293,-0.008342866,0.0074720755,0.001446062,0.0048418627,0.003765556,0.0016860047,-0.003091033,0.0010385988,-0.0054564923,-0.0032774066,-0.0015589406,-0.0016138158,0.0017813179,-0.00033464658,-2.2253389e-05,5.1456914e-09,-0.004432265,0.00047764642,-0.0007954757,0.00030963062,-0.0005784782,-0.00052800763,0.011187906,0.00012326505,0.007842681,0.0022841443,0.0662696,-0.0021833507,0.0014765385,-4.190784e-06,-1.7124881e-05,-0.0014184236,-0.0014761083,0.004246352
-0.0031349543,-0.0009718211,-0.00063355383,-0.005059731,0.0001610032,-0.00087324315,0.0010501936,-0.0039532715,0.00051895087,0.00305343,-0.0027265067,0.0021561906,0.0026953425,0.001073257,0.002401823,-0.0013519791,-0.0021606872,-0.001951032,-0.001644911,0.0031113445,0.0037162076,-0.000228394,-7.937907e-06,-8.837368e-08,-0.01203346,1.8310875e-05,-0.0002579836,0.00019753254,-0.00041585488,3.2843633e-05,0.0045718877,-0.00023241257,0.0034925225,0.0016349647,0.042185117,0.0016965272,-0.0019220598,-1.659486e-06,-1.0194399e-05,-0.0014966449,0.0028458524,0.0088587925
-0.0029181729,-0.003684327,0.00071607134,-0.00083415996,0.002401451,-0.0003614294,-0.0018230907,-0.0024623065,-0.0027328706,0.002661038,-0.0033192257,0.004345575,0.0011976038,-4.455098e-06,0.0008123911,-0.0012856942,-0.0033635036,-0.0017809463,-0.0012581234,0.0033718124,0.0040737176,-0.0002126006,-3.0093855e-05,9.9883955e-08,-0.0019838663,0.00027311675,-0.00010677767,-0.00034290797,-0.0002590164,-0.00017295934,0.0039843605,-0.00028293705,0.007038811,0.0007264531,-0.00017511075,0.00057383237,-0.001827825,-2.5832926e-06,-9.305679e-06,-0.0011447209,0.0030840945,0.009711034
-0.0033279755,-0.0015019575,0.001020423,-0.0037100199,0.0017291594,0.0009557042,0.001005251,-0.0026820016,-0.0027701133,0.0032197046,-0.0031134656,0.0016205657,0.0012438056,-0.002132284,0.00016005596,-0.0037579148,-0.0028552534,0.0003177498,-0.0009871303,0.00027326623,0.0032755113,-0.00024245637,-1.22681e-05,1.4233761e-07,-0.008823468,0.0001966571,0.0002823452,0.00018907922,-0.0002821267,-0.00017531637,0.0048208497,-0.00026539768,0.002624936,0.0007544786,-0.08381092,0.0001130555,-0.0053424914,-2.192938e-06,1.6602845e-06,-0.0008981541,0.00024994832,0.007808249
-0.002563502,-0.0013807368,-0.00012732414,-0.0007083606,0.0025013424,-0.00071470486,0.0013064056,-0.0013615732,-0.003806836,0.0034969496,-0.0001833972,0.0026982678,0.0013630642,0.0010921333,-0.0001883562,-0.00074311614,-0.0023762777,-0.0013655097,-0.00026281155,-0.00015310314,0.0017336676,-0.0001867614,-1.1277961e-05,-1.7760295e-08,-0.0016846801,0.0002844774,-0.0002111464,0.00024572387,-0.00014322743,-0.000240929,0.005235967,-1.5633123e-05,0.0043705604,0.0008268195,0.042927068,-0.00013304538,-0.0010564614,-1.8250673e-06,-7.134968e-06,-0.0002391227,-0.0001400388,0.0041327616
-0.00246168,-0.0014671257,-0.0006751703,-0.0008297375,0.0013926604,-0.00063288875,-0.00027298124,-0.0018624739,-0.0025352729,0.0012624138,-0.00044215587,0.0022316899,0.0013951674,0.0020323978,0.00010212837,-0.001030887,-0.0027960055,-0.0009467278,0.0003595947,4.74182e-05,0.0010359149,-0.00017934326,-1.1983591e-05,-9.4178716e-08,-0.0019733487,0.0001583871,-0.00018697533,-5.1345465e-05,-0.00019591846,-0.00016045367,0.0018902067,-3.76902e-05,0.0036148138,0.000846293,0.07988482,7.2138355e-05,-0.0014655748,-2.1474334e-06,-4.9467776e-06,0.00032718218,4.3371987e-05,0.0024694407
-0.0037642224,-0.0020276385,-0.0010615217,-0.0021014186,0.0014675811,-0.00047043437,0.00086454686,-0.006054595,-0.0060324427,0.0044673746,-0.0027717282,0.0033497785,0.005592959,0.0020419962,-0.00115858,0.0005771107,-0.005840986,-0.0009647685,-0.002513351,0.00069397123,0.0020640693,-0.0002742387,-1.6561902e-05,-1.4807043e-07,-0.004997763,0.00016690783,-0.00013898118,0.00016261397,-0.00063689856,-0.00038178437,0.006688981,-0.00023626733,0.005425855,0.0033926265,0.080262095,-0.00081836275,0.0008204574,-4.4860885e-06,-5.0410426e-06,-0.002286807,0.0006347544,0.004920382
-0.0035067461,-0.0024718614,-0.00041721767,-0.0023616054,0.0015342516,-0.0010628212,-0.00030389783,-0.004498243,-0.0032520965,0.0034369018,-0.0012037014,0.0037544125,0.0030855518,0.003217069,0.00023356092,-0.0013646621,-0.0041154805,-0.0014757818,-0.0011111631,7.419927e-05,0.0024612113,-0.00025548053,-2.0190348e-05,-5.8197205e-08,-0.00561656,0.00017449025,-0.00031399098,-5.7160614e-05,-0.00047318183,-0.00020582037,0.0051460583,-0.00010260577,0.006081267,0.0018716613,0.12644915,0.00016497572,-0.0019400908,-3.1608379e-06,-7.7111545e-06,-0.001011007,6.786782e-05,0.0058670994
-0.0034598538,-0.0010095184,0.00015242863,-0.0005849637,0.0025612067,-0.00069973746,0.0013421811,-0.0021399115,-0.0011512293,0.0030566715,-0.0027972988,0.0038122335,0.0014558544,0.0017785628,0.0007920613,-0.0013270427,-0.003075059,-0.0015773727,-0.0017683515,0.003978413,0.004283863,-0.00025206423,-8.245821e-06,2.1262093e-08,-0.0013912078,0.00029128575,-0.00020672455,0.00025245294,-0.00022510285,-7.285959e-05,0.004576741,-0.00023844701,0.0061749234,0.00088310504,0.06990766,0.0005594724,-0.0018866087,-2.3617567e-06,-8.24198e-06,-0.0016089589,0.0036389336,0.010211985
-0.003046474,-0.0011023581,-0.00042715349,-0.0025057204,0.0013380188,-0.0015608943,0.0021410584,-0.003317702,-0.0022630685,0.0025815086,6.1688945e-05,0.00068962347,0.00121852,-0.0009038828,-0.0011377765,-0.0005199251,-0.002580812,-0.0016272896,-0.00094528514,0.00010385885,0.0015779787,-0.00022194785,-9.004143e-06,-5.958314e-08,-0.005959306,0.00015217272,-0.00046113748,0.000402715,-0.0003489977,-0.00014322625,0.0038652816,5.258482e-06,0.0011170282,0.0007391406,-0.035527747,-0.0008036683,-0.0007391587,-1.982157e-06,-8.502802e-06,-0.0008600807,9.499654e-05,0.0037616268
-0.0027102442,-0.0015679788,0.00031212298,-0.00169363,0.0020669545,8.116866e-05,-0.001532176,-0.00213989,-0.0013604845,0.0013053046,-0.0026362042,0.0062733605,0.0020032478,0.0021724098,0.00065033603,-0.0024052868,-0.0027917472,-0.0012569969,0.0006758132,0.0026625928,0.004233676,-0.00019745216,-1.2807367e-05,4.353767e-08,-0.0040279273,0.00023507449,2.3979786e-05,-0.0002881894,-0.0002251006,-8.610305e-05,0.001954427,-0.00022471501,0.010161371,0.0012151478,0.08538809,0.00045936476,-0.0034195094,-2.1441629e-06,-6.567974e-06,0.00061489793,0.0024353927,0.010092347
-0.0024990214,-0.002230171,-0.00086458336,-0.0010181124,0.0014298977,-0.0001258335,-0.00060243043,-0.0020327838,-0.0030169487,0.0015262555,-0.0020910562,0.0013395671,0.0018816702,0.0007018066,0.0013396618,-0.0009573129,-0.0030721626,-0.00090538675,-0.0012655542,0.0011063376,0.0012530396,-0.00018206373,-1.8216204e-05,-1.2059972e-07,-0.002421357,0.0001626221,-3.717519e-05,-0.000113312075,-0.0002138338,-0.00019093821,0.0022852558,-0.00017824557,0.0021697844,0.0011414002,0.027585002,0.0009462699,-0.0013609772,-2.3595321e-06,-4.730765e-06,-0.0011514819,0.0010119334,0.0029870283
-0.0024206517,-0.0014668178,-3.2466603e-05,-0.0016706304,0.0022529257,-0.00033427693,0.00087665726,-0.0018477598,-0.0031612054,0.0043379534,-0.0012670734,0.0023000326,0.002012392,0.001945466,0.0004137402,-0.0011547507,-0.0023482693,-0.0010470335,-0.0008001994,2.0717533e-05,0.0022222495,-0.0001763542,-1.1981077e-05,-4.5287285e-09,-0.003973228,0.00025622497,-9.875597e-05,0.00016489183,-0.00019437066,-0.00020006801,0.0064951987,-0.00010800773,0.003725513,0.0012206945,0.07646791,0.00029224533,-0.0016416673,-1.8035558e-06,-5.4708876e-06,-0.0007280724,1.8949699e-05,0.0052974564
-0.0033723027,-0.0026264975,-6.1238185e-05,-0.0014094007,0.0021770536,-0.0010676862,-6.41378e-05,-0.0028153188,-0.002411835,0.004364005,-0.0012677729,0.003670653,0.0015477289,0.00094462547,0.0007378538,-0.0009256846,-0.0027180638,-0.0025613233,-0.00065479113,0.0021055432,0.0034227655,-0.00024568578,-2.1453427e-05,-8.542043e-09,-0.0033519503,0.00024759606,-0.00031542825,-1.2063779e-05,-0.00029615068,-0.00015264146,0.0065342057,-0.00010806735,0.0059455964,0.0009388351,0.037129167,0.00052118296,-0.0013160123,-2.0875714e-06,-1.3383252e-05,-0.0005957707,0.0019258764,0.008159277
-0.0028609545,-0.0013416451,-0.00025564744,-0.0010253116,0.0025746473,-0.001403692,0.00054242864,-0.0019082931,-0.0031170852,0.0029121372,0.00033748464,0.0018878758,0.0009969503,0.0013350393,-0.00049537315,-0.0006426128,-0.0026295618,-0.0017675416,-0.00020886806,-0.00013970086,0.0013655492,-0.00020843201,-1.0958657e-05,-3.5659962e-08,-0.0024384786,0.00029281434,-0.00041469495,0.00010202624,-0.0002007383,-0.0001972757,0.0043603303,2.8767827e-05,0.0030579157,0.00060473895,0.052474655,-0.00034990677,-0.0009135794,-2.0195987e-06,-9.235638e-06,-0.00019004148,-0.00012778013,0.0032552315
-0.0030402252,-0.00272454,0.00041622203,-0.00021849485,0.0025094585,-0.0010039862,-0.001394734,-0.002176796,-0.004379088,0.0040959655,-0.0007983097,0.0017405082,0.0016030595,0.00202975,0.00043406693,-0.00064239325,-0.003645497,-0.0013524819,-0.0014679432,-0.0002572315,0.0015216661,-0.0002214926,-2.2254244e-05,5.8058326e-08,-0.000519642,0.00028540043,-0.00029660924,-0.00026233768,-0.00022898283,-0.000277146,0.0061328714,-6.804942e-05,0.0028192147,0.000972398,0.07978075,0.00030660312,-0.00091326726,-2.7998735e-06,-7.066896e-06,-0.0013356283,-0.00023528184,0.003627387
-0.0026830516,-0.0013753768,-0.0007952005,-0.00095428235,0.0012514218,-0.0007855976,0.0010587147,-0.0010698719,-0.0030357745,0.0016039066,6.9830276e-05,0.0013869873,0.0009653245,0.00067115563,-6.764836e-05,-0.0010081152,-0.002637182,-0.001078512,-8.006464e-05,-0.00016468766,0.0005488586,-0.00019547108,-1.12341795e-05,-1.1092159e-07,-0.0022695512,0.00014232405,-0.00023209034,0.00019913529,-0.000112542606,-0.00019212966,0.0024015224,5.952464e-06,0.0022465938,0.0005855551,0.026380243,-4.778341e-05,-0.001433201,-2.025451e-06,-5.6353674e-06,-7.284791e-05,-0.0001506348,0.0013083834
-0.0039996123,-0.000987919,0.00090824394,-0.0030818046,0.0007606186,-8.020143e-06,0.0014071383,-0.0026801396,-0.002637435,0.0028785546,-0.00084937015,0.0011762185,0.00035286107,-0.00023530872,-0.00095169473,-0.00365097,-0.0034098108,-5.6258985e-05,-0.0010059465,2.0582112e-05,0.0026600636,-0.0002913878,-8.069396e-06,1.2668988e-07,-0.007329396,8.650507e-05,-2.3694035e-06,0.00026467085,-0.00028193084,-0.00016691934,0.0043100473,-7.240191e-05,0.0019051979,0.00021404159,-0.009248974,-0.00067222945,-0.005190452,-2.6188582e-06,-2.939606e-07,-0.0009152743,1.8825833e-05,0.0063411286
-0.0025775973,-0.0014590432,-0.0011890437,-0.0009330553,0.0011457064,-0.00046929135,0.0006118608,-0.001922254,-0.003636843,0.0026810402,-3.8300874e-05,0.0010115604,0.0018021327,0.00030765065,-0.00071528537,-0.0008853279,-0.0026007183,-0.0013407406,-0.00068329106,-0.00052589725,0.0002971826,-0.0001877883,-1.1917574e-05,-1.6585832e-07,-0.0022190672,0.00013030105,-0.00013864349,0.00011508585,-0.0002022069,-0.00023017041,0.00401431,-3.2648386e-06,0.0016384905,0.0010931536,0.012092425,-0.0005052417,-0.0012586387,-1.9974457e-06,-7.005546e-06,-0.00062170177,-0.00048102223,0.0007084316
-0.0053348513,-0.0030091768,0.0009326156,-0.0037122332,0.00040245283,-0.0020268597,-0.0004109186,-0.0049000653,-0.003039278,0.005924378,-0.003136207,0.005018961,0.0033137647,0.0018923294,0.0011822677,-0.0036417476,-0.0043478822,-0.0028542755,-0.0026984587,0.0040439735,0.004215739,-0.00038866533,-2.457918e-05,1.3008946e-07,-0.008828732,4.5770914e-05,-0.0005987984,-7.729032e-05,-0.0005154506,-0.0001923514,0.008870546,-0.00026733617,0.008129539,0.0020100926,0.07437933,0.0008350946,-0.005177341,-3.339331e-06,-1.4913965e-05,-0.0024552299,0.0036988996,0.010049589
-0.0019561017,-0.0009732754,-0.00010815333,-0.0023125755,0.001836136,-0.00034132058,0.000782118,-0.0023024061,-0.0032322048,0.0040048277,-0.0018289827,0.0027783702,0.0027656574,0.0017588339,0.0010202858,-0.0011915793,-0.0018516615,-0.00016794767,-0.00082967506,-0.0007500133,0.0021136454,-0.00014250986,-7.949786e-06,-1.5086181e-08,-0.005499953,0.00020882353,-0.000100836885,0.0001471098,-0.00024219608,-0.00020456145,0.005996411,-0.00015590593,0.0045003076,0.0016776168,0.0691322,0.0007206787,-0.0016940252,-1.422143e-06,-8.775487e-07,-0.00075489125,-0.00068601436,0.0050385627
-0.0022856179,-0.0005226538,-0.00058501906,-0.0021980647,0.00058376463,-0.000589362,0.0016758662,-0.0025535505,-0.0018698691,0.0019296228,-0.0015400706,0.00071678,0.0018598933,0.0010216404,-0.0002721866,-0.0010579576,-0.0023399694,-0.00026757084,-0.0014806283,0.001199147,0.0011081267,-0.00016651643,-4.269075e-06,-8.160362e-08,-0.0052276147,6.639148e-05,-0.00017411615,0.00031521628,-0.00026861462,-0.00011834124,0.002889216,-0.00013127852,0.0011610154,0.0011281905,0.04015629,-0.00019225896,-0.0015040601,-1.7971812e-06,-1.3980929e-06,-0.00134717,0.0010968233,0.0026415812
-0.0068461513,-0.004331333,0.0032108861,-0.0047277166,0.0017178308,-0.0031441348,-0.0016701291,-0.007996862,-0.0026766274,0.004889798,-0.00320202,0.014008228,0.0032756466,0.005751862,0.001514724,-0.002750789,-0.007645879,-0.0029427633,-0.00014783558,0.0038687515,0.008014743,-0.0004987696,-3.537865e-05,4.4788277e-07,-0.011243836,0.0001953687,-0.00092887675,-0.0003141372,-0.00084121065,-0.00016939978,0.007321473,-0.0002729462,0.022690041,0.0019869707,0.22608097,0.001069925,-0.0039106975,-5.8723117e-06,-1.5376325e-05,-0.00013451024,0.0035386295,0.019105753
-0.0033410317,-0.0014083501,-0.00050298823,-0.0022997358,0.0012873964,-0.00088745647,0.002406151,-0.0036101025,-0.0015153377,0.003843116,-0.0014846053,0.003942532,0.0022252118,0.001024689,0.00036403292,-0.00059287203,-0.0025621303,-0.0019721983,-0.0012737098,0.0030284703,0.0035559954,-0.00024340757,-1.1503508e-05,-7.016124e-08,-0.0054694167,0.00014641545,-0.00026218267,0.0004525767,-0.00037975606,-9.590348e-05,0.0057542813,-0.00012655054,0.0063859764,0.0013497886,0.040276118,0.0002571346,-0.00084286474,-1.9678089e-06,-1.0304995e-05,-0.0011589024,0.0027700497,0.008476874
-0.0034514517,-0.0021911946,0.00038797082,-0.0019037462,0.0027240864,-0.0012942883,-3.8606813e-06,-0.0033427938,-0.0036147996,0.004894412,-0.000247437,0.0043571196,0.0020910138,0.0028069715,0.00015903078,-0.0012822485,-0.0030897907,-0.001935493,-0.0007208574,-0.00022334355,0.0034133452,-0.0002514521,-1.7897839e-05,5.4117596e-08,-0.0045276424,0.00030981004,-0.00038237366,-7.2616155e-07,-0.00035163717,-0.0002287753,0.007328382,-2.1091997e-05,0.007057511,0.0012683857,0.110329986,0.00011233137,-0.0018229265,-2.373071e-06,-1.01132055e-05,-0.000655882,-0.00020428556,0.008136821
-0.0041103703,-0.004019497,0.002137384,-0.0044295653,0.0034109242,0.0010345003,-0.003024039,-0.0047373343,0.00037300168,0.0021799563,-0.005632193,0.010445405,0.0023906631,0.00058924756,0.0029893932,-0.0038938436,-0.003186323,-0.0022728802,-0.00010483526,0.0073996023,0.008952718,-0.00029945697,-3.283155e-05,2.9814117e-07,-0.010534748,0.00038792402,0.00030562407,-0.00056879624,-0.0004983325,2.3606723e-05,0.003264039,-0.0004800987,0.016919104,0.0014501496,0.02316079,0.0021115574,-0.0055357367,-2.4472113e-06,-1.1876098e-05,-9.5385796e-05,0.0067681917,0.021341722
-0.0031859018,-0.0028053795,0.001526031,-0.0016964932,0.0026115035,-0.00043430913,-0.00025975885,-0.0029423484,-0.0019385194,0.0014309841,-0.002785199,0.006036215,0.00024600717,-0.00023755734,-0.000207323,-0.001988174,-0.00350674,-0.0012194603,-0.00013651245,0.002463942,0.004747847,-0.00023210573,-2.2914548e-05,2.1286428e-07,-0.0040347367,0.000297006,-0.00012830863,-4.8858445e-05,-0.00030951327,-0.00012268602,0.0021426063,-0.00023741562,0.009777252,0.0001492252,-0.009337358,-0.00014644257,-0.0028265151,-2.6933033e-06,-6.3718408e-06,-0.00012420773,0.0022536928,0.011318041
-0.0060354955,-0.0062669683,0.0019370683,-0.006756883,-0.0012870198,-0.0012368457,-0.0023370513,-0.01087488,-0.002638544,0.0041872575,-0.0068977997,0.00930648,0.0045534885,0.0042364,0.0030524903,-0.0028228173,-0.0067056892,-0.0017229245,-0.0040168706,0.00428062,0.0072066025,-0.00043971007,-5.118906e-05,2.701994e-07,-0.016069764,-0.00014637261,-0.0003654033,-0.00043957963,-0.0011439568,-0.00016698954,0.0062695625,-0.0005879814,0.015074314,0.0027620953,0.16651468,0.002156126,-0.0040130974,-5.150212e-06,-9.002508e-06,-0.003654805,0.0039153527,0.017179286
-0.003144666,-0.0015219355,-0.00062824064,-0.00096879987,0.0014941936,-0.0018752456,0.00046208015,-0.0019195632,-0.0031605791,0.002112639,-2.6632857e-05,0.0012069675,0.0009857237,-8.5697335e-05,0.00014516263,-0.0006665754,-0.0027094726,-0.0023237234,-0.0005052841,0.0005246344,0.0010238993,-0.00022910154,-1.2431282e-05,-8.763255e-08,-0.0023040778,0.00016993446,-0.0005540068,8.691337e-05,-0.00020192383,-0.00020002837,0.003163245,-2.270235e-06,0.001955004,0.000597929,-0.0033683938,0.0001025356,-0.00094764616,-2.080973e-06,-1.2141761e-05,-0.0004597397,0.00047986713,0.0024407979
-0.0038703927,-0.0020148135,-0.00058617734,-0.0037471135,0.0010957487,-0.0010968401,0.0009650248,-0.005750078,-0.0035451315,0.003952181,-0.0023543248,0.005247556,0.0048464634,0.0028844057,0.0010645883,-0.0006694684,-0.0039880574,-0.0016945218,-0.0024775951,0.0018387311,0.0029867748,-0.00028197363,-1.6457147e-05,-8.1765194e-08,-0.008911687,0.00012461937,-0.00032404123,0.00018151302,-0.0006048656,-0.00022436611,0.0059175836,-0.00020068708,0.00849981,0.0029398105,0.113373585,0.0007519718,-0.00095175905,-3.0629724e-06,-8.854099e-06,-0.002254274,0.0016818315,0.0071199513
-0.0022710813,-0.0012088572,-0.0007971203,-0.0020194,0.00089504896,-0.00093507796,0.0007064597,-0.0017090116,-0.001496745,0.001966723,0.00030564953,-0.00018690008,0.0010336626,0.0006057252,-0.00037688954,-0.001661029,-0.0020232555,-0.0010150345,-0.0004624363,-0.0011937583,2.2891152e-05,-0.00016545739,-9.874035e-06,-1.1118937e-07,-0.0048026997,0.00010179381,-0.00027625158,0.0001328791,-0.00017977536,-9.4726776e-05,0.0029447658,2.6054142e-05,-0.00030273426,0.0006270082,0.023808455,-0.00026621588,-0.0023614247,-1.5539334e-06,-5.303689e-06,-0.00042075402,-0.0010918945,5.4568525e-05
-0.005025684,-0.0033101174,-0.0001403676,-0.005373502,0.001754516,-0.0027124179,0.00022811643,-0.007045311,-0.0045051463,0.0074590268,-3.3390534e-05,0.0037990485,0.0040287822,0.0012782057,1.7437706e-05,-0.00080088456,-0.0044726236,-0.0040359157,-0.0022593464,7.76886e-05,0.0039332826,-0.00036614123,-2.7037284e-05,-1.9579712e-08,-0.012779696,0.00019954091,-0.0008013339,4.2906773e-05,-0.00074111455,-0.00028512403,0.011168368,-2.8462719e-06,0.0061535668,0.0024438144,0.05024077,1.231712e-05,-0.0011385886,-3.4351367e-06,-2.1088192e-05,-0.0020556974,7.10594e-05,0.009376261
-0.003372047,-0.002955106,-0.0006248448,-0.0025494895,0.0010832526,-0.0023045032,0.00038026122,-0.0044712536,-0.003845756,0.0036237398,-4.546973e-05,0.0020002516,0.0024225558,-0.00027977,-1.759798e-05,6.067776e-05,-0.003184634,-0.0025579333,-0.00097096787,-0.000623292,0.001014519,-0.00024566715,-2.4137526e-05,-8.7158874e-08,-0.0060634012,0.00012319819,-0.00068082305,7.152392e-05,-0.00047034278,-0.00024339219,0.00542581,-3.8759254e-06,0.003239938,0.0014694954,-0.010996556,-1.2430331e-05,8.626338e-05,-2.445914e-06,-1.33655385e-05,-0.00088344846,-0.00057010626,0.0024184368
-0.004788184,-0.0009785411,0.00075138686,-0.0038796728,0.00066198263,-0.00078414846,0.001983425,-0.0042242417,-0.0026006887,0.00449862,-0.0008819723,0.0020519411,0.0009517742,0.0021148077,-0.0010385537,-0.0031762533,-0.003953702,-0.00085248676,-0.0019824563,0.0014182422,0.002938853,-0.00034883842,-7.992796e-06,1.0481008e-07,-0.00922695,7.528721e-05,-0.00023166223,0.0003730655,-0.00044435894,-0.00016459373,0.0067357644,-7.518098e-05,0.003323663,0.0005773356,0.083124,-0.00073358224,-0.0045155645,-3.0365861e-06,-4.454356e-06,-0.0018037651,0.001297223,0.0070057143
-0.0036241657,-0.0031159315,-0.0006040531,-0.0036076987,0.0010169111,-0.0006943853,-0.0007215425,-0.0045677763,-0.0040342333,0.0049160426,-0.0010645229,0.003230606,0.0031554394,0.0024104095,0.0015160695,-0.0002708424,-0.003859464,-0.001708127,-0.0008299663,-0.00055322837,0.0021976368,-0.000264035,-2.545116e-05,-8.425866e-08,-0.008580119,0.00011565319,-0.00020514335,-0.00013571605,-0.00048049627,-0.00025532066,0.0073607694,-9.074194e-05,0.0052328235,0.0019140543,0.094742835,0.0010708754,-0.00038504685,-2.964208e-06,-8.925188e-06,-0.0007551562,-0.0005060212,0.0052387835
-0.0025328442,-0.0012822349,-0.00043987297,-0.0008988284,0.0026413947,-0.0014937625,0.0012343852,-0.0034202505,-0.0035120547,0.0020522557,-0.00067892735,0.0032852108,0.0029215547,0.0015423897,-0.0014050112,-5.9849e-05,-0.003151488,-0.001259933,-0.00078852184,-0.0003902199,0.00189913,-0.00018452786,-1.047339e-05,-6.135737e-08,-0.002137666,0.00030040552,-0.0004413046,0.00023217742,-0.00035978502,-0.00022227273,0.0030728336,-5.7873047e-05,0.0053212703,0.0017721825,0.06062471,-0.0009924294,-8.5085165e-05,-2.420457e-06,-6.583316e-06,-0.00071744743,-0.0003569223,0.0045271954
-0.0042774808,-0.00040290214,0.0005973595,-0.0031889384,0.0017200806,0.0005067648,-0.0014118426,-0.0031395587,-0.0032456568,0.0031855586,-0.0001745263,0.003938964,0.0018102224,0.0037364832,-0.0008490618,-0.0032420356,-0.0048456844,-9.161944e-05,0.00066168245,-0.0026497373,0.0030766423,-0.00031163165,-3.2909345e-06,8.332498e-08,-0.00758419,0.00019562457,0.00014971432,-0.0002655557,-0.00033025834,-0.00020541281,0.004769723,-1.487695e-05,0.006380197,0.0010980607,0.14686508,-0.0005997347,-0.004609085,-3.721661e-06,-4.787236e-07,0.00060204085,-0.0024236343,0.0073341797
-0.0088324025,-0.006940634,0.0031572648,-0.009626439,0.003988358,-0.008015696,-0.0050784703,-0.012231487,-0.00714539,0.01090658,-0.0028931198,0.014129561,0.0061047366,0.0048906957,0.003577633,-0.00049718603,-0.0087605035,-0.008022822,-0.0015414283,0.004382381,0.0074934224,-0.00064347597,-5.6691613e-05,4.4040317e-07,-0.022894371,0.0004535955,-0.0023680897,-0.0009552174,-0.0012866618,-0.00045222114,0.016330374,-0.00024661497,0.022886572,0.003703065,0.19223222,0.0025270607,-0.0007068314,-6.7283836e-06,-4.1920302e-05,-0.0014024897,0.004008431,0.017863015
-0.0045594675,-0.0026566018,-0.00032029787,-0.0058164224,-0.00123331,4.606991e-05,-0.0038267968,-0.008513675,-0.0013085767,0.0046513067,-0.006988843,0.008114098,0.0061355936,0.0063887825,0.0041112946,-0.0009502187,-0.005232092,-0.0014729607,-0.0031212396,0.005981695,0.0072021694,-0.0003321755,-2.1699321e-05,-4.4677975e-08,-0.013833084,-0.0001402642,1.3610506e-05,-0.00071978814,-0.00089557556,-8.2817874e-05,0.0069643813,-0.00059574214,0.013142933,0.0037217827,0.2511156,0.0029040123,-0.0013508915,-4.018436e-06,-7.696413e-06,-0.0028399026,0.0054712747,0.01716872
-0.0040281536,-0.0029454434,0.00013815088,-0.0018800951,0.0027231742,-0.0016133364,-0.00031593454,-0.00407909,-0.0033673425,0.0047174664,-0.0009862826,0.0044670547,0.0021381848,0.0014557035,-0.00044716505,-0.0019262813,-0.003520106,-0.0027805758,-0.0010289563,0.0012335794,0.003940129,-0.00029346716,-2.40586e-05,1.9270505e-08,-0.004471394,0.0003097063,-0.00047663052,-5.942462e-05,-0.00042909005,-0.00021311412,0.007063442,-8.4072584e-05,0.00723558,0.001296999,0.05721745,-0.00031585497,-0.0027385245,-2.7035687e-06,-1.4528875e-05,-0.00093621,0.0011283176,0.009392583
-0.0046676397,-0.0032283016,-0.0005852314,-0.0052588773,0.00090491446,-0.0019236458,-0.0015853837,-0.0064606974,-0.0034477066,0.007040512,-0.0024071657,0.002048417,0.0039206618,-0.00089323835,-8.3042396e-05,-0.00037983147,-0.0041883937,-0.0031479318,-0.002561842,0.0013136549,0.0033081234,-0.0003400563,-2.6369007e-05,-8.1633246e-08,-0.012507086,0.000102915816,-0.0005683057,-0.0002981973,-0.0006796175,-0.00021820024,0.010541728,-0.00020519133,0.0033179547,0.0023782298,-0.03510936,-5.8656984e-05,-0.0005399927,-3.216838e-06,-1.6448357e-05,-0.0023309272,0.0012015603,0.007885991
-0.0020503283,-0.0006383441,-0.0010378159,-0.002412701,0.0007739663,-0.0007034096,0.0017979391,-0.0029649222,-0.0025563664,0.0034587646,-0.0017679102,0.0017528855,0.0024603726,0.0010353848,0.00037181657,7.0103095e-05,-0.0020364143,-0.0007339211,-0.0010794504,0.00068862084,0.0010683078,-0.00014937464,-5.2140417e-06,-1.4476373e-07,-0.00573808,8.80231e-05,-0.00020780941,0.00033817717,-0.00031188788,-0.00016178864,0.0051787933,-0.0001507,0.002839263,0.0014924345,0.040696528,0.0002626326,9.966304e-05,-1.56404e-06,-3.8348344e-06,-0.0009821528,0.00062986056,0.00254666
-0.0041630506,-0.0032013997,0.00067221397,-0.001900777,0.003177291,-0.00041248213,0.00039287904,-0.0038324902,-0.003458101,0.008010812,-0.0015856575,0.00519156,0.0019766814,0.0037926303,0.0018588661,-0.0006702176,-0.0035441173,-0.0023806402,-0.002448739,0.0036042542,0.00510446,-0.00030329495,-2.614927e-05,9.376634e-08,-0.0045205806,0.00036135293,-0.00012186025,7.389723e-05,-0.0004031496,-0.0002188581,0.011994555,-0.00013516443,0.008409108,0.0011990329,0.14907199,0.0013130098,-0.0009528242,-2.7220103e-06,-1.2439159e-05,-0.0022280188,0.003296702,0.012168144
-0.0039826278,-0.0014291873,-0.00076381286,-0.0033618817,0.00082384696,-0.0012335486,0.0009207445,-0.004405247,-0.0033826963,0.0048006694,-0.0012726819,0.0023865623,0.002844222,0.00038815552,-0.00055952754,-0.00075564557,-0.0035464347,-0.0019732628,-0.0015629753,0.0008123823,0.001272019,-0.0002901504,-1.1673707e-05,-1.0654336e-07,-0.007995497,9.369602e-05,-0.00036442923,0.00017318426,-0.00046339937,-0.00021408584,0.0071880217,-0.0001084858,0.0038656706,0.0017252732,0.015256724,-0.0003952222,-0.001074274,-2.7237902e-06,-1.0310558e-05,-0.0014220946,0.0007430614,0.003032272
-0.0025204555,-0.002002866,-0.0005128655,-0.0026828619,0.0005899833,-0.00011705526,0.0022155067,-0.0038879982,-0.0030460348,0.0034672278,-0.0017980293,0.0034514419,0.0030321926,0.0015316951,0.0010835537,-0.00030157086,-0.0026645402,-0.0006857697,-0.0015719249,0.00074493745,0.0020746167,-0.00018362529,-1.6359558e-05,-7.1539006e-08,-0.006380598,6.7098736e-05,-3.458182e-05,0.0004167181,-0.00040898862,-0.00019277903,0.0051914654,-0.0001532674,0.0055905255,0.0018392942,0.06020435,0.00076536793,-0.0004287324,-2.0464634e-06,-3.583237e-06,-0.0014302374,0.00068137166,0.0049455254
-0.0025935336,-0.0013928757,-0.0006748901,-0.00037375197,0.0022465196,-0.0007947994,0.0010702664,-0.0019399843,-0.0042152433,0.0009280947,-5.3746335e-05,0.0016004196,0.0021676628,0.0005377105,-0.0017803437,-0.0008525399,-0.0036783214,-0.0008819845,-0.0004698469,-0.0014507798,0.00054032885,-0.00018894933,-1.1377112e-05,-9.413964e-08,-0.00088888704,0.00025549642,-0.00023480886,0.00020130807,-0.00020407198,-0.0002667765,0.0013896322,-4.5814386e-06,0.002592304,0.0013148801,0.021135088,-0.0012575455,-0.0012120252,-2.825084e-06,-4.608485e-06,-0.00042749668,-0.0013269843,0.00128805
-0.0035293081,-0.004762043,0.0018170632,-0.0029496066,0.0031874198,-0.0012399656,-0.0031399762,-0.004516406,-0.0025534772,0.008069738,-0.0040447563,0.0068556247,0.0027595093,0.004274374,0.0021724803,-0.000685059,-0.0030697084,-0.0031100279,-0.0028559717,0.0055413893,0.0069021233,-0.00025712425,-3.889672e-05,2.5346003e-07,-0.007014992,0.00036250488,-0.000366325,-0.000590603,-0.00047509247,-0.00016160579,0.0120827835,-0.00034478263,0.011104503,0.0016738875,0.16800727,0.0015345311,-0.00097392366,-2.3576472e-06,-1.6250306e-05,-0.002598545,0.0050685406,0.016453462
-0.0047977897,-0.0030972022,0.00025917852,-0.002415615,0.0031653862,-0.0042283013,-4.482537e-05,-0.0063283015,-0.007135151,0.0062034675,0.0010149508,0.0038053605,0.0036247384,0.0007998238,-0.00173086,0.0003924789,-0.0048994776,-0.003949535,-0.0018085331,-0.00081587076,0.0020011296,-0.00034953823,-2.5298177e-05,3.6152507e-08,-0.00574501,0.000359999,-0.0012491738,-8.431273e-06,-0.00066569046,-0.00045157314,0.009288425,8.651632e-05,0.006163791,0.002198726,0.031437635,-0.0012225927,0.00055797305,-3.7629761e-06,-2.063684e-05,-0.0016455187,-0.0007462522,0.0047703446
-0.0037946897,-0.00071934995,-0.000639565,-0.0025990158,0.0017796629,-0.0020008753,0.0015597818,-0.0033501089,-0.004005706,0.003264816,0.0016306415,0.0011994533,0.0011717814,0.0023225523,-0.00085954013,-0.00012455048,-0.0036909147,-0.0015431321,-0.00092957483,-0.0013899137,0.00030002068,-0.00027645836,-5.8757037e-06,-8.921217e-08,-0.006181189,0.00020240086,-0.0005911218,0.0002933818,-0.00035240664,-0.0002535152,0.004888395,0.00013899895,0.0019428327,0.0007107895,0.09128954,-0.00060713605,-0.00017706893,-2.834756e-06,-8.063069e-06,-0.0008457864,-0.0012713119,0.00071519706
-0.003806773,-0.0015346087,-0.0006189551,-0.005689005,0.00042692444,-0.0009558511,0.0013528808,-0.006906841,-0.0017727804,0.0055917646,-0.0030526558,0.0049621495,0.0053883176,0.0042137,0.002341942,-0.0005001393,-0.0034932161,-0.0017210969,-0.0033030193,0.003175793,0.0044869683,-0.0002773387,-1.2534797e-05,-8.633733e-08,-0.0135300495,4.8554066e-05,-0.00028238862,0.00025446547,-0.00072654855,-0.00011219665,0.008372525,-0.00026021412,0.008037518,0.0032684933,0.16562244,0.0016542303,-0.00071103,-2.6829164e-06,-8.992958e-06,-0.0030052976,0.0029048014,0.010696151
-0.0026321227,-0.0026548011,0.0008782132,-0.0026123533,0.0026905471,-0.00024672662,-0.00083046465,-0.0028291782,-0.0020512536,0.0031428104,-0.0017821076,0.0038341263,0.0014452961,0.00076947414,9.465593e-05,-0.0018440448,-0.0020450007,-0.001075628,-0.00058827945,0.0015933947,0.0036406568,-0.0001917607,-2.1684613e-05,1.2250094e-07,-0.006212909,0.0003059956,-7.2890834e-05,-0.00015620339,-0.0002976086,-0.0001298208,0.0047057164,-0.00015191021,0.0062103844,0.0008767005,0.030244721,6.68602e-05,-0.0026216118,-1.5706345e-06,-5.620298e-06,-0.00053525413,0.0014574297,0.008678692
-0.0056772623,-0.0017168899,0.0007154023,-0.0064726644,0.00047621096,0.00045626314,-0.0015320692,-0.0054873475,0.0010761726,0.0051597995,-0.0029711004,0.005067097,0.0029645227,0.0052113417,0.0011549502,-0.006037549,-0.004678487,-0.0021022428,-0.0021882784,0.0039067958,0.0064573986,-0.00041361133,-1.4023684e-05,9.979063e-08,-0.015393811,5.4159416e-05,0.00013479454,-0.00028816928,-0.0005772283,6.8109366e-05,0.0077257454,-0.0002532622,0.008207507,0.0017982464,0.20483544,0.00081579894,-0.008583365,-3.5932471e-06,-1.0984495e-05,-0.0019910352,0.0035734274,0.015393315
-0.0025850388,-0.0017585623,-0.0011266212,-0.0009640051,0.00121526,-0.00021902233,3.578025e-05,-0.002379592,-0.0035873428,0.0029143165,-0.00058656116,0.0016398188,0.002365408,0.001209457,-0.00031978742,-0.00062669726,-0.0030878065,-0.0013109522,-0.00027783227,1.5928163e-05,0.0011691047,-0.00018833045,-1.4364067e-05,-1.5715106e-07,-0.0022926745,0.00013821138,-6.470612e-05,6.729963e-06,-0.00025031547,-0.00022703761,0.0043635936,-4.9999577e-05,0.0026561215,0.0014348301,0.047538556,-0.0002258818,-0.0008909529,-2.3715472e-06,-6.849898e-06,-0.0002527895,1.4569006e-05,0.0027869423
-0.0024305207,-0.0010479091,0.00075448735,-0.00077191467,0.0024805113,-0.0010606941,0.00025562913,-0.0025708214,-0.0020517656,0.0030578757,-0.00034947495,0.0042233216,0.0017462565,0.0032157456,-0.0008825169,-0.0020478046,-0.0026781866,-0.0011568159,-0.00029637868,-0.00073953887,0.0025931727,-0.00017707319,-8.559399e-06,1.05242556e-07,-0.0018358296,0.00028210826,-0.00031336254,4.808168e-05,-0.0002704314,-0.0001298532,0.004578544,-2.9789902e-05,0.0068407897,0.0010592596,0.12639713,-0.0006233657,-0.00291129,-2.0569444e-06,-6.0445154e-06,-0.00026966422,-0.00067643373,0.0061816727
-0.0029073637,-0.0021948235,0.00080816005,-0.0017059518,0.0020317778,-0.00016697828,-0.0004124015,-0.0036164576,-0.0043689804,0.0039490536,-0.002087579,0.0040294267,0.0025385942,-6.6875946e-06,-0.00025814684,-0.0017691322,-0.0029941075,-0.00051706226,-0.0011648807,0.00020594886,0.0033320952,-0.00021181311,-1.7927481e-05,1.127293e-07,-0.004057232,0.00023107385,-4.9330658e-05,-7.756924e-05,-0.00038042455,-0.0002765063,0.005912901,-0.00017794917,0.0065267254,0.0015398829,-0.0002628606,-0.00018234199,-0.0025151114,-2.299583e-06,-2.7017184e-06,-0.0010598827,0.00018837517,0.007943135
-0.0053828014,-0.0047762226,0.0023865649,-0.0011675106,0.0066402806,-0.002829512,-0.002232661,-0.005266884,-0.009104454,0.01047337,3.7597376e-05,0.008246528,0.0032993858,0.006260302,0.0008414998,-0.001089473,-0.00552947,-0.0036803088,-0.0019775124,-0.00032704917,0.005057387,-0.0003921587,-3.9012542e-05,3.3289913e-07,-0.0027766677,0.00075519836,-0.00083592726,-0.00041994467,-0.00055403716,-0.0005762074,0.01568173,3.204871e-06,0.01335744,0.0020013705,0.24606556,0.00059439323,-0.0015488644,-4.2468328e-06,-1.9230098e-05,-0.0017992668,-0.00029914195,0.012055931
-0.0037636827,-0.00074365904,0.00047728873,-0.0018919294,0.0022852374,-0.0007482623,0.0018003013,-0.0027701512,-0.0012311902,0.0023610312,-0.0029426992,0.001978783,-0.00046762323,-0.0013605695,-0.0003012463,-0.0008887483,-0.0029527561,-0.0012764703,-0.0013577532,0.0031272355,0.003736794,-0.00027419938,-6.0742623e-06,6.657645e-08,-0.004499539,0.0002598998,-0.00022106031,0.00033862147,-0.0002913994,-7.79202e-05,0.003535162,-0.00025084123,0.0032051639,-0.00028365504,-0.053478137,-0.00021278528,-0.0012635014,-2.2678237e-06,-6.6697253e-06,-0.0012353704,0.0028603873,0.008907867
-0.002850172,-0.0020506124,-0.0011565625,-0.0037650182,-0.0004331735,-0.00072633335,-0.00041799003,-0.004516377,-0.0013147091,0.0020488498,-0.0015770781,0.0026380094,0.0033021271,0.0027393126,0.0018697656,-0.0011545854,-0.0027872776,-0.00056457095,-0.0014850267,-0.00020800377,0.0011517947,-0.00020764647,-1.6749555e-05,-1.6132755e-07,-0.00895427,-4.926477e-05,-0.00021458181,-7.86204e-05,-0.00047508944,-8.320599e-05,0.003067734,-0.00013443311,0.004272956,0.0020030334,0.107670605,0.0013207087,-0.0016414323,-2.14073e-06,-2.9499574e-06,-0.001351172,-0.00019025472,0.0027456782
-0.004336725,-0.003088363,-2.473069e-06,-0.0023427797,0.0035412896,-0.00271695,-0.0013417322,-0.004690571,-0.006178464,0.005918267,0.00023953972,0.004473485,0.0033726636,0.0026066634,-0.00013529864,-0.0010435726,-0.0041647004,-0.0034575895,-0.0012803908,-0.00110572,0.002377314,-0.0003159478,-2.5225978e-05,-3.449655e-10,-0.0055717872,0.00040275045,-0.0008026728,-0.0002523685,-0.00049341336,-0.00039102582,0.0088613955,2.0418816e-05,0.0072459956,0.00204582,0.10245673,-9.5568175e-05,-0.0014836094,-3.1986406e-06,-1.8066361e-05,-0.0011649812,-0.0010113685,0.005667103
-0.0032961047,-0.002275601,-4.147447e-05,-0.0023409599,0.0026467973,-0.0006579341,-0.0002125557,-0.0037571252,-0.0031612092,0.0032796878,-0.0024171127,0.004234678,0.003470178,0.0025298302,0.0013785253,-0.0013430279,-0.0039092824,-0.0014775202,-0.0012290948,0.0018289394,0.0031034593,-0.00024013445,-1.8587278e-05,-5.7852256e-09,-0.0055674594,0.00030101996,-0.00019437452,-3.9979932e-05,-0.00039522175,-0.00020006824,0.0049106623,-0.00020603924,0.0068591847,0.0021049713,0.09943675,0.00097372115,-0.0019093343,-3.0024703e-06,-7.720238e-06,-0.0011183087,0.0016728754,0.0073981066
-0.004327776,-0.0023781867,0.0021215216,-0.003941741,0.003090979,-0.0017766503,8.414814e-05,-0.00552757,-0.00170762,0.0053642793,-0.0011328034,0.008009151,0.0031797886,0.0043290593,0.00017394545,-0.0039326902,-0.003642604,-0.002006261,-0.00068346586,-1.8336941e-05,0.006546839,-0.00031529585,-1.9425204e-05,2.9592857e-07,-0.009374565,0.0003515367,-0.0005248786,1.5827554e-05,-0.00058145943,-0.00010807274,0.008031912,-9.65623e-05,0.012972944,0.0019288242,0.17015672,0.00012286635,-0.0055909636,-2.7976516e-06,-1.0482978e-05,-0.0006218608,-1.6772243e-05,0.015606525
-0.002940489,-0.0015501485,-0.0009004153,-0.0028278148,0.0007679311,-0.0014294675,0.0007589245,-0.0034676404,-0.0018103201,0.003155217,-0.0015536186,0.001645979,0.0018805421,0.00012557802,0.00016260361,-0.00011762086,-0.0025298416,-0.0018151115,-0.00069896673,0.001113505,0.0017315352,-0.00021422643,-1.2661728e-05,-1.2559788e-07,-0.006725337,8.733672e-05,-0.00042230985,0.00014274729,-0.0003647701,-0.000114572475,0.004724293,-0.00013243337,0.0026660997,0.0011407159,0.0049359323,0.00011485504,-0.00016721732,-1.94301e-06,-9.484196e-06,-0.0006359645,0.0010184892,0.0041276785
-0.002618856,-0.0028171092,-0.00042811074,-0.00042314263,0.0016628897,-0.0008553684,0.0011280904,-0.0029620195,-0.004602995,0.0031163867,8.602219e-05,0.0030082646,0.0020072083,0.0014428162,-0.00022582553,-0.00015643763,-0.0033150157,-0.0012558954,-0.00040692498,-0.0018236332,0.00085397554,-0.00019079418,-2.3010358e-05,-5.971667e-08,-0.0010063519,0.00018912026,-0.00025270286,0.00021218428,-0.00031158252,-0.0002913167,0.0046661524,7.3326937e-06,0.0048726825,0.0012175501,0.056710903,-0.00015951182,-0.00022240172,-2.546052e-06,-6.5622185e-06,-0.0003702463,-0.0016680219,0.0020357291
-0.0040851235,-0.002999169,8.1262784e-05,-0.0012326329,0.0035070693,-0.002697932,0.0011795904,-0.00490368,-0.0071237357,0.006578475,0.0013630791,0.0038791525,0.0026191322,0.00019509549,-0.0022931267,0.00077715074,-0.0042456384,-0.0035846126,-0.0010683641,-0.001401616,0.0015625989,-0.00029761763,-2.4497434e-05,1.1335251e-08,-0.002931547,0.0003988586,-0.0007970544,0.00022187099,-0.0005158309,-0.00045085067,0.009849922,0.000116191426,0.0062833163,0.0015887363,0.0076683653,-0.0016197497,0.0011048472,-3.2608039e-06,-1.8730074e-05,-0.0009720658,-0.0012820156,0.0037249639
-0.0026165731,-0.0034358455,0.0008388952,-0.0015177252,0.0023907362,-0.00056182453,-0.0019495164,-0.0028155055,-0.002256073,0.0055737672,-0.0024606185,0.0032570588,0.0016437043,0.002287554,0.0009894897,-0.00045331853,-0.0023511196,-0.0017369912,-0.00205336,0.0030760756,0.004255645,-0.00019062785,-2.8064242e-05,1.1701651e-07,-0.0036095763,0.00027189817,-0.00016598072,-0.00036668757,-0.00029617033,-0.00014278352,0.008345578,-0.00020974776,0.005275671,0.0009970526,0.08991392,0.0006989259,-0.00064446655,-1.805745e-06,-9.076008e-06,-0.0018682778,0.0028135928,0.010144717
-0.0025311483,-0.0013496603,-4.792778e-05,-0.00058073533,0.0022741933,-0.000276467,0.0013535493,-0.0020111538,-0.004996093,0.004887603,0.0003239134,0.00409864,0.0017383231,0.002319639,-0.0006342063,-0.00038645795,-0.0028152654,-0.0009537837,-0.00040965487,-0.0015199247,0.0013447762,-0.0001844043,-1.1024125e-05,-6.68539e-09,-0.0013811515,0.00025864373,-8.1677084e-05,0.0002545912,-0.0002115585,-0.0003161953,0.007318187,2.761099e-05,0.0066388343,0.0010544474,0.09117504,-0.0004479715,-0.0005494133,-2.1622257e-06,-4.9836453e-06,-0.0003727301,-0.001390229,0.0032057127
-0.0036339858,-0.0033414369,0.001837523,-0.00507062,0.0009630613,-0.000480549,0.0023365053,-0.0057846326,-0.0015190104,0.004958326,-0.0037432415,0.002792051,0.0028197272,-0.0026010857,-0.0008478532,-0.0031819714,-0.0038530822,-0.0007884693,-0.0020636027,0.0026151326,0.005717605,-0.00026475044,-2.7293105e-05,2.5631394e-07,-0.012059357,0.000109528846,-0.00014196936,0.00043947692,-0.0006085005,-9.613592e-05,0.0074240803,-0.00031908095,0.0045224675,0.001710415,-0.1022375,-0.000598881,-0.0045236936,-2.9593066e-06,-4.119856e-06,-0.0018775973,0.0023919824,0.0136297755
-0.00443595,-0.0015573942,0.0007679624,-0.002483122,0.0018750076,-0.0011156859,0.0011124404,-0.0038478842,-0.0017602989,0.0022910105,-0.0019102839,0.0026200989,0.00034674094,-0.00020256639,-0.00050897105,-0.0025657536,-0.0035889852,-0.0013707181,-0.0017597505,0.0026305118,0.003924899,-0.00032317676,-1.2720911e-05,1.0712218e-07,-0.0059055607,0.0002132444,-0.00032960885,0.00020924064,-0.00040476894,-0.000111406705,0.00343032,-0.0001628362,0.0042439452,0.00021032918,-0.007962014,-0.0003595116,-0.0036476392,-2.7564706e-06,-7.1621826e-06,-0.0016011333,0.0024060493,0.009356276
-0.0021489651,-0.0011602717,-0.00074817723,-0.0009472775,0.0010234317,-0.00057093846,0.00091471046,-0.0014050938,-0.0025638817,0.00097105216,-0.00083639653,0.0018360184,0.0010010082,0.0014166016,0.00064214144,-0.0007472356,-0.0020656178,-0.00036848214,3.3658056e-05,-0.00031816337,0.0008395603,-0.00015656074,-9.477185e-06,-1.0436237e-07,-0.0022528917,0.00011639477,-0.00016867326,0.00017204932,-0.00014780546,-0.00016226427,0.0014539522,-7.129602e-05,0.0029739188,0.0006072004,0.055680517,0.0004535765,-0.0010623179,-1.5864692e-06,-1.9253678e-06,3.0624244e-05,-0.00029101435,0.0020013656
-0.003940669,-0.0011423083,0.0009218026,-0.0020446945,0.0018875169,-0.00035438006,0.0020466896,-0.0036180534,-5.7611265e-05,0.0031474172,-0.0045939237,0.004319343,0.00084099476,-0.0012350132,0.0007827389,-0.0016021479,-0.0024818173,-0.0013140135,-0.001971166,0.0062014326,0.006125597,-0.00028709354,-9.33046e-06,1.2858116e-07,-0.004862857,0.00021466709,-0.000104695064,0.00038496504,-0.00038059242,-3.6461315e-06,0.004712614,-0.00039159472,0.0069963215,0.00051013805,-0.048543062,0.0005528875,-0.0022777158,-1.9061255e-06,-6.8658937e-06,-0.0017934926,0.005672262,0.014602357
-0.003949178,-0.0045233825,0.002465338,-0.0011448334,0.004413229,-0.002185954,-0.0019513452,-0.003001903,-0.0041303714,0.0057478813,-0.0017588069,0.0072207195,0.0021888362,0.0033707318,0.00077728904,-0.0012224149,-0.0042495113,-0.0028703902,-0.0014090433,0.0031857032,0.0057321824,-0.00028771345,-3.6947324e-05,3.438871e-07,-0.002722735,0.00050191605,-0.00064579985,-0.00036703155,-0.00031577796,-0.00026140508,0.008606277,-0.000149924,0.01169587,0.0013277236,0.13248898,0.000549038,-0.0017378631,-3.2637786e-06,-1.4998167e-05,-0.0012820375,0.002913866,0.013664525
-0.0048255054,-0.0013925798,-0.000121684105,-0.0029837042,0.00084452494,-0.00107291,0.0016215513,-0.0041604554,-0.0023603812,0.005946346,-0.0021269526,0.0033982475,0.0026587136,0.0020198682,-0.00021516997,-0.0027492421,-0.0037862016,-0.0020673997,-0.0026434907,0.002894928,0.004093491,-0.00035155742,-1.1374695e-05,-1.6973573e-08,-0.0070960857,9.604773e-05,-0.0003169715,0.0003050001,-0.0004376491,-0.00014938503,0.008903438,-0.00018130544,0.005504363,0.001612746,0.07939234,-0.00015198528,-0.003908498,-2.90794e-06,-1.0802436e-05,-0.0024052162,0.0026479026,0.009758171
-0.004832442,-0.0055602137,0.0019384478,-0.0045879306,0.0032425052,-0.004307238,-0.002512384,-0.007838533,-0.0017399939,0.005403605,-0.0010907028,0.008304487,0.0026292151,0.00516413,0.0017581321,-0.0001530152,-0.0051837927,-0.004327173,-0.00087883044,0.0024844916,0.005263237,-0.00035206278,-4.5416236e-05,2.703918e-07,-0.010911386,0.00036876975,-0.0012724941,-0.0004725582,-0.00082455564,-0.00011012163,0.008090794,-9.297356e-05,0.013451319,0.0015948525,0.20297976,0.0012418564,-0.00021753617,-3.9813403e-06,-2.2610047e-05,-0.000799616,0.002272489,0.012546641
-0.0041671433,-0.0027035768,0.00018344622,-0.001352265,0.003223828,-0.0026666883,-0.00023957418,-0.0039782124,-0.0050177667,0.005245492,0.0004622963,0.004105337,0.002047725,0.0024766177,-0.0009896711,-0.0010735911,-0.00406307,-0.0032643173,-0.0008951051,9.855229e-05,0.0024972036,-0.00030359311,-2.2083015e-05,2.55887e-08,-0.0032160655,0.0003666456,-0.000787824,-4.506188e-05,-0.00041847848,-0.00031756703,0.007854052,3.940701e-05,0.0066496823,0.0012421272,0.097345196,-0.00069905404,-0.0015262857,-3.1205848e-06,-1.7056487e-05,-0.0008144237,9.014279e-05,0.005952899
-0.00317984,-0.0010259626,0.0014928214,-0.0025121542,0.0017625517,0.00079793733,0.00040279084,-0.0018811414,-0.0025425293,0.0026222852,-0.0019475643,0.0029059502,0.000511114,5.197013e-06,-0.00021391863,-0.0035953629,-0.0029121751,0.00039836206,-0.00026397954,-0.00042314682,0.0034642704,-0.0002316641,-8.380139e-06,2.0823191e-07,-0.005974607,0.0002004548,0.00023573589,7.5761556e-05,-0.00019788215,-0.00016091291,0.0039263363,-0.00016601406,0.0047069574,0.00031003606,0.00020427223,-0.00015110138,-0.0051113977,-2.236656e-06,2.0814941e-06,-0.00024018541,-0.00038703953,0.008258218
-0.003858211,-0.0026116592,-0.00013329147,-0.0014692451,0.0019426423,-0.0025109362,-0.00016644923,-0.0042858715,-0.004545915,0.003915775,-0.0003724123,0.0044335383,0.002569348,0.0018440203,-0.00018448674,-7.750298e-05,-0.0038922527,-0.0027411436,-0.00041752477,-0.00013036455,0.0021029725,-0.00028108616,-2.1332226e-05,-1.859267e-08,-0.003494277,0.00022093648,-0.0007418099,-3.1307696e-05,-0.00045084197,-0.00028770423,0.0058630733,-3.1745127e-05,0.0071812915,0.0015585378,0.072480515,-0.00013031218,-0.00011018318,-2.9893909e-06,-1.4322836e-05,-0.00037989067,-0.000119240496,0.0050131204
-0.0020990889,-0.00058948784,-0.0006105756,-0.0019825883,0.0012080601,-0.00043036544,0.0014775135,-0.0019832533,-0.0015502782,0.0022007616,-0.0009811402,0.00093414483,0.0016359428,0.0012401926,-0.000245573,-0.0014635328,-0.0024799947,-0.0006604137,-0.00030350732,-0.00012871056,0.0011046664,-0.00015292705,-4.8149805e-06,-8.516848e-08,-0.004715151,0.00013739253,-0.00012714355,0.0002779078,-0.00020862356,-9.8114804e-05,0.0032951909,-8.363424e-05,0.0015130953,0.0009923447,0.048746638,-0.00017346044,-0.0020806517,-1.9047257e-06,-3.4507486e-06,-0.0002761503,-0.000117727635,0.0026333325
-0.005501095,-0.0016140229,0.0008215038,-0.0052423337,0.00013003335,0.000101772894,0.0006330507,-0.005112974,-0.003125933,0.00509656,-0.0024032586,0.0016757378,0.0020872161,-0.00017010182,-0.0014076291,-0.004592683,-0.004417875,-0.0005803636,-0.002661355,0.0013612029,0.0038483054,-0.00040077686,-1.3183459e-05,1.14590605e-07,-0.01246774,1.47886785e-05,3.0066927e-05,0.00011907149,-0.000537847,-0.00019783566,0.007631057,-0.00020485828,0.002714302,0.001266082,-0.0066859713,-0.0009942786,-0.0065292516,-3.3930878e-06,-3.0324763e-06,-0.0024214706,0.0012450509,0.00917369
-0.0036638142,-0.0035805218,0.002950919,-0.0048093,0.0032569277,-0.0015046764,0.0018752352,-0.0055034924,-0.0010561713,0.0048061553,-0.0026586712,0.006941625,0.0007462236,-0.0014206069,-0.00041994295,-0.0015890531,-0.0026723193,-0.0012240731,-0.00052969187,0.0021790783,0.0072412253,-0.00026692357,-2.9245968e-05,4.1162025e-07,-0.011437864,0.00037041,-0.00044452894,0.0003527159,-0.00057892664,-6.684352e-05,0.0071962355,-0.00022663015,0.0112438025,0.00045265091,-0.055837948,-0.00029662665,-0.0022590994,-2.052438e-06,-6.3959433e-06,-0.00048194744,0.0019931367,0.017261822
